video_id,title,description,published_at,position,view_count,like_count,comment_count,comments_disabled,duration_iso,duration_sec,definition,caption,licensed,tags,category_id,audio_language,live_status,year,age_days,is_live,is_short,duration_min,engagement_rate,comment_rate,views_per_day
ULkIofk1YIs,Andrea Bocelli - Romanza 30th Anniversary [Official Trailer],"To celebrate the 30th anniversary of Romanza, a special new edition is coming.

The collection brings together all 16 original tracks, never-before-seen photographs from the recording sessions and a previously unreleased extended version of “Con te partirò.”
 
Order Now: https://andreabocelli.lnk.to/Romanza30th

Follow Andrea Bocelli: 
Instagram: https://www.instagram.com/andreabocelliofficial
Facebook: https://www.facebook.com/andreabocelli/YouTube
YouTube: https://www.youtube.com/channel/UCb4JB8-ZAeceuR7EPCPOPzg
TikTok:  https://www.tiktok.com/@andreabocelliof?lang=en
X: https://x.com/AndreaBocelliWebsite
Website: https://www.andreabocelli.com/

#AndreaBocelli",2026-07-29 13:30:12+00:00,0,29331,1303,62,False,PT30S,30,hd,false,False,Andrea Bocelli|Andrea Bocelli live,10,en-GB,none,2026,41,False,True,0.5,0.04442398827179435,0.0021138045071767073,715.390243902439
oVur8cdIFEI,Andrea Bocelli - Romanza 30th Anniversary [Official Trailer],"Celebrate the most extraordinary classical vocalist of all time and the 30th anniversary of his breathtaking masterpiece, ""Romanza"", with a deluxe 2LP coffee table book, standard 2LP vinyl, and CD version.
 
Order Now: https://andreabocelli.lnk.to/Romanza30th


Follow Andrea Bocelli: 
Instagram: https://www.instagram.com/andreabocelliofficial
Facebook: https://www.facebook.com/andreabocelli/YouTube
YouTube: https://www.youtube.com/channel/UCb4JB8-ZAeceuR7EPCPOPzg
TikTok:  https://www.tiktok.com/@andreabocelliof?lang=en
X: https://x.com/AndreaBocelli
Website: https://www.andreabocelli.com/

#AndreaBocelli",2026-07-29 07:16:15+00:00,1,19358,1560,116,False,PT30S,30,hd,false,False,Andrea Bocelli|Andrea Bocelli live,10,en-GB,none,2026,42,False,True,0.5,0.08058683748321108,0.005992354582084926,460.9047619047619
y6CgWkUNR2U,Fall On Me (Spanish Version / From The Nutcracker And The Four Realms),"Music video by Andrea Bocelli, Matteo Bocelli performing Fall On Me (Spanish Version / From The Nutcracker And The Four Realms).© 2018 Sugar s.r.l., under exclusive license to Decca Records, a division of Universal Music Operations Limited",2026-06-24 23:18:22+00:00,2,60282,2376,156,False,PT4M25S,265,hd,true,True,Andrea Bocelli|Matteo Bocelli|Decca/Sugar|Classical Crossover,10,en,none,2026,76,False,False,4.416666666666667,0.039414750671842344,0.002587837165322982,793.1842105263158
gZY6F6w4CRs,Andrea Bocelli - Nessun Dorma [Live in Ciudad de México],"Andrea Bocelli delivers a breathtaking live performance of “Nessun Dorma” in Ciudad de México, bringing Puccini’s legendary aria to life with power, grace, and unmistakable emotion.

April 18th 2026, Zócalo, Ciudad de México

Follow Andrea Bocelli: 
Instagram: https://www.instagram.com/andreabocelliofficial
Facebook: https://www.facebook.com/andreabocelli/YouTube
YouTube: https://www.youtube.com/channel/UCb4JB8-ZAeceuR7EPCPOPzg
TikTok:  https://www.tiktok.com/@andreabocelliof?lang=en
X: https://x.com/AndreaBocelliWebsite
Website: https://www.andreabocelli.com/

#AndreaBocelli",2026-04-20 08:21:54+00:00,3,155638,6169,382,False,PT2M36S,156,hd,false,False,Andrea Bocelli|Andrea Bocelli live|Nessun Dorma|Ciudad de México|Mexico City|live performance|opera live|Puccini|classical music|tenor|Turandot|opera aria|Bocelli live|Italian opera|classical crossover|live concert,10,en-GB,none,2026,141,False,False,2.6,0.03963684961256248,0.0024544134465875945,1103.8156028368794
Z2gjydO5Xv8,"Fall On Me (From Disney's ""The Nutcracker And The Four Realms"" / French Version / Backstage Video)","Music video by Andrea Bocelli, Matteo Bocelli performing Fall On Me (From Disney's ""The Nutcracker And The Four Realms"" / French Version / Backstage Video).© 2018 Sugar s.r.l., under exclusive licence to Universal Music Operations Ltd",2026-03-24 16:34:20+00:00,4,34441,1046,77,False,PT3M7S,187,hd,false,True,Andrea Bocelli|Matteo Bocelli|Decca/Sugar|Classical Crossover,10,en,none,2026,168,False,False,3.1166666666666667,0.03037077901338521,0.002235707441711913,205.00595238095238
E2L3Pmj1jU8,"Fall On Me (From Disney's ""The Nutcracker And The Four Realms"" / Russian Version / Backstage Video)","Music video by Andrea Bocelli, Matteo Bocelli performing Fall On Me (From Disney's ""The Nutcracker And The Four Realms"" / Russian Version / Backstage Video).© 2018 Sugar s.r.l., under exclusive licence to Universal Music Operations Ltd",2026-03-24 16:29:52+00:00,5,7326,442,47,False,PT2M11S,131,hd,false,True,Andrea Bocelli|Matteo Bocelli|Decca/Sugar|Classical Crossover,10,en,none,2026,168,False,False,2.183333333333333,0.06033306033306033,0.006415506415506415,43.607142857142854
1ni2n8vH4uo,Experience Andrea Bocelli Like Never Before - Full VR Behind the Scenes of 30: The Celebration,"Filmed at the Teatro del Silenzio (Theatre of Silence) in Lajatico over three nights in 2024 and marking his 30th year as an artist, this once-in-a-lifetime event sees classical star Andrea Bocelli appear in his home of Tuscany with a star-studded lineup of special guests to perform songs that have been the pillars of his career. This 2-disc package features two shows – “The Celebration” and “30 Years of Musical Inspiration” and over 4 and a half hours of performances. 
 
With incredible staging including a stunning sundial centrepiece in the middle of a lake, and 500 drones which lift into the sky in three breathtakingly special moments, Bocelli is joined by an 80-piece orchestra, a cast of over 200 musicians and family and friends including Ed Sheeran, Jon Batiste, Shania Twain, Brian May and more. It’s a night that transforms both the landscape and beautiful Tuscan sky into something totally spectacular. The result: a mesmerising and truly unforgettable concert.  
 
Order now: https://mercury-studios.lnk.to/AndreaBocelliTheCelebration

For more information:
Andrea Bocelli 30: The Celebration
https://www.fathomevents.com/andrea-bocelli-30-the-celebration/

Mercury Studios
www.Mercurystudios.co

Andrea Bocelli
https://www.andreabocelli.com

Follow Andrea Bocelli: 
Instagram: https://www.instagram.com/andreabocelliofficial
Facebook: https://www.facebook.com/andreabocelli/YouTube
YouTube: https://www.youtube.com/channel/UCb4JB8-ZAeceuR7EPCPOPzg
TikTok:  https://www.tiktok.com/@andreabocelliof?lang=en
X: https://x.com/AndreaBocelliWebsite
Website: https://www.andreabocelli.com/

#AndreaBocelli

#andreabocelli #andreabocellilive",2026-03-03 17:00:03+00:00,6,128411,1573,119,False,PT10M38S,638,hd,false,False,Andrea Bocelli|Andrea Bocelli live|andrea bocelli concert film|Karol G|vivo por ella|vivo por ella karol g,10,en-GB,none,2026,189,False,False,10.633333333333333,0.012249729384554283,0.0009267118860533755,679.4232804232804
FJXQDpzEdsU,"SEASON OF CHAMPIONS playlist, listen now on Spotify: andreabocelli.lnk.to/seasonofchampions",,2026-02-05 11:43:43+00:00,7,36471,1097,68,False,PT30S,30,hd,false,False,,10,en-GB,none,2026,215,False,True,0.5,0.03007869265992158,0.0018644950782813743,169.6325581395349
3atXLJAfOss,Andrea Bocelli’s Magical Christmas,"Experience the warmth, wonder, and elegance of the holiday season with A Festive Christmas with Andrea Bocelli. In this special celebration, Andrea’s timeless voice brings new life to beloved Christmas classics—filled with emotion, beauty, and the spirit of togetherness.

Video Produced by @MercuryStudios 

Follow Andrea Bocelli: 
Instagram: https://www.instagram.com/andreabocelliofficial
Facebook: https://www.facebook.com/andreabocelli/YouTube
YouTube: https://www.youtube.com/channel/UCb4JB8-ZAeceuR7EPCPOPzg
TikTok:  https://www.tiktok.com/@andreabocelliof?lang=en
X: https://x.com/AndreaBocelliWebsite
Website: https://www.andreabocelli.com/

#AndreaBocelli

#AndreaBocelli",2025-12-04 16:00:04+00:00,8,1223990,24718,979,False,PT26M10S,1570,hd,false,False,Andrea Bocelli|Andrea Bocelli collaboration|Andrea Bocelli biggest performance|Andrea Bocelli live|Andrea Bocelli 2025|Andrea Bocelli A Night at the Movies|Andrea Bocelli movie songs|Andrea Bocelli concert|Andrea Bocelli cinema classics|Andrea Bocelli performance|Andrea Bocelli greatest hits|Andrea Bocelli movie night|Andrea Bocelli singing live|Andrea Bocelli cinematic music|Andrea Bocelli concert special|Andrea Bocelli timeless voice,10,en-GB,none,2025,278,False,False,26.166666666666668,0.020194609433083602,0.0007998431359733331,4402.841726618705
N0VfOKs_-h8,"Andrea Bocelli, Kari Jobe & Cody Carnes - The Blessing (Official Video)","Andrea Bocelli, Kari Jobe & Cody Carnes - 'The Blessing' 
Listen here: https://andreabocelli.lnk.to/theblessingID

Maestro Andrea Bocelli teams up with the award-winning contemporary Christian music singers, Kari Jobe (@KariJobeMusic) and Cody Carnes (@CodyCarnes) for a brand new version of the uplifting GRAMMY nominated track, ‘The Blessing’, released by Decca / Capitol Christian Music Group.

‘The Blessing’, spreading a powerful message of hope, peace and divine protection, became a viral hit and worldwide success for the husband and wife duo, Jobe and Carnes, when originally released in 2020. Within its first months over 100 churches and virtual choirs around the world recorded their own multilingual versions of the track, turning it into a global movement. Since then, the original has garnered over half a billion global streams and over 600 million social views and counting, winning awards and multiple nominations along the way. 

Today’s stirring collaboration, with Andrea Bocelli’s emotive voice, complete with Italian lyrics, offers a profound sense of unity and support. 

M° ANDREA BOCELLI MANAGEMENT TEAM 
Veronica Bocelli & Francesco Pasquero 
Project Manager: Sara Formicola 
P.A.: Valentina Pianezzi 
Web & Coordation: Massimiliano Ballanti 
Info: info@andreabocelli.com

Follow Maestro Andrea Bocelli: 
Instagram: https://instagram.com/andreabocelliofficial 
Facebook:  https://www.facebook.com/andreabocelli
TikTok:  https://www.tiktok.com/@andreabocelliof
X: https://x.com/AndreaBocelli 
Website: https://www.andreabocelli.com

#andreabocelli #KariJobe #CodyCarnes #theblessing",2025-11-27 15:00:07+00:00,9,533269,13854,634,False,PT5M40S,340,hd,false,False,Andrea Bocelli|Andrea Bocelli live,10,en-GB,none,2025,285,False,False,5.666666666666667,0.02597938376316643,0.0011888934102676136,1871.1192982456141
2-PbgwJAHm4,Andrea Bocelli - The Blessing (lyric video en español),"Andrea Bocelli - The Blessing (Lyric video en Español)
Andrea Bocelli, Kari Jobe & Cody Carnes - The Blessing Listen here: https://andreabocelli.lnk.to/theblessingID

Maestro Andrea Bocelli teams up with the award-winning contemporary Christian music singers, Kari Jobe and Cody Carnes, for a brand new version of the uplifting GRAMMY nominated track, ‘The Blessing’, released by Decca / Capitol Christian Music Group.

‘The Blessing’, spreading a powerful message of hope, peace and divine protection, became a viral hit and worldwide success for the husband and wife duo, Jobe and Carnes, when originally released in 2020. Within its first months over 100 churches and virtual choirs around the world recorded their own multilingual versions of the track, turning it into a global movement. Since then, the original has garnered over half a billion global streams and over 600 million social views and counting, winning awards and multiple nominations along the way. 

Today’s stirring collaboration, with Andrea Bocelli’s emotive voice, complete with Italian lyrics, offers a profound sense of unity and support. 

Lyric video: Tobias Lever, Two Suns Creative

M° ANDREA BOCELLI MANAGEMENT TEAM 
Veronica Bocelli & Francesco Pasquero 
Project Manager: Sara Formicola 
P.A.: Valentina Pianezzi 
Web & Coordation: Massimiliano Ballanti 
Info: info@andreabocelli.com

Follow Maestro Andrea Bocelli: 
Instagram:  https://www.instagram.com/andreabocelliofficial   
Facebook:  https://www.facebook.com/andreabocelli   
TikTok:  https://www.tiktok.com/@andreabocelliof   
X: https://x.com/AndreaBocelli 
Website: https://www.andreabocelli.com",2025-11-21 16:00:04+00:00,10,85547,4141,327,False,PT5M24S,324,hd,false,False,Andrea Bocelli|Andrea Bocelli live,10,en-GB,none,2025,291,False,False,5.4,0.048406139315230225,0.0038224601680947315,293.97594501718214
ZltPT1Xk3dw,Andrea Bocelli - Con Te Partiro - Live at “Teatro Del Silenzio” 2024,"Maestro Andrea Bocelli performs a breathtaking performance of “Con Te Partiro"" Live at “Teatro Del Silenzio” taken from “Andrea Bocelli 30: The Celebration”. A powerful collaboration blending opera, rock, and timeless artistry.
 
Listen here: https://andreabocelli.lnk.to/WhoWantsToLiveForever
 
#AndreaBocelli
 
Andrea Bocelli shines in the star-studded trailer for 'Andrea Bocelli 30: The Celebration' 
from Mercury Studios and Fathom.
This concert film was directed by Sam Wrench & produced by Mercury Studios, Fathom, Maverick, Impact Productions and Almud.
 
For more information:
“Andrea Bocelli 30: The Celebration”
https://www.fathomevents.com/andrea-bocelli-30-the-celebration/
 
Mercury Studios
www.Mercurystudios.co
 
M° ANDREA BOCELLI MANAGEMENT TEAM 
Veronica Bocelli & Francesco Pasquero 
Project Manager: Sara Formicola
P.A.: Valentina Pianezzi
Web & Coordination: Massimiliano Ballanti
Info: info@andreabocelli.com
 
Follow Andrea: 
Instagram: https://www.instagram.com/andreabocelliofficial  
Facebook:  https://www.instagram.com/andreabocelli
TikTok:  https://www.tiktok.com/@andreabocelliofficial  
X: https://x.com/AndreaBocelli",2025-11-14 16:00:59+00:00,11,441634,6521,347,False,PT4M3S,243,hd,false,False,Andrea Bocelli|Andrea Bocelli live,10,en-GB,none,2025,298,False,False,4.05,0.014765620400603214,0.0007857184908770611,1481.993288590604
4g_1RcQUzyw,"Watch the 'Inspirational Video' for 'The Blessing', only on Andrea's YouTube channel!",,2025-11-12 15:00:04+00:00,12,39446,1170,24,False,PT30S,30,hd,false,False,,10,en-GB,none,2025,300,False,True,0.5,0.029660802109212594,0.000608426709932566,131.48666666666668
udqxXKFhv7Y,"'The Blessing' with Kari Jobe and Cody Carnes, available everywhere now!",,2025-11-07 13:02:43+00:00,13,81919,3294,123,False,PT31S,31,hd,false,False,,10,en-GB,none,2025,305,False,True,0.5166666666666667,0.04021045178774155,0.0015014831724020068,268.5868852459016
vwuyeHmHcfM,Andrea Bocelli - The Blessing (Inspirational Video),"Andrea Bocelli - The Blessing Listen here: https://andreabocelli.lnk.to/theblessing

Maestro Andrea Bocelli teams up with the award-winning contemporary Christian music singers, Kari Jobe and Cody Carnes, for a brand new version of the uplifting GRAMMY nominated track, ‘The Blessing’, released by Decca / Capitol Christian Music Group.

‘The Blessing’, spreading a powerful message of hope, peace and divine protection, became a viral hit and worldwide success for the husband and wife duo, Jobe and Carnes, when originally released in 2020. Within its first months over 100 churches and virtual choirs around the world recorded their own multilingual versions of the track, turning it into a global movement. Since then, the original has garnered over half a billion global streams and over 600 million social views and counting, winning awards and multiple nominations along the way. 

Today’s stirring collaboration, with Andrea Bocelli’s emotive voice, complete with Italian lyrics, offers a profound sense of unity and support. 


M° ANDREA BOCELLI MANAGEMENT TEAM
Veronica Bocelli & Francesco Pasquero 
Project Manager: Sara Formicola 
P.A.: Valentina Pianezzi
Web & Coordation: Massimiliano Ballanti
Info: info@andreabocelli.com
 
Follow Maestro Andrea Bocelli: 
Instagram:  @andreabocelliofficial  
Facebook:  @andreabocelli  
TikTok:  @andreabocelliof  
X: @AndreaBocelli
Website: https://www.andreabocelli.com
 
Footage supplied by Jukin Licensing

#andreabocelli #theblessing",2025-11-07 09:01:36+00:00,14,152419,3623,254,False,PT5M24S,324,hd,false,False,Andrea Bocelli|Andrea Bocelli live,10,en-GB,none,2025,305,False,False,5.4,0.02377000242751888,0.0016664589060418978,499.7344262295082
5oqgplyHk9k,Andrea Bocelli - Fall On Me (with Matteo Bocelli) - Live at “Teatro Del Silenzio” 2024,"Maestro Andrea Bocelli joins family Matteo Bocelli Live at “Teatro Del Silenzio” for a breathtaking performance of “Fall On Me” taken from “Andrea Bocelli 30: The Celebration”. A powerful collaboration blending opera, rock, and timeless artistry.
 
Listen here: https://andreabocelli.lnk.to/WhoWantsToLiveForever
 
#AndreaBocelli #MatteoBocelli
 
Andrea Bocelli shines in the star-studded trailer for 'Andrea Bocelli 30: The Celebration' 
from Mercury Studios and Fathom.
This concert film was directed by Sam Wrench & produced by Mercury Studios, Fathom, Maverick, Impact Productions and Almud.
 
For more information:
“Andrea Bocelli 30: The Celebration”
https://www.fathomevents.com/andrea-bocelli-30-the-celebration/
 
Mercury Studios
www.Mercurystudios.co
 
M° ANDREA BOCELLI MANAGEMENT TEAM 
Veronica Bocelli & Francesco Pasquero 
Project Manager: Sara Formicola
P.A.: Valentina Pianezzi
Web & Coordination: Massimiliano Ballanti
Info: info@andreabocelli.com
 
Follow Andrea: 
Instagram: https://www.instagram.com/andreabocelliofficial  
Facebook:  https://www.instagram.com/andreabocelli
TikTok:  https://www.tiktok.com/@andreabocelliofficial  
X: https://x.com/AndreaBocelli",2025-10-31 16:00:11+00:00,15,120097,3889,229,False,PT3M48S,228,hd,false,False,Andrea Bocelli|Andrea Bocelli live,10,en-GB,none,2025,312,False,False,3.8,0.03238215775581405,0.0019067920097920847,384.92628205128204
y-lEPE6MPUo,Andrea Bocelli - Miserere (with Zucchero) - Live at “Teatro Del Silenzio” 2024,"Maestro Andrea Bocelli joins Zucchero Live at “Teatro Del Silenzio” for a breathtaking performance of “Miserere” taken from “Andrea Bocelli 30: The Celebration”. A powerful collaboration blending opera, rock, and timeless artistry.
 
Listen here: https://andreabocelli.lnk.to/WhoWantsToLiveForever
 
#AndreaBocelli #Zucchero
 
Andrea Bocelli shines in the star-studded trailer for 'Andrea Bocelli 30: The Celebration' 
from Mercury Studios and Fathom.
This concert film was directed by Sam Wrench & produced by Mercury Studios, Fathom, Maverick, Impact Productions and Almud.
 
For more information:
“Andrea Bocelli 30: The Celebration”
https://www.fathomevents.com/andrea-bocelli-30-the-celebration/
 
Mercury Studios
www.Mercurystudios.co
 
M° ANDREA BOCELLI MANAGEMENT TEAM 
Veronica Bocelli & Francesco Pasquero 
Project Manager: Sara Formicola
P.A.: Valentina Pianezzi
Web & Coordination: Massimiliano Ballanti
Info: info@andreabocelli.com
 
Follow Andrea: 
Instagram: https://www.instagram.com/andreabocelliofficial  
Facebook:  https://www.instagram.com/andreabocelli
TikTok:  https://www.tiktok.com/@andreabocelliofficial  
X: https://x.com/AndreaBocelli",2025-10-17 15:01:56+00:00,16,253458,4161,234,False,PT4M14S,254,hd,false,False,Andrea Bocelli|Andrea Bocelli live,10,en-GB,none,2025,326,False,False,4.233333333333333,0.016416921146698862,0.0009232298842411761,777.4785276073619
lgK5H9u8AWA,Andrea Bocelli – A Night of Cinematic Magic,"Andrea Bocelli performs some of the most beloved songs from the world of cinema in A Night at the Movies. Experience his timeless voice bringing movie classics to life in a stunning celebration of music and film.

Video Produced by @MercuryStudios 
#AndreaBocelli",2025-10-03 15:01:33+00:00,17,435747,6625,454,False,PT26M23S,1583,hd,false,False,Andrea Bocelli|Andrea Bocelli collaboration|Andrea Bocelli biggest performance|Andrea Bocelli live|Andrea Bocelli 2025|Andrea Bocelli A Night at the Movies|Andrea Bocelli movie songs|Andrea Bocelli concert|Andrea Bocelli cinema classics|Andrea Bocelli performance|Andrea Bocelli greatest hits|Andrea Bocelli movie night|Andrea Bocelli singing live|Andrea Bocelli cinematic music|Andrea Bocelli concert special|Andrea Bocelli timeless voice,10,en-GB,none,2025,340,False,False,26.383333333333333,0.015203776503337946,0.0010418889860400646,1281.6088235294117
ko0giHoY10E,Andrea Bocelli 30: The Celebration - Trailer,"Filmed at the Teatro del Silenzio (Theatre of Silence) in Lajatico over three nights in 2024 and marking his 30th year as an artist, this once-in-a-lifetime event sees classical star Andrea Bocelli appear in his home of Tuscany with a star-studded lineup of special guests to perform songs that have been the pillars of his career. This 2-disc package features two shows – “The Celebration” and “30 Years of Musical Inspiration” and over 4 and a half hours of performances. 
 
With incredible staging including a stunning sundial centrepiece in the middle of a lake, and 500 drones which lift into the sky in three breathtakingly special moments, Bocelli is joined by an 80-piece orchestra, a cast of over 200 musicians and family and friends including Ed Sheeran, Jon Batiste, Shania Twain, Brian May and more. It’s a night that transforms both the landscape and beautiful Tuscan sky into something totally spectacular. The result: a mesmerising and truly unforgettable concert.  
 
Order now: https://mercury-studios.lnk.to/AndreaBocelliTheCelebration

For more information:
Andrea Bocelli 30: The Celebration
https://www.fathomevents.com/andrea-bocelli-30-the-celebration/

Mercury Studios
www.Mercurystudios.co

Andrea Bocelli
https://www.andreabocelli.com

#andreabocelli #andreabocellilive",2025-09-30 14:01:20+00:00,18,98403,2222,142,False,PT1M1S,61,hd,false,False,Andrea Bocelli|Andrea Bocelli live|andrea bocelli concert film|Karol G|vivo por ella|vivo por ella karol g,10,en-GB,none,2025,343,False,False,1.0166666666666666,0.022580612379703872,0.001443045435606638,286.88921282798833
UKDRG4Ao2oY,"‘Vivo por Ella’ live in Vatican City, #GraceForTheWorld Stream it now on DisneyPlus!",,2025-09-17 15:15:22+00:00,19,221450,5379,186,False,PT55S,55,hd,false,False,,10,en-GB,none,2025,356,False,True,0.9166666666666666,0.024289907428313388,0.0008399187175434635,622.0505617977528
dkPrJjajWZ4,Andrea Bocelli and Brian May’s spellbinding version of 'Who Wants To Live Fotever’ is out now!,,2025-08-29 13:01:28+00:00,20,172633,4552,118,False,PT31S,31,hd,false,False,,10,en-GB,none,2025,375,False,True,0.5166666666666667,0.02636807562864574,0.0006835309587390592,460.3546666666667
oygIWCseYI0,Andrea Bocelli - Who Wants To Live Forever (with Brian May) - Live at “Teatro Del Silenzio” 2024,"Maestro Andrea Bocelli joins Queen’s legendary guitarist Brian May Live at “Teatro Del Silenzio” for a breathtaking performance of “Who Wants To Live Forever,” taken from “Andrea Bocelli 30: The Celebration”. A powerful collaboration blending opera, rock, and timeless artistry.
 
Listen here: https://andreabocelli.lnk.to/WhoWantsToLiveForever
 
#AndreaBocelli #BrianMay
 
Andrea Bocelli shines in the star-studded trailer for 'Andrea Bocelli 30: The Celebration' 
from Mercury Studios and Fathom.
This concert film was directed by Sam Wrench & produced by Mercury Studios, Fathom, Maverick, Impact Productions and Almud.
 
For more information:
“Andrea Bocelli 30: The Celebration”
https://www.fathomevents.com/andrea-bocelli-30-the-celebration/
 
Mercury Studios
www.Mercurystudios.co
 
M° ANDREA BOCELLI MANAGEMENT TEAM 
Veronica Bocelli & Francesco Pasquero 
Project Manager: Sara Formicola
P.A.: Valentina Pianezzi
Web & Coordination: Massimiliano Ballanti
Info: info@andreabocelli.com
 
Follow Andrea: 
Instagram: https://www.instagram.com/andreabocelliofficial  
Facebook:  https://www.instagram.com/andreabocelli
TikTok:  https://www.tiktok.com/@andreabocelliofficial  
X: https://x.com/AndreaBocelli",2025-08-29 09:01:25+00:00,21,10771424,222192,9454,False,PT5M57S,357,hd,false,False,Andrea Bocelli|Andrea Bocelli live|Andrea Bocelli 30 The Celebration|Andrea Bocelli Who Wants To Live Forever|Andrea Bocelli Brian May|Brian May live|Brian May collaboration|Queen Brian May|Andrea Bocelli Queen|Who Wants To Live Forever live|Queen classic|Andrea Bocelli concert|Andrea Bocelli performance|opera and rock collaboration|legendary duet|Andrea Bocelli 2025|iconic music moments,10,en-GB,none,2025,375,False,False,5.95,0.020627913263835868,0.0008776926801878749,28723.797333333332
asywtWMhx-s,Andrea Bocelli’s Most Memorable Collaborations with Stars,"Discover Andrea Bocelli’s most iconic collaborations, bringing together his timeless voice with another legendary artists. This unforgettable performance showcases the power of music and Bocelli’s global impact.

0:00:19 - Sofia Carson
0:04:17 - Heather Headley
0:09:20 - Celine Dion
0:14:05 - Ariana Grande
0:18:57 - Matteo Bocelli
0:22:57 - Ana María Martínez

Video Produced by @MercuryStudios 

#AndreaBocelli",2025-08-21 14:00:08+00:00,22,1079221,11622,582,False,PT27M13S,1633,hd,false,False,Andrea Bocelli|Andrea Bocelli collaboration|Andrea Bocelli duet|Andrea Bocelli biggest performance|Andrea Bocelli live|Andrea Bocelli greatest hits|Andrea Bocelli 2025|Andrea Bocelli songs|Andrea Bocelli music video|Andrea Bocelli concert|classical crossover|famous duets|opera pop duet|legendary collaborations|Bocelli singing live|Bocelli timeless voice|Sofia Carson|Heather Headley|Celine Dion|Ariana Grande|Matteo Bocelli|Ana María Martínez,10,en-GB,none,2025,383,False,False,27.216666666666665,0.01076887866340629,0.0005392778680177647,2817.809399477807
KEJShIbbccA,Andrea's new video for 'Polvere e Gloria' with inspirational words from Jannik Sinner out now!,,2025-06-23 10:53:16+00:00,23,67420,2245,86,False,PT34S,34,hd,false,False,,10,en-GB,none,2025,442,False,True,0.5666666666666667,0.03329872441412044,0.001275585879560961,152.5339366515837
x77wOnUFaQY,Andrea Bocelli 'Polvere e Gloria' with Jannik Sinner. Out now!,,2025-06-20 08:25:30+00:00,24,71533,2781,97,False,PT29S,29,hd,false,False,,10,en-GB,none,2025,445,False,True,0.48333333333333334,0.03887716158975578,0.0013560175024114743,160.74831460674156
Hn_XkJQcdeo,Andrea Bocelli - Polvere e Gloria ft. Jannik Sinner,"Andrea Bocelli feat. Jannik Sinner 'Polvere e Gloria’
Listen here: https://andreabocelli.lnk.to/PolvereeGloria
 
A musical dialogue between two Italian icons, blending opera and storytelling.
 
What happens when two champions meet off the court, in the shared realm of lived experience? The result is 'Polvere e Gloria', a surprising musical collaboration between Maestro Andrea Bocelli and Jannik Sinner, out now via Decca Records / Universal Music. The piece is a conversation between generations—two different paths driven by the same passion.
 
In 'Polvere e Gloria' sung in both Italian and English, Maestro Andrea Bocelli lends his warm voice to intense and solemn verses, while Jannik Sinner contributes with a sincere tone—speaking almost as if thinking aloud. Alongside the tenor's operatic voice, the athlete’s words come across like life notes “All you have to do is to be yourself,” “Improve every day, talent doesn't exist, it has to be earned.”
 
----
 
VIDEO PRODUCTION CREDITS
 
PRODUCTION COMPANY: Run Production 
DIRECTOR, DOP: Gaetano Morbioli 
PRODUCERS: Laura Castellotti, Federica Filippini 
ASSISTANT DIRECTOR: Peter Facchetti 
MUA: Antonella Melani 
CAMERA OPERATOR: Emilio Calì 
AUDIO ASSISTANT: Alessandro Caruso 
EDITING: Gaetano Morbioli
 
SONG PRODUCTION CREDIT
 
PRODUCED BY: PPG Pierpaolo Guerrini
SOUND ENGINEER: Pierpaolo Guerrini 
MIXING TO: PPG Studios 
WRITEN BY Stephan Moccio, Giovanni Caccamo, Alfredo Rapetti Cheope, Maestro Andrea Bocelli 
 
M° ANDREA BOCELLI MANAGEMENT TEAM
Veronica Bocelli & Francesco Pasquero 
Project Manager: Sara Formicola 
P.A.: Valentina Pianezzi
Web & Coordation: Massimiliano Ballanti
Info: info@andreabocelli.com
 
JANNIK SINNER MANAGEMENT TEAM 
Avima Global
Alex Vittur
Alex Meliss
Fulvia Moscheen
 
Follow Maestro Andrea Bocelli: 
Instagram: https://www.instagram.com/andreabocelliofficial
Facebook: https://www.facebook.com/andreabocelli
TikTok: https://www.tiktok.com/@andreabocelliof
X: https://x.com/AndreaBocelli
Website: https://www.andreabocelli.com
 
Follow Jannik Sinner:
Instagram: https://www.instagram.com/janniksin/
Facebook: https://www.facebook.com/jannik.sinner.585
TikTok: https://www.tiktok.com/@janniksin
X: https://x.com/janniksin
Website: https://www.janniksinner.com/",2025-06-20 08:00:18+00:00,25,1990644,40692,2638,False,PT4M8S,248,hd,false,True,Andrea Bocelli|Jannik Sinner|Decca (UMO) (Classics)|Pop,10,en,none,2025,445,False,False,4.133333333333334,0.020441625926082212,0.0013251992822423295,4473.357303370786
Xib82BIvhCQ,A new acoustic version of 'Je vis pour elle' is available to stream now or watch the new video!,,2025-05-09 14:51:11+00:00,26,80621,3470,117,False,PT30S,30,hd,false,False,,10,en-GB,none,2025,487,False,True,0.5,0.04304089505215763,0.001451234789943067,165.54620123203284
s_BMFRzYOcU,Listen to Andrea Bocelli's 'My Easter': AndreaBocelli.lnk.to/myeaster2025YP,,2025-04-17 13:26:58+00:00,27,58448,3393,101,False,PT30S,30,hd,false,False,,10,en-GB,none,2025,509,False,True,0.5,0.058051601423487545,0.0017280317547221462,114.82907662082515
Rv2SdrJICwQ,Andrea Bocelli - Je Vis Pour Elle (feat. Kendji Girac) [Official Music Video],"Je Vis Pour Elle with Kendji Girac 
Listen here: https://AndreaBocelli.lnk.to/JeVisPourElleID

Also available - ‘Duets - 30th Anniversary’ The definitive collection of ‘Duets’ 
Order here: https://AndreaBocelli.lnk.to/DuetsID 

World-renowned Italian tenor Andrea Bocelli has united with French chart-topper, Kendji Girac to revisit one of Bocelli’s most iconic tracks (‘Vivo per lei/I Live for Her’) with a new, spellbinding version, entitled Je Vis Pour Elle. Kendji, one of the most beloved artists on the French music scene, brings his unique vocal to the new French-language interpretation of Bocelli’s greatest hymn to love.

With nearly 90 million records sold worldwide and over 14 billion streams, Andrea Bocelli is one of the most successful classical artists of all time. He has one of the most recognizable voices in the entertainment industry and with his new album Duets, he continues to surprise and enchant his fans 30 years on. The breadth of collaborations throughout his career so far is testament not only to his remarkable voice, but also highlights his lasting influence and artistry. 

Management: Veronica Bocelli and Francesco Pasquero
Assisted by: Jay Barbour / Lucie Panton / Kristina Keliris / Sara Formicola and Valentina Pianezzi 

Follow Andrea: 
Instagram: https://www.instagram.com/andreabocelliofficial
Facebook: https://www.facebook.com/andreabocelli
TikTok: https://www.tiktok.com/@andreabocelliof
X: https://x.com/AndreaBocelli 
Website: https://www.andreabocelli.com

PRODUCTION CREDITS:
DIRECTOR, DOP: Gaetano Morbioli
PRODUCTION COMPANY: Run Production 
PRODUCERS: Laura Castellotti, Federica Filippini
ASSISTANT DIRECTOR: Peter Facchetti
CAMERA OPERATOR: Emilio Cali
AUDIO ASSISTANT: Alessandro Caruso 
SOUND ENGINEER: Pierpaolo Guerrini
MIXING TO PPG STUDIOS
BACKSTAGE OPERATOR: Brando Morbioli
EDITING: Gaetano Morbioli
MUSICAL INSTRUMENTS: Orchestra filarmonica della Franciacorta
MUSICAL DIRECTOR: Emiliano Facchinetti
LOGISTIC MANAGER: Simone Colosio
CONDUCTOR INSPECTOR: Lorenzo Borghesi
BACKLINERS: Eddie Corna, Giuseppe Antonucci, Tatiana Alquati",2025-04-14 08:00:08+00:00,28,19213923,93839,3445,False,PT4M25S,265,hd,false,True,Andrea Bocelli|Kendji Girac|Decca (UMO) (Classics)|Pop|Andrea Bocceli|Andrea Boccelli|Kenji|Kenji Jirac|Girac|Kendji Jirac|Variété|Je vis pour elle|vivo per lei|vivo por lei|helene segara|duets|vivre|j’ai changé|elle m’a donné la clé du ciel|je vi pour elle|je vie pour elle|tf1|NRJ|karaoké|bocelli featuring kendji|kendji featuring andrea bocelli|amour|chanson d’amour|lovesong|french love song,10,en,none,2025,512,False,False,4.416666666666667,0.0048839063214732355,0.00017929706494608104,37527.193359375
Fu7Nj71v3rg,out next Monday!,,2025-04-10 15:45:46+00:00,29,483509,9256,277,False,PT22S,22,hd,false,False,,10,en-GB,none,2025,516,False,True,0.36666666666666664,0.019143387196515472,0.0005728952304920901,937.0329457364342
Lo78-6JwiUA,Andrea Bocelli - Je Vis Pour Elle with @kendjiofficiel (Official Lyric video),"Je Vis Pour Elle with Kendji Girac
Listen here: https://andreabocelli.lnk.to/JeVisPourElleID
 
Also available - ‘Duets - 30th Anniversary’ The definitive collection of ‘Duets’ Order here: https://AndreaBocelli.lnk.to/DuetsID 
 
World-renowned Italian tenor Andrea Bocelli has united with French chart-topper, Kendji Girac to revisit one of Bocelli’s most iconic tracks (‘Vivo per lei/I Live for Her’) with a new, spellbinding version, entitled Je Vis Pour Elle. Kendji, one of the most listened to and beloved artists on the French music scene, brings his unique vocal to the new French-language interpretation of Bocelli’s greatest hymn to love, released just in time for Valentine’s Day. 
 
With nearly 90 million records sold worldwide and over 14 billion streams, Andrea Bocelli is one of the most successful classical artists of all time. He has one of the most recognizable voices in the entertainment industry and with his new album Duets, he continues to surprise and enchant his fans 30 years on. The breadth of collaborations throughout his career so far is testament not only to his remarkable voice, but also highlights his lasting influence and artistry.
 
Management: Veronica Bocelli for Almud
Francesco Pasquero / Scott Rodger for Maverick
Jay Barbour / Lucie Panton / Kristina Keliris for Maverick Mgmt
Sara Formicola and Valentina Pianezzi for Almud Mgmt
 
Follow Andrea: 
Instagram:   https://www.instagram.com/andreabocelliofficial  
Facebook:  https://www.instagram.com/andreabocelli
TikTok:  https://www.tiktok.com/@andreabocelliofficial  
X: https://x.com/AndreaBocelli

Website: https://www.andreabocelli.com",2025-02-14 09:00:23+00:00,30,4216511,24404,859,False,PT4M30S,270,hd,false,False,Andrea Bocelli|Andrea Bocelli live,10,en-GB,none,2025,571,False,False,4.5,0.005787723546790226,0.00020372293585858072,7384.4325744308235
pea8Mhzhk8k,Andrea Bocelli’s most romantic album ‘Amore’ is back as a limited edition transparent red vinyl 2LP,,2025-02-08 11:03:17+00:00,31,37146,2876,103,False,PT18S,18,hd,false,False,,10,en-GB,none,2025,577,False,True,0.3,0.07742421795078878,0.0027728422979594034,64.37781629116118
-_M7z6woO8w,Andrea Bocelli - Holding On (feat. Gwen Stefani) – Lyric Video,"Andrea Bocelli - Holding On (feat. Gwen Stefani)
#bocelli #duets #gwenstefani 

Duets - Out Now!
Order the album and listen to Holding On: https://AndreaBocelli.lnk.to/DuetsID

‘Holding On (feat. Gwen Stefani)’ is from global icon Andrea Bocelli’s new career-spanning ‘Duets’ album, celebrating his 30 years in music.
World-renowned and beloved Italian tenor Andrea Bocelli presents his impressive collection of landmark duets with Ed Sheeran, Céline Dion, Sarah Brightman, Dua Lipa, Jennifer Lopez, Bono, Luciano Pavarotti and more, alongside new superstar collaborations, freshly recorded for this special album. As well as Chris Stapleton, Bocelli is joined by Shania Twain, Gwen Stefani, Marc Anthony, Matteo Bocelli; Hans Zimmer, KAROL G, Sofia Carson, Elisa, amongst others.

Management:
Veronica Bocelli for Almud; Francesco Pasquero for Maverick.
Scott Rodger, Jay Barbour, Lucie Panton and Kristina Keliris for Maverick.
Sara Formicola, Valentina Pianezzi and Massimiliano Max Ballanti for Almud Music Mgmt

'Duets' available: Double CD / Deluxe Book Edition (Double CD), Vinyl (The Highlights) and limited colour vinyl.

_______

Searching for a spark
Reaching out with my heart
Longing to feel the sun
Where there is light there must be love
And the morning will come
Take my hand take all I am and hold on
Keep holding on and on and on
I’ll do my best to understand when
hope is gone
Just keep holding on and on and on
Even when you can’t be strong
I’ll be holding on
Dancing in the dark
Time stands still when you’re in my arms
And if we lose it all
I swear that I will be there
To break your fall
The morning has come
Take my hand take all I am and hold on

Keep holding on and on and on
I’ll do my best to understand when hope is gone
Keep holding on and on and on
Even when you can’t be strong
And when the night it seems to last for so long
I’ll be right here with you
You’re not alone
I won’t let go
I will be holding on and on
Take my hand take all I am and hold on
Keep holding on and on and on
Even when you can’t be strong
Even when the night’s so long
Even when all light has gone
I’ll be holding on",2024-11-27 09:00:00+00:00,32,272502,7178,430,False,PT3M50S,230,hd,false,False,Andrea Bocelli|Andrea Bocelli live|Duets|Gwen Stefani,10,en-GB,none,2024,650,False,False,3.8333333333333335,0.02634109107456092,0.0015779700699444408,419.2338461538462
G51b4v8e8co,12 novembre 2024,,2024-11-12 15:39:53+00:00,33,25455,1929,44,False,PT20S,20,hd,false,False,,10,en-GB,none,2024,665,False,True,0.3333333333333333,0.07578078962875663,0.0017285405617756826,38.278195488721806
t9wdU7rH0Bk,Andrea Bocelli - Moon River (Lyric Video) ft. Sofia Carson,"Music video by Andrea Bocelli performing Moon River (Lyric Video).© 2024 Sugar s.r.l., under exclusive licence to Universal Music Operations Limited",2024-11-11 05:00:46+00:00,34,399853,6692,251,False,PT3M55S,235,hd,false,True,Andrea Bocelli|Sofia Carson|Sugar s.r.l. under exclusive licence to Universal International Music B.V.|Classical Crossover,10,en,none,2024,667,False,False,3.9166666666666665,0.01673615053532173,0.0006277306910289531,599.47976011994
t2cqW8pYE3E,Andrea Bocelli - Moon River (Live on the TODAY Show) ft. Sofia Carson,"Music video by Andrea Bocelli performing Moon River (Live on the TODAY Show).© 2024 Sugar s.r.l., under exclusive licence to Universal Music Operations Limited",2024-10-31 04:00:45+00:00,35,781025,12203,395,False,PT3M11S,191,hd,true,True,Andrea Bocelli|Sofia Carson|Decca (UMO) (Classics)|Classical Crossover,10,en,none,2024,678,False,False,3.183333333333333,0.015624339809865242,0.0005057456547485676,1151.9542772861357
tXHhL8fLHDE,Thanks so much to YouTube Music for the support! Listen to 'Duets' on #YouTubeMusic,,2024-10-29 10:29:52+00:00,36,22335,1282,41,False,PT16S,16,hd,false,False,,10,en-GB,none,2024,679,False,True,0.26666666666666666,0.05739870158943362,0.0018356839041862548,32.8939617083947
8vn7nw6eEI4,Andrea Bocelli - Il Mare Calmo della Sera (Lyric Video) ft. Chris Stapleton,"Music video by Andrea Bocelli performing Il Mare Calmo della Sera (Lyric Video).© 2024 Sugar s.r.l., under exclusive licence to Universal Music Operations Limited",2024-10-25 15:00:10+00:00,37,307842,5922,302,False,PT4M38S,278,hd,false,True,Andrea Bocelli|Chris Stapleton|Sugar s.r.l. under exclusive licence to Universal International Music B.V.|Classical Crossover,10,it,none,2024,683,False,False,4.633333333333334,0.019237141130839845,0.0009810227324406676,450.7203513909224
uSyF9uwxKAs,"‘RIMANI QUI’ the brand new single featuring Elisa and included in ‘DUETS’, the new album OUT TODAY!",,2024-10-25 08:38:03+00:00,38,31604,2686,103,False,PT29S,29,hd,false,False,,10,en-GB,none,2024,683,False,True,0.48333333333333334,0.08498924186811796,0.003259081128971016,46.27232796486091
Fz-iv1C51Sg,Andrea Bocelli - Rimani qui ft. Elisa,"#bocelli #elisa #duets

Duets - Out Now!
Order the album and listen to Rimini Qui Feat Elisa here: https://AndreaBocelli.lnk.to/DuetsID
Andrea Bocelli ‘Duets - 30th Anniversary’ 
30 years of bringing people together 
The definitive collection of ‘Duets’ 
Out Friday 25th October 
 
‘Rimini Qui’ feat Elisa is taken from Andrea Bocelli’s album ‘Duets' celebrating 30 years as a global icon. This impressive collection of landmark’s duets with Ed Sheeran, Céline Dion, Sarah Brightman, Dua Lipa, Jennifer Lopez, Bono, Luciano Pavarotti, Giorgia alongside new superstar collaborations freshly recorded for this special album with Shania Twain, Chris Stapleton, Gwen Stefani, Marc Anthony, Matteo Bocelli & Hans Zimmer, Karol G, Sofia Carson, Elisa, amongst others. Another surprise is a digital collaboration with Edith Piaf on ‘La Vie En Rose’, possible thanks to music technology.   

Once asked what it was like to duet with talents with household names, Andrea Bocelli explains “To mix voices, mix the vibrations, is for me a very exciting experience, sensual and spiritual at the same time. Something intimate and deep is established between the two voices that sing a duet. We singers are in constant search of colleagues able to give life to this alchemy”. 

Management:
Veronica Bocelli for Almud & Francesco Pasquero for Maverick.
Scott Rodger, Jay Barbour, Lucie Panton and Kristina Keliris for Maverick.
Sara Formicola, Valentina Pianezzi and Massimiliano Max Ballanti for Almud Music Mgmt
 
'Duets' Available: Double CD / Deluxe Book Edition (Double CD), Vinyl (The Highlights) and limited colour vinyl.
_______

Rimani qui (feat. Elisa) 
Matteo Buzzanca, Giovanni Caccamo 
 
Canto silenzioso il mio dolore,  
cerco in me la luce che ha oscurato il mare. 
 
Vedo un cielo immenso respirare  
questa notte eterna si riaccenderà. 
 
Rimani qui mio solo amore, 
vieni con me senza parlare, 

 

 

 
stanotte pregherò solo per te,  
adesso ascoltami,  
rimani qui con me. 
 
Canto silenziose tue parole, 
vivo giorni eterni di semplicità. 
 
Muore nel ricordo il mio dolore, 
credo in te mio vento lasciami volare. 
 
Rimani qui mio solo amore,  
(Rimani qui) 
vieni con me senza parlare,  
(vieni con me) 

 
stanotte pregherò solo per te, 
adesso ascoltami,  
rimani qui con me.  
 
Su di noi la luce annega le distanze 
ed io vorrei sperare ancora in tutto ciò che ormai 
vivrò con te, il mondo esiste dentro noi.  
 
Stanotte pregherò solo per te,  
(solo per te) 
adesso ascoltami,  
rimani qui con me, 
qui con me.  
(qui con me) 
  

PRODUCTION CREDITS:
Director, D.O.P and Editing: Gaetano Morbioli
Production company: Run Production 
Producers: Federica Filippini, Laura Castellotti,
Assistant Director: Peter Facchetti
Drone operator and Technical supervisor: Alessandro Fontaniello 
Drone and Camera Operator: Emilio Calì 

Editing: Gaetano Morbioli
Make Up & Hair Andrea Bocelli: Antonella Melani
Make up Elisa: Ginevra Caliè
Hair Elisa: Luigi Morino
Stylist Elisa: Susanna Ausoni
Thanks to: 
The Municipality of Forte dei Marmi,the Mayor Bruno Murzi,the Tourism Department and the Municipal Police
Versilia Golf Resort 
Checcacci Gian Gastone e Barbara 

Music video by Andrea Bocelli performing Rimani qui.© 2024 Andrea Bocelli, under exclusive licence to Universal Music Operations Limited",2024-10-25 08:00:13+00:00,39,331997,8200,426,False,PT3M23S,203,hd,false,True,Andrea Bocelli|Elisa|Decca (UMO) (Classics)|Pop,10,it,none,2024,683,False,False,3.3833333333333333,0.024699018364623775,0.0012831441247963084,486.08638360175695
dBE-4jEnog8,Andrea Bocelli - Canto Della Terra (Lyric Video) ft. Lauren Daigle,"Order ‘Duets’ and listen to 'Canto Della Terra' with Lauren Daigle here: https://AndreaBocelli.lnk.to/DuetsID
Andrea Bocelli ‘Duets - 30th Anniversary’
30 years of bringing people together
The definitive collection of ‘Duets’ 
Out Friday 25th October
 
‘Canto Della Terra’ is the third single from Bocelli’s album ‘Duets' celebrating 30 years as a global icon, Canto Della Terra' was originally a single from Andrea’s 1999 album, Sogno, written by Francesco Sartori & Lucio Quarantotto and has now re-imagined featuring one of the biggest contemporary Christian artists in the US, Lauren Daigle.
 
The forthcoming album 'Duets' is set for release on 25th October on Decca Records / Sugar Music and celebrates his 30th anniversary in music.
 
Management:
Veronica Bocelli for Almud & Francesco Pasquero for Maverick.
Scott Rodger, Jay Barbour, Lucie Panton and Kristina Keliris for Maverick.
Sara Formicola, Valentina Pianezzi and Massimiliano Max Ballanti for Almud Music Mgmt
 
'Duets' Available: Double CD / Deluxe Book Edition (Double CD), Vinyl (The Highlights) and limited colour vinyl.
_______
 
Canto della terra (feat. Lauren Daigle)  
 
 
My Darling 
At last, just you and I 
Done crying tears that 
Don’t belong together 
The darkness we knew is in the past now 
There’s an open window, blazing through my heart  
Let’s remember 
Everything we shared 
‘Cause shadows there beside us, are now far behind 
 
Guarda questa terra che 
Che gira insieme a noi anche quando è buio 
Guarda questa terra che 
Che gira anche per noi a darci un po' di sole, sole, sole 
 
My love  
Amore mio  
I hear you breathing  
I hear the ocean  
It feels so real you here beside me 
The waves are rising, I’ll keep you safe 
Don’t forget, love 
Sorrows drift away  
Leave them far behind us, on the horizon 
  
Guarda questa terra che 
Che gira insieme a noi anche quando è buio 
Guarda questa terra che 
Che gira anche per noi a darci un po' di sole, sole 
 
Guarda questa terra che 
Che gira insieme a noi a darci un po' di sole 
Mighty sun 
Mighty sun",2024-10-21 09:00:38+00:00,40,136018,4723,243,False,PT4M6S,246,hd,false,True,Andrea Bocelli|Lauren Daigle|Sugar s.r.l. under exclusive licence to Universal International Music B.V.|Pop,10,it,none,2024,687,False,False,4.1,0.03472334543957417,0.0017865282536134923,197.98835516739447
L0Q1lnf0ebA,The wonderful new video for ‘Canto Della Terra’ feat Lauren Daigle is out now!,,2024-10-04 11:48:26+00:00,41,22729,1618,41,False,PT29S,29,hd,false,False,,10,en-GB,none,2024,704,False,True,0.48333333333333334,0.07118658981917374,0.0018038629064191121,32.28551136363637
TMd2E12PMYA,Andrea Bocelli - Canto Della Terra (feat. Lauren Daigle) [Official Video],"Order ‘Duets’ and listen to 'Canto Della Terra' with Lauren Daigle here: https://AndreaBocelli.lnk.to/DuetsID
Andrea Bocelli ‘Duets - 30th Anniversary’
30 years of bringing people together
The definitive collection of ‘Duets’ 
Out Friday 25th October
 
‘Canto Della Terra’ is the third single from Bocelli’s album ‘Duets' celebrating 30 years as a global icon, Canto Della Terra' was originally a single from Andrea’s 1999 album, Sogno, written by Francesco Sartori & Lucio Quarantotto and has now re-imagined featuring one of the biggest contemporary Christian artists in the US, Lauren Daigle.
 
The forthcoming album 'Duets' is set for release on 25th October on Decca Records / Sugar Music and celebrates his 30th anniversary in music.
 
Management:
Veronica Bocelli for Almud & Francesco Pasquero for Maverick.
Scott Rodger, Jay Barbour, Lucie Panton and Kristina Keliris for Maverick.
Sara Formicola, Valentina Pianezzi and Massimiliano Max Ballanti for Almud Music Mgmt
 
'Duets' Available: Double CD / Deluxe Book Edition (Double CD), Vinyl (The Highlights) and limited colour vinyl.
_______
 
Canto della terra (feat. Lauren Daigle)  
 
 
My Darling 
At last, just you and I 
Done crying tears that 
Don’t belong together 
The darkness we knew is in the past now 
There’s an open window, blazing through my heart  
Let’s remember 
Everything we shared 
‘Cause shadows there beside us, are now far behind 
 
Guarda questa terra che 
Che gira insieme a noi anche quando è buio 
Guarda questa terra che 
Che gira anche per noi a darci un po' di sole, sole, sole 
 
My love  
Amore mio  
I hear you breathing  
I hear the ocean  
It feels so real you here beside me 
The waves are rising, I’ll keep you safe 
Don’t forget, love 
Sorrows drift away  
Leave them far behind us, on the horizon 
  
Guarda questa terra che 
Che gira insieme a noi anche quando è buio 
Guarda questa terra che 
Che gira anche per noi a darci un po' di sole, sole 
 
Guarda questa terra che 
Che gira insieme a noi a darci un po' di sole 
Mighty sun 
Mighty sun 
 
 
CREDITS:
Produced by Intergalactic Studios.
Catalonia production services provided by Altiplà Films.
EP for Altiplà: Jordi Estapé 
Producer: Carles Pauné
Line Producer: Ari Sanz
DP: Roger Mitjans
AC: Alexander Mengual
Runner: Lena Touret
 
#bocelli #laurendaigle #duets

Music video by Andrea Bocelli performing Canto Della Terra.© 2024 Sugar Srl",2024-10-04 08:00:19+00:00,42,443334,8993,376,False,PT4M3S,243,hd,true,True,Andrea Bocelli|Lauren Daigle|Decca (UMO) (Classics)|Pop|Canto Della Terra|andrea bocelli live|Lauren Daigle live,10,it,none,2024,704,False,False,4.05,0.02028493190235804,0.0008481190253849242,629.7357954545455
W_BdtUbiAwQ,"4 years ago, Andrea Bocelli released “Amazing Grace” ft. Alison Krauss: andreabocelli.lnk.to/DuetsIB",,2024-10-02 07:35:52+00:00,43,27427,2143,42,False,PT21S,21,hd,false,False,,10,en-GB,none,2024,707,False,True,0.35,0.07813468479964998,0.001531337732890947,38.793493635077795
s7uuL8Y-yWM,Andrea Bocelli - Vivo por Ella ft. KAROL G,"#andreabocelli #duets #karolg
 
Andrea Bocelli ‘Duets - 30th Anniversary’ 
30 years of bringing people together 
The definitive collection of ‘Duets’ 
Out Friday 25th October 
Order and listen to Vivo Por Ella Feat KAROL G here: https://AndreaBocelli.lnk.to/DuetsID
 
Andrea Bocelli has united with 5x Latin GRAMMY and GRAMMY Award winner KAROL G for a new duet, ‘Vivo Por Ella’, the new single is a re-imagined version of one of Bocelli’s most iconic tracks, ‘Vivo Per Lei’ (‘I Live for Her’) in its Spanish version, ‘Vivo Por Ella’. The track is taken from Bocelli’s forthcoming album, Duets, which is set for release on 25th October on Decca Records / Sugar Music and celebrates his 30th anniversary in music.

“Vivo Por Ella’ follows Andrea Bocelli and Shania Twain’s duet ‘Da Stanotte in Poi (From This Moment On)’, a stunning rework of her hit of the same name, which was performed for the first time by the duo as part of a dazzling three-day concert event, ANDREA BOCELLI 30: THE CELEBRATION, which took place at the Teatro del Silenzio (Theater of Silence) in Bocelli’s hometown of Lajatico. 
 

Management:
Veronica Bocelli for Almud, Francesco Pasquero and Scott Rodger for Maverick 
Jay Barbour / Lucie Panton / Kristina Keliris for Maverick Mgmt
Sara Formicola and Valentina Pianezzi for Almud Mgmt 
 
Follow Andrea:
Instagram:  / andreabocelliofficial  
Facebook:  / youtube   YouTube:   / @andreabocelli  
TikTok: https://www.tiktok.com/@andreabocelli...
X: https://x.com/AndreaBocelliWebsite
Website: https://www.andreabocelli.com/
 
'Duets' Available: Double CD / Deluxe Book Edition (Double CD), Vinyl (The Highlights) and limited colour vinyl.

VIDEO CREDIT

FOR KAROL G
 
Creative Directed by Pedro Artola @pedro.artola 
(Both KAROL G & Andrea Bocelli’s shoot)

MADRID TEAM
Produced by Sample @thisis_sample
Executive Producer Mayca Márquez @maycamarquez Edu Lozano @lozano_edu
Production manager Gema Ruiz @_gemaruiz_
Production coordinator Ana Buendía @_wendi
DP   Daniel Mere @daniel_mere_ by @planbfree
AD   Sonia Beltrán @soniabeltrang
Stylist   Alba Melendo @albamelendo
Stylist assistant  María Bravo @mabraiz
Stylist assistant   Joel Escalonilla @joelescall
Art director     Virginia Sancho @virginia_sancho
Art assistant   Araceli Navarro @aracelinavarro_
Stand by props  Alvaro Soler
Stand by props.  Reinaldo Bracamonte @reinaldo.bracamonte
Focus puller   Pablo Pascual @pablopascual 
Camera assistant  Javier Almazán @javieralmazan_ 
Video assistant   Alex Ramos @alexramoscalvo
DIT   Selu Sánchez @selu.mosquito
Steady      Marc Oliver @marc_oliver_take_1 
Steady assistant  Emilio Maldonado @emilio_maldonado
Gaffer   Eduardo Luzón @eluzongaffer
Spark   Hector Cazalla @hectorcazalla
Spark    Iván Rodriguez
Spark   Javier Rodriguez
Spark   Juan Antonio Velázquez
Spark   Oscar Alejano @alejanooscar
PA     Dani Barrio @dani_barrio
PA     Sergi Cerezuela @sergiiiiiiiiiiiiiiiii
PA     Guillermo Fdez Egea @guillefegea
Camera            Sercivi @sercivicamaras
Lighting     Aluzine @aluzine
Production   Rolling @rolling_surolling
Catering     Cuchara de Palo @cucharadepalocatering
 
FOR ANDREA BOCELLI 
Director & DOP for Andrea Bocelli: Gaetano Morbioli
Production Company: Run Production
Assistant Director: Federica Filippini
Producer: Laura Castellotti
1ST AC: Alessio Stefenato
Assistant Operator:Massimiliano Urbani
Set Designer: Ermes Archetti
Technical supervisor for NSHOT: Francesco Maria Volpe
Make up and hair for Andrea Bocelli: Antonella Melani",2024-09-25 15:01:04+00:00,44,383404,8651,477,False,PT4M21S,261,hd,true,True,Andrea Bocelli|KAROL|Sugar s.r.l. under exclusive licence to Universal International Music B.V.|Pop,10,en,none,2024,713,False,False,4.35,0.022563666524084255,0.0012441184755505941,537.7335203366059
bOiolrpo8cU,"On Nov 29th, Andrea Bocelli’s debut album ‘Il Mare Calmo Della Sera’ will be made available on vinyl",,2024-09-23 11:25:56+00:00,45,18358,1420,41,False,PT25S,25,hd,false,False,,10,en-GB,none,2024,715,False,True,0.4166666666666667,0.0773504739078331,0.0022333587536768713,25.675524475524476
6glRTv8IOkQ,"Andrea Bocelli, Karol G - Vivo por Ella (Lyric Video)","Order the album and listen to Vivo Por Ella Feat KAROL G here: https://AndreaBocelli.lnk.to/DuetsID
Andrea Bocelli ‘Duets - 30th Anniversary’ 
30 years of bringing people together 
The definitive collection of ‘Duets’ 
Out Friday 25th October 
 
Andrea Bocelli has united with 5x Latin GRAMMY and GRAMMY Award winner KAROL G for a new duet, ‘Vivo Por Ella’, the new single is a re-imagined version of one of Bocelli’s most iconic tracks, ‘Vivo Per Lei’ (‘I Live for Her’) in its Spanish version, ‘Vivo Por Ella’. The track is taken from Bocelli’s forthcoming album, Duets, which is set for release on 25th October on Decca Records / Sugar Music and celebrates his 30th anniversary in music.

“Vivo Por Ella’ follows Andrea Bocelli and Shania Twain’s duet ‘Da Stanotte in Poi (From This Moment On)’, a stunning rework of her hit of the same name, which was performed for the first time by the duo as part of a dazzling three-day concert event, ANDREA BOCELLI 30: THE CELEBRATION, which took place at the Teatro del Silenzio (Theater of Silence) in Bocelli’s hometown of Lajatico. 
 
Management:
Veronica Bocelli for Almud & Francesco Pasquero for Maverick.
Scott Rodger, Jay Barbour, Lucie Panton and Kristina Keliris for Maverick.
Sara Formicola, Valentina Pianezzi and Massimiliano Max Ballanti for Almud Music Mgmt
 
'Duets' Available: Double CD / Deluxe Book Edition (Double CD), Vinyl (The Highlights) and limited colour vinyl.

_______

LYRICS
Vivo Por Ella feat. Karol G
(Gatto Panceri; Valerio Zelli, Mauro Mengali, transl. Luis Gómez)

Vivo por ella sin saber
Si la encontré o me ha encontrado
Ya no recuerdo como fue
Pero al final me ha conquistado
Vivo por ella que me da 
Toda mi fuerza de verdad
Vivo por ella y no me pesa.

Vivo por ella yo también
No te me pongas tan celoso
Ella entre todas es la más
Dulce y caliente como un beso
Ella a mi lado siempre está
Para apagar mi soledad
Mas que por mi por ella
Yo vivo también

Es la musa que te invita
A tocarla suavecita

En mi plano a veces triste
La muerte no existe
Si ella esta aquí
 
Vivo por ella que me da
Todo el afecto que le sale
A veces pega de verdad
 
Pero es un puño que no duele
 
Vivo por ella que me da
Fuerza, valor y realidad
Para sentirme un poco vivo

Cómo duele quando falta
Vivo por ella en un hotel
Cómo brilla fuerte y alta
Vivo por ella en propia piel

Si ella canta en mi garganta,
Mis penas mas negras espanta

Vivo por ella y nadie más
Puede vivir dentro de mi
Ella me da la vida, la vida...
Si está junto a mi.

Si está junto a mi
Desde un palco o contra un muro
Vivo por ella al limite
En el trance mas oscuro
Vivo por ella integra

Cada dia una conquista
La protagonista
Es ella también

Vivo por ella porque va
Dandome siempre la salida
Porque la música es asi
Fiel y sincera de por vida

Vivo por ella que me da
Noches de amor y libertad
Si hublese otra vida, la vivo...
Por ella también

Ella se llama música
Y es mia también
Vivo por ella créeme
Por ella también
Io vivo per lei
Io vivo
Per lei

________

VIDEO CREDITS

FOR KAROL G
Creative Directed by Pedro Artola @pedro.artola 
(Both KAROL G & Andrea Bocelli’s shoot)

MADRID TEAM
Produced by Sample @thisis_sample
Executive Produce: Mayca Márquez @maycamarquez,  Edu Lozano @lozano_edu
Production manager: Gema Ruiz @_gemaruiz_
Production coordinator: Ana Buendía @_wendi
DP: Daniel Mere @daniel_mere_ by @planbfree
AD: Sonia Beltrán @soniabeltrang
Stylist: Alba Melendo @albamelendo
Stylist assistant: María Bravo @mabraiz
Stylist assistant: Joel Escalonilla @joelescall
Art director: Virginia Sancho @virginia_sancho
Art assistant: Araceli Navarro @aracelinavarro_
Stand by props: Alvaro Soler
Stand by props: Reinaldo Bracamonte @reinaldo.bracamonte
Focus puller: Pablo Pascual @pablopascual 
Camera assistant Javier Almazán @javieralmazan_ 
Video assistant: Alex Ramos @alexramoscalvo
DIT: Selu Sánchez @selu.mosquito
Steady: Marc Oliver @marc_oliver_take_1 
Steady assistant: Emilio Maldonado @emilio_maldonado
Gaffer: Eduardo Luzón @eluzongaffer
Spark: Hector Cazalla @hectorcazalla
Spark: Iván Rodriguez
Spark: Javier Rodriguez
Spark: Juan Antonio Velázquez
Spark: Oscar Alejano @alejanooscar
PA: Dani Barrio @dani_barrio
PA: Sergi Cerezuela @sergiiiiiiiiiiiiiiiii
PA: Guillermo Fdez Egea @guillefegea
Camera: Sercivi @sercivicamaras
Lighting: Aluzine @aluzine
Production: Rolling @rolling_surolling
Catering: Cuchara de Palo @cucharadepalocatering
 
FOR ANDREA BOCELLI 
Director & DOP for Andrea Bocelli: Gaetano Morbioli
Production Company: Run Production
Assistant Director: Federica Filippini
Producer: Laura Castellotti
1ST AC: Alessio Stefenato
Assistant Operator:Massimiliano Urbani
Set Designer: Ermes Archetti
Technical supervisor for NSHOT: Francesco Maria Volpe
Make up and hair for Andrea Bocelli: Antonella Melani

 https://www.andreabocelli.com

#andreabocelli #duets #karolg #andreabocellilive
© 2024 Sugar Srl, under exclusive licence to Universal Music Operations Limited",2024-09-09 15:00:05+00:00,46,224151,5685,432,False,PT4M42S,282,hd,false,True,Andrea Bocelli|KAROL|Decca (UMO) (Classics)|Pop|karol Vivo por Ella|Andrea Bocelli live|andrea bocelli karol|andrea bocelli duets|VIVO POR ELLA|andrea bocelli time to say goodbye|duets full album|vivo por ella karol|vivo por ella (feat. karol g)|andrea bocelli best songs,10,es,none,2024,729,False,False,4.7,0.025362367332735523,0.001927272240587818,307.47736625514403
oDvpk3n2alM,Andrea Bocelli 30: The Celebration (Official Trailer),"Andrea Bocelli shines in the star-studded trailer for 'Andrea Bocelli 30: The Celebration' from Mercury Studios and Fathom.
This concert film is set for a global theatrical release this November and is directed by Sam Wrench & produced by Mercury Studios, Fathom, Maverick, Impact Productions and Almud.

For more information:
Andrea Bocelli 30: The Celebration
https://www.fathomevents.com/andrea-bocelli-30-the-celebration/

Mercury Studios
www.Mercurystudios.co

Andrea Bocelli
https://www.andreabocelli.com

#andreabocelli #andreabocellilive",2024-09-04 15:09:01+00:00,47,917467,4299,223,False,PT1M17S,77,hd,false,False,Andrea Bocelli|Andrea Bocelli live|andrea bocelli concert film|Karol G|vivo por ella|vivo por ella karol g,10,en-GB,none,2024,734,False,False,1.2833333333333334,0.00468572711607066,0.00024306051334816402,1249.9550408719347
PlAT-u_btSc,Andrea Bocelli - Vivo por Ella ft. KAROL G,"ANDREA BOCELLLI - VIVO POR ELLA FEAT KAROL G 
#andreabocelli #duets #karolg

Andrea Bocelli - ‘Duets - 30th Anniversary’ 
30 years of bringing people together 
The definitive collection of ‘Duets’ 
Out Now
Order the album and listen to Vivo Por Ella Feat KAROL G here: https://AndreaBocelli.lnk.to/DuetsID

Andrea Bocelli has united with 5x Latin GRAMMY and GRAMMY Award winner KAROL G for a new duet, ‘Vivo Por Ella’, the new single is a re-imagined version of one of Bocelli’s most iconic tracks, ‘Vivo Per Lei’ (‘I Live for Her’) in its Spanish version, ‘Vivo Por Ella’. ‘Vivo Por Ella’ is taken from Andrea Bocelli’s album duets.

‘Vivo Per Lei’ catapulted Andrea Bocelli to success in numerous countries when it was released in 1995 on his album Bocelli. It topped the charts in France, Switzerland, Belgium, and Panama, and has gone on to become one of the tenor’s highest-streaming tracks. The Spanish version, ‘Vivo Por Ella’ was originally sung with Marta Sánchez, and it too has enjoyed major success.

Management:
Veronica Bocelli for Almud
Francesco Pasquero / Scott Rodger for Maverick 
Jay Barbour / Lucie Panton / Kristina Keliris for Maverick Mgmt
Sara Formicola and Valentina Pianezzi for Almud Mgmt 
 
Follow Andrea:
Instagram: https://www.instagram.com/andreabocelliofficial  
Facebook: https://www.facebook.com/andreabocelli 
YouTube:  https://www.youtube.com/user/andreabocelli
TikTok: https://www.instagram.com/andreabocelliofficial
X: https://x.com/AndreaBocelli
Website: https://www.andreabocelli.com/
  
'Duets' Available: Double CD / Deluxe Book Edition (Double CD), Vinyl (The Highlights) and limited colour vinyl.

Creative Directed by Pedro Artola @pedro.artola 
(Both KAROL G & Andrea Bocelli’s shoot)
MADRID TEAM
Produced by Sample @thisis_sample
Executive Producer: Mayca Márquez @maycamarquez Edu Lozano @lozano_edu 
Production Manager: Gema Ruiz @_gemaruiz_
Production Coordinator: Ana Buendía @_wendi
DP: Daniel Mere @daniel_mere_ by @planbfree
AD: Sonia Beltrán @soniabeltrang
Stylist:  Alba Melendo @albamelendo
Stylist Assistant: María Bravo @mabraiz
Stylist Assistant: Joel Escalonilla @joelescall
Art Director: Virginia Sancho @virginia_sancho
Art Assistant : Araceli Navarro @aracelinavarro_
Stand by props: Alvaro Soler
Stand by props: Reinaldo Bracamonte @reinaldo.bracamonte
Focus Puller: Pablo Pascual @pablopascual 
Camera Assistant: Javier Almazán @javieralmazan_ 
Video Assistant: Alex Ramos @alexramoscalvo
DIT: Selu Sánchez @selu.mosquito
Steady: Marc Oliver @marc_oliver_take_1 
Steady Assistant: Emilio Maldonado @emilio_maldonado
Gaffer: Eduardo Luzón @eluzongaffer
Spark: Hector Cazalla @hectorcazalla
Spark: Iván Rodriguez
Spark: Javier Rodriguez
Spark: Juan Antonio Velázquez
Spark: Oscar Alejano @alejanooscar
PA: Dani Barrio @dani_barrio
PA: Sergi Cerezuela @sergiiiiiiiiiiiiiiiii
PA: Guillermo Fdez Egea @guillefegea
Camera: Sercivi @sercivicamaras
Lighting: Aluzine @aluzine
Production: Rolling @rolling_surolling
Catering: Cuchara de Palo @cucharadepalocatering

ITALY TEAM
Director & DOP for Andrea Bocelli: Gaetano Morbioli
Production Company: Run Production
Assistant Director: Federica Filippini
Producer: Laura Castellotti
1ST AC: Alessio Stefenato
Assistant Operator:Massimiliano Urbani
Set Designer: Ermes Archetti
Technical supervisor for NSHOT: Francesco Maria Volpe
Makeup and hair for Andrea Bocelli: Antonella Melani

Vivo Por Ella (feat. KAROL G)
Gatto Panceri; Valerio Zelli, Mauro Mengali, transl. Luis Gómez 

Vivo por ella sin saber
Si la encontré o me ha encontrado
Ya no recuerdo como fue
Pero al final me ha conquistado
Vivo por ella que me da 
Toda mi fuerza de verdad
Vivo por ella y no me pesa.

Vivo por ella yo también
No te me pongas tan celoso
Ella entre todas es la más
Dulce y caliente como un beso
Ella a mi lado siempre está
Para apagar mi soledad
Mas que por mi por ella
Yo vivo también

Es la musa que te invita
A tocarla suavecita

En mi plano a veces triste
La muerte no existe
Si ella esta aquí

Vivo por ella que me da
Todo el afecto que le sale
A veces pega de verdad

Pero es un puño que no duele  

Vivo por ella que me da
Fuerza, valor y realidad
Para sentirme un poco vivo

Cómo duele quando falta
Vivo por ella en un hotel
Cómo brilla fuerte y alta
Vivo por ella en propia piel

Si ella canta en mi garganta,
Mis penas mas negras espanta

Vivo por ella y nadie más
Puede vivir dentro de mi
Ella me da la vida, la vida...
Si está junto a mi.

Si está junto a mi
Desde un palco o contra un muro
Vivo por ella al limite
En el trance mas oscuro
Vivo por ella integra

Cada dia una conquista
La protagonista
Es ella también

Vivo por ella porque va
Dandome siempre la salida
Porque la música es asi
Fiel y sincera de por vida

Vivo por ella que me da
Noches de amor y libertad
Si hublese otra vida, la vivo...
Por ella también

Ella se llama música
Y es mia también
Vivo por ella créeme
Por ella también
Io vivo per lei
Io vivo
Per lei",2024-08-30 15:00:07+00:00,48,86812990,879983,52402,False,PT4M22S,262,hd,true,True,Andrea Bocelli|KAROL|Sugar s.r.l. under exclusive licence to Universal International Music B.V.|Pop,10,es,none,2024,739,False,False,4.366666666666666,0.01013653601840001,0.0006036193431420805,117473.59945872801
MHEKcGiZ-pQ,"Andrea Bocelli, Shania Twain - Da Stanotte in Poi (From This Moment On) [Official Music Video]","Da Stanotte in Poi (From This Moment On) Official video 
Andrea Bocelli - ‘Duets - 30th Anniversary’ 
30 years of bringing people together 
The definitive collection of ‘Duets’ 
Out Friday 25th October 
Order here and listen to the first single Da Stanotte in Poi (From This Moment On) with Shania Twain: https://AndreaBocelli.lnk.to/DuetsID

World-renowned Italian tenor Andrea Bocelli unveils his new album Duets, bringing together many of his most beloved collaborations alongside brand new songs to mark his 30th anniversary year. Set for release on 25th October via Decca Records, this career-spanning 32-track collection includes duets with Ed Sheeran, Céline Dion, Sarah Brightman, Dua Lipa, Jennifer Lopez, Giorgia, and Luciano Pavarotti, alongside new superstar duets recorded especially for the album with Shania Twain, Chris Stapleton, Gwen Stefani, Marc Anthony, Karol G, Sofia Carson, Lauren Daigle, Elisa, Matteo Bocelli and Hans Zimmer.

Duets launches with a new single from Andrea Bocelli and Shania Twain titled ‘Da Stanotte in Poi (From This Moment On)’. It is a stunning rework of Shania Twain’s massive hit ‘From This Moment On’ with newly-recorded lyrics, produced by Rick Nowells. 
With nearly 90 million records sold worldwide, and one of the most recognizable voices in the entertainment industry, Andrea Bocelli has sold out arena-sized concert events and performed record-breaking live-streams. Bocelli has shared his talents at many major events including the Olympic Games, the World Cup, and Global Citizen. He has earned a Golden Globe, seven Classical BRITs and seven World Music Awards, plus a star on the Hollywood Walk of Fame.

Video produced and directed by Intergalactic Studios

Management:
Veronica Bocelli for Almud
Francesco Pasquero / Scott Rodger for Maverick 
Jay Barbour / Lucie Panton / Kristina Keliris for Maverick Mgmt
Sara Formicola and Valentina Pianezzi for Almud Mgmt 

Follow Andrea:
Instagram:   / andreabocelliofficial  
Facebook:   / youtube   YouTube:    / @andreabocelli  
TikTok: https://www.tiktok.com/@andreabocelli...
X: https://x.com/AndreaBocelliWebsite
Website: https://www.andreabocelli.com/
  
'Duets' Available: Double CD / Deluxe Book Edition (Double CD), Vinyl (The Highlights) and limited colour vinyl.
  
Da stanotte 
Finché vivrò 
Io ci sarò 
Altro non so 
È successo 
Così ti amerò 
Da stanotte in poi  
  
From this moment
I have been blessed
I live only
For your happiness
And for your love
I'd give my last breath
From this moment on
  
Ti dono il cuore e tutta l’anima 
Non riesco ad aspettare più 
quel che sarà 
e niente al mondo ci dividerà 
  
My dreams came true because of you 
  
From this moment
As long as I live
I will love you
I promise you this
There is nothing
I wouldn't give
From this moment on
Oh
  
You're the reason I believe in love 
  
Non riesco ad aspettare più quel che sarà 
  
All we need is just the two of us
My dreams came true because of you
  
From this moment
As long as I live
I will love you
I promise you this
There is nothing I wouldn't give
From this moment
  
I will love you,  
Love you 
as long as I live
From this moment on

#andreabocelli #duets #shaniatwain",2024-08-01 09:00:31+00:00,49,360081,6758,505,False,PT3M56S,236,hd,false,True,Andrea|Bocelli|Shania|Twain|Stanotte|Poi|(From|This|Moment|On)|Decca|(UMO)|(Classics)|Pop|shania twain|andrea bocelli|from this moment on,10,en,none,2024,768,False,False,3.933333333333333,0.018767999422352192,0.001402462223777428,468.85546875
eN-7QbgM8Yc,Andrea Bocelli - Duets (trailer),"Andrea Bocelli ‘Duets’ 30th Anniversary, 30 years of bringing people together.
The definitive collection of ‘Duets’ is released Friday 25th October.
Order 'Duets' here and listen to the first single “Da Stanotte in Poi (From This Moment On)“ with Shania Twain: https://AndreaBocelli.lnk.to/DuetsID

World-renowned Italian tenor Andrea Bocelli unveils his new album Duets, bringing together many of his most beloved collaborations alongside brand new songs to mark his30th anniversary year. Set for release on 25th October via Decca Records, this career-spanning 32-track collection includes duets with Ed Sheeran, Céline Dion, Sarah Brightman, Dua Lipa, Jennifer Lopez, Giorgia, and Luciano Pavarotti, alongside new superstar duets recorded especially for the album with Shania Twain, Chris Stapleton, Gwen Stefani, Marc Anthony, Karol G, Sofia Carson, Lauren Daigle, Elisa, Matteo Bocelli and Hans Zimmer.

Duets launches with a new single from Andrea Bocelli and Shania Twain titled ‘Da Stanotte in Poi (From This Moment On)’. It is a stunning rework of Shania Twain’s massive hit ‘From This Moment On’ with newly-recorded lyrics, produced by Rick Nowells. With nearly 90 million records sold worldwide, and one of the most recognizable voices in the entertainment industry, Andrea Bocelli is selling out arena-sized concert events and performing record-breaking live-streams. Bocelli has shared his talents at many major events including the Olympic Games, the World Cup, and Global Citizen. He has earned a Golden Globe, seven Classical BRITs and seven World Music Awards, plus a star on the Hollywood Walk of Fame.

With his new album Duets, Andrea Bocelli continues to surprise and enchant his fans 30 years on. The breadth of collaborations throughout his career so far is testament not only to his remarkable voice, but also highlights his lasting influence and artistry.

Join Andrea’s mailing list to receive regular updates: https://AndreaBocelli.lnk.to/MailingListSignUpID
 
Management:
Veronica Bocelli for Almud
Francesco Pasquero / Scott Rodger for Maverick 
Jay Barbour / Lucie Panton / Kristina Keliris for Maverick Mgmt
Sara Formicola and Valentina Pianezzi for Almud Mgmt 
 
Follow Andrea Bocelli: 
Instagram: https://www.instagram.com/andreabocelliofficial
Facebook: https://www.facebook.com/andreabocelli/YouTube
YouTube: https://www.youtube.com/channel/UCb4JB8-ZAeceuR7EPCPOPzg
TikTok:  https://www.tiktok.com/@andreabocelliof?lang=en
X: https://x.com/AndreaBocelliWebsite
Website: https://www.andreabocelli.com/
 
'Duets' Available: Double CD / Deluxe Book Edition (Double CD), Vinyl (The Highlights) and limited colour vinyl.

CD Tracklisting

CD1

1. Time To Say Goodbye – Andrea Bocelli, Sarah Brightman 
2. Vivo por Ella (feat. Karol G)
3. Quizás, Quizás, Quizás - Andrea Bocelli, Jennifer Lopez 
4. Fall On Me - Andrea Bocelli, Matteo Bocelli 
5. Perfect Symphony - Andrea Bocelli, Ed Sheeran 
6. Da Stanotte in Poi (From This Moment On) - Andrea Bocelli, Shania Twain
7. Holding On (feat. Gwen Stefani)
8. Il Mare Calmo della Sera (feat. Chris Stapleton)
9. The Prayer - Andrea Bocelli, Céline Dion
10. La vie en rose - Andrea Bocelli, Edith Piaf
11. E più ti penso - From ""Once Upon A Time In America"" - Andrea Bocelli, Ariana Grande
12. If Only - Andrea Bocelli, Dua Lipa
13. Somos Novios - Andrea Bocelli, Christina Aguilera
14. Return To Love - Andrea Bocelli, Ellie Goulding
15. Rimani Qui (feat. Elisa)
16. Vivo per lei - Andrea Bocelli, Giorgia 

CD2
1. Dare To Live (Vivere) - Andrea Bocelli, Laura Pausini 
2. Can't Help Falling In Love - Andrea Bocelli, Katharine McPhee 
3. Hallelujah - Andrea Bocelli, Virginia Bocelli
4. Amazing Grace - Andrea Bocelli, Alison Krauss 
5. Moon River (feat. Sofia Carson) 
6. Canto della Terra (feat. Lauren Daigle) 
7. La Voce del Silenzio (feat. Marc Anthony) 
8. Canzoni stonate - Andrea Bocelli, Stevie Wonder 
9. Un Amore Così Grande - Remastered 2018 - Andrea Bocelli, Veronica Berti 
10. Notte 'e Piscatore - Andrea Bocelli, Pavarotti 
11. Io Ci Sarò - Andrea Bocelli, Lang Lang
12. Pianissimo - Andrea Bocelli, Cecilia Bartoli 
13. Pearl Fishers- Andrea Bocelli, Bryn Terfel
14. Bambina Mia Ricordati (feat. Virginia Bocelli)
15. What Child Is This - Andrea Bocelli, Mary J. Blige 
16. Time To Say Goodbye - Andrea Bocelli, Matteo Bocelli, Hans Zimmer 

#andreabocelli #duets #shaniatwain",2024-07-12 07:00:22+00:00,50,582693,7274,344,False,PT1M56S,116,hd,false,False,Andrea Bocelli|Andrea Bocelli live|andrea bocelli songs|celine dion and andrea bocelli the prayer|andrea bocelli duets,10,en-GB,none,2024,789,False,False,1.9333333333333333,0.012483417511451142,0.0005903623348830345,738.5209125475285
2TLbLnquPkU,Andrea Bocelli & Shania Twain - Da Stanotte in Poi (From This Moment On) (Official Lyric Video),"Andrea Bocelli & Shania Twain - Da Stanotte in Poi (From This Moment On) 
Stream 'Da Stanotte in Poi (From This Moment On)'  & pre-order 'Duets' here - https://andreabocelli.lnk.to/DuetsID
Subscribe to Andrea Bocelli’s YouTube channel & ring the bell to never miss a new video: https://AndreaBocelli.lnk.to/YTSignUpID

Sign up for Andrea Bocelli’s Email List: https://AndreaBocelli.lnk.to/MailingListSignUpID

Follow Andrea Bocelli: 
Instagram: https://www.instagram.com/andreabocelliofficial
Facebook: https://www.facebook.com/andreabocelli/YouTube
YouTube: https://www.youtube.com/channel/UCb4JB8-ZAeceuR7EPCPOPzg
TikTok:  https://www.tiktok.com/@andreabocelliof?lang=en
X: https://x.com/AndreaBocelliWebsite
Website: https://www.andreabocelli.com/

#AndreaBocelli #Bocelli #ShaniaTwain

Music video by Andrea Bocelli, Shania Twain performing Da Stanotte in Poi (From This Moment On) (Lyric Video). 
© 2024 Andrea Bocelli, under exclusive licence to Universal Music Operations Limited
http://vevo.ly/4QdQzQ",2024-07-11 23:01:00+00:00,51,527191,9944,469,False,PT3M56S,236,hd,false,True,Andrea Bocelli|Shania Twain|Decca (UMO) (Classics)|Pop,10,en,none,2024,789,False,False,3.933333333333333,0.018862233991096208,0.000889620649821412,668.1761723700887
uj4jH4bCVaQ,#TBT “Io Ci Sarò” performed by Andrea Bocelli and Lang Lang in 2007: andreabocelli.lnk.to/locisaro,,2024-07-11 15:54:53+00:00,52,50864,3058,66,False,PT21S,21,hd,false,False,,10,en-GB,none,2024,789,False,True,0.35,0.060121107266435984,0.0012975778546712802,64.46641318124207
xP97mKhbn7k,Andrea Bocelli and Laura Pausini performed “Dare To Live (Vivere)”: andreabocelli.lnk.to/daretolive,,2024-07-04 17:12:27+00:00,53,93033,4842,96,False,PT21S,21,hd,false,False,,10,en-GB,none,2024,796,False,True,0.35,0.052046048176453516,0.0010318919093224984,116.87562814070351
uY5Rvs1LEuM,Listen to “Amo Soltanto Te” featuring Ed Sheeran: andreabocelli.lnk.to/ast,,2024-06-27 16:12:41+00:00,54,32257,1718,73,False,PT1M1S,61,hd,false,False,,10,en-GB,none,2024,803,False,False,1.0166666666666666,0.053259757571999876,0.0022630746814644885,40.170610211706105
d81toF3Pbqw,#TBT A behind-the-scenes look at Andrea Bocelli and Giorgia original recording “Vivo Per Lei”,,2024-06-20 15:19:49+00:00,55,103314,4148,70,False,PT21S,21,hd,false,False,,10,en-GB,none,2024,810,False,True,0.35,0.04014944731594944,0.0006775461215324158,127.54814814814814
jQUbTD9G66g,"Celebrating the 25th anniversary of Andrea Bocelli’s 'Sogno', with a limited-edition reissue.",,2024-04-06 18:18:17+00:00,56,37006,3584,79,False,PT25S,25,hd,false,False,,10,en-GB,none,2024,885,False,True,0.4166666666666667,0.09684915959574122,0.0021347889531427335,41.81468926553672
AxV2Dh0M77c,"My Easter’, all the best Easter songs by Andrea Bocelli. Listen now on all streaming platforms!",,2024-03-27 13:39:08+00:00,57,62975,5611,107,False,PT30S,30,hd,false,False,,10,en-GB,none,2024,895,False,True,0.5,0.08909884874950377,0.0016990869392616117,70.36312849162012
Ng7JKZQXnWw,"Andrea Bocelli, Matteo Bocelli, Hans Zimmer - Time To Say Goodbye (Official Music Video)","Andrea Bocelli with Matteo Bocelli - Time To Say Goodbye 

Andrea Bocelli ‘Duets’ 30th Anniversary, 30 years of bringing people together.
The definitive collection of ‘Duets’ is released Friday 25th October.
Pre-Order 'Duets' here: https://AndreaBocelli.lnk.to/DuetsID

https://andreabocelli.lnk.to/TimeToSayGoodbye
Produced and arranged by Hans Zimmer

Andrea and Matteo Bocelli gave a surprise performance at 2024 Oscars® ceremony, for a very special rendition of ‘Time To Say Goodbye’. 
  
This brand new version of the beloved song, produced and arranged especially for them by two-time Oscar-winning composer Hans Zimmer is an ambitious reinvention of Andrea Bocelli’s hit song (Con te partirò) and marks the start his 30thanniversary year.
  
‘Time To Say Goodbye’ sees Andrea and Matteo Bocelli reunite on record following their hugely successful festive album, A Family Christmas, and, prior to that, their poignant duet ‘Fall On Me’, which has now racked up over 115 million views on YouTube for the accompanying music video. Hans Zimmer’s unique compositional style creates an epic soundscape for the new track and completely transforms Bocelli’s much-loved hit, whilst maintaining its rousing musical core and powerful vocals.
  
Andrea Bocelli is celebrating his 30th year in the music industry with a number of major moments throughout 2024, including live performances around the world (with some surprise guest stars), a new documentary called Andrea Bocelli: Because I Believe, and more exciting music releases and astonishing collaborations to come.
  
Join Andrea’s mailing list to receive regular updates: https://AndreaBocelli.lnk.to/MailingListSignUpID
  
Management:
Veronica Bocelli for Almud
Sara Formicola and Valentina Pianezzi for Almud Mgmt
Francesco Pasquero / Scott Rodger for Maverick
Jay Barbour / Lucie Panton / Kristina Keliris for Maverick Mgmt
  
Production Team:Video Director: Gaetano Morbioli
Video Producer: Laura Castellotti, Federica Filippini
Camera Operator: Emilio Cali, Alessio Stefenato
Audio Producer: Pierpaolo Guerrini
Editing: Gaetano Morbioli
Production company: Run Production
Location: Forte dei Marmi, ITALY
  
Follow Andrea:
Instagram: https://www.instagram.com/andreabocelliofficial
Facebook: https://www.facebook.com/andreabocelli/YouTube
YouTube: https://www.youtube.com/channel/UCb4JB8-ZAeceuR7EPCPOPzg
TikTok:  https://www.tiktok.com/@andreabocelliof?lang=en
X: https://x.com/AndreaBocelliWebsite
Website: https://www.andreabocelli.com/
  
Follow Matteo:
Facebook: https://MatteoBocelli.lnk.to/FacebookID
X:https://x.com/bocelli_matteo
Instagram: https://MatteoBocelli.lnk.to/InstagramID
TikTok: https://MatteoBocelli.lnk.to/TikTokID
Website: https://MatteoBocelli.lnk.to/WebID
  
#oscars #andreabocelli #matteobocelli #timetosaygoodbye #hanszimmer",2024-03-11 09:00:27+00:00,58,12144136,159753,5001,False,PT5M16S,316,hd,false,True,Andrea Bocelli|Matteo Bocelli|Hans Zimmer|Sugar s.r.l. under exclusive licence to Universal International Music B.V.|Classical Crossover,10,en-GB,none,2024,911,False,False,5.266666666666667,0.013154743985080536,0.000411803688627993,13330.555433589461
fIU9HZtVIP8,"Andrea Bocelli, Matteo Bocelli - Time To Say Goodbye (Live from The Oscars 2024)","Listen to Andrea Bocelli with Matteo Bocelli 'Time To Say Goodbye' Produced and arranged by Hans Zimmer: https://andreabocelli.lnk.to/TimeToSayGoodbye 
  Join Andrea’s mailing list to receive regular updates:https://andreabocelli.lnk.to/mailinglist 
  
Management: 
Veronica Bocelli for Almud 
Sara Formicola and Valentina Pianezzi for Almud Mgmt 
Francesco Pasquero / Scott Rodger for Maverick 
Jay Barbour / Lucie Panton / Kristina Keliris for Maverick Mgmt 
  
Follow Andrea: 
Instagram: https://www.instagram.com/andreabocelliofficial
Facebook: https://www.facebook.com/andreabocelli/YouTube
YouTube: https://www.youtube.com/channel/UCb4JB8-ZAeceuR7EPCPOPzg
TikTok:  https://www.tiktok.com/@andreabocelliof?lang=en
X: https://x.com/AndreaBocelliWebsite
Website: https://www.andreabocelli.com/

  
Follow Matteo: 
Facebook: https://MatteoBocelli.lnk.to/FacebookID 
X:https://x.com/bocelli_matteo 
Instagram: https://MatteoBocelli.lnk.to/InstagramID 
TikTok: https://MatteoBocelli.lnk.to/TikTokID 
Website: https://MatteoBocelli.lnk.to/WebID 
  
#oscars #andreabocelli #matteobocelli #timetosaygoodbye #hanszimmer",2024-03-11 02:59:21+00:00,59,2295094,31316,1123,False,PT1M58S,118,hd,false,True,Andrea Bocelli|Matteo Bocelli|Sugar s.r.l. under exclusive licence to Universal International Music B.V.|Classical Crossover,10,en-GB,none,2024,912,False,False,1.9666666666666666,0.013644757033916693,0.0004893045775031437,2516.5504385964914
ECVWAIjD5lY,"Dare To Be (From The Motion Picture ""Cabrini"") [Official Music VIdeo]","“Dare to Be” music video from the film ‘Cabrini’ performed by Andrea Bocelli and Virginia Bocelli.
Listen to ""Dare To Be"" here: http://andreabocelli.lnk.to/DareToBe  
Stream Andrea Bocelli: https://AndreaBocelli.lnk.to/streamID
Subscribe to Andrea Bocelli’s YouTube channel & ring the bell to never miss a new video: https://AndreaBocelli.lnk.to/YTSignUpID

Sign up for Andrea Bocelli’s Email List: https://AndreaBocelli.lnk.to/MailingListSignUpID

Follow Andrea Bocelli: 
Instagram: https://www.instagram.com/andreabocelliofficial
Facebook: https://www.facebook.com/andreabocelli/YouTube
YouTube: https://www.youtube.com/channel/UCb4JB8-ZAeceuR7EPCPOPzg
TikTok:  https://www.tiktok.com/@andreabocelliof?lang=en
X: https://x.com/AndreaBocelliWebsite
Website: https://www.andreabocelli.com/

#AndreaBocelli


Management:                 
Veronica Bocelli for Almud 
Sara Formicola and Valentina Pianezzi for Almud Mgmt
Francesco Pasquero / Scott Rodger for Maverick  
Jay Barbour / Lucie Panton / Kristina Keliris for Maverick Mgmt
 
Production Team: 
Video Director: Gaetano Morbioli for Run Multimedia
Production: Laura Castellotti, Federica Filippini 
Second operator: Alessio Stefenato 
Camera assistant: Brando Morbioli 
Video Editor: Aaron Antaloczy 


Music video by Andrea Bocelli, Virginia Bocelli performing Dare To Be (From The Motion Picture ""Cabrini""). A Decca Records release; © 2024 Andrea Bocelli, under exclusive licence to Universal Music Operations Limited",2024-02-23 05:00:06+00:00,60,2015641,33633,1533,False,PT4M5S,245,hd,false,True,Andrea Bocelli|Virginia Bocelli|Decca (UMO) (Classics)|Soundtrack,10,en,none,2024,929,False,False,4.083333333333333,0.016686007081618204,0.0007605521022840873,2169.6889128094726
6Nt7QwcSsRo,"‘My Love Songs’, all the best love songs by Bocelli. Listen now on all streaming platforms!",,2024-02-14 14:19:41+00:00,61,74016,6165,110,False,PT1M1S,61,hd,false,False,,10,en-GB,none,2024,937,False,False,1.0166666666666666,0.08329280155642023,0.0014861651534803285,78.99252934898612
oV5PTNIHB14,"Andrea Bocelli, Matteo Bocelli, Virginia Bocelli - Silent Night (from Monte Bianco)","Title of the song: Silent Night 
(Live from Monte Bianco, Italy)
The Deluxe Edition of Andrea, Matteo & Virginia Bocelli’s magical album ‘A Family Christmas’ - Deluxe Edition, featuring four brand new recordings and five additional bonus track.
Listen / Order the album here: https://andreabocelli.lnk.to/FamilyChristmasDeluxeID
In collaboration with Valle D’Aosta - SkyWay Monte Bianco - Courmayeur Monte Bianco

This video was shot live at 3.466 meters on the SKYWAY Monte Bianco, Valle D’Aosta - Italy.Special thanks to CVA Energie.

Subscribe to Andrea Bocelli’s YouTube channel & ring the bell to never miss a new video: https://AndreaBocelli.lnk.to/YTSignUpID

Sign up for Andrea Bocelli’s Email List: https://AndreaBocelli.lnk.to/MailingListSignUpID

Follow Andrea Bocelli: 
Instagram: https://www.instagram.com/andreabocelliofficial
Facebook: https://www.facebook.com/andreabocelli/YouTube
YouTube: https://www.youtube.com/channel/UCb4JB8-ZAeceuR7EPCPOPzg
TikTok:  https://www.tiktok.com/@andreabocelliof?lang=en
X: https://x.com/AndreaBocelliWebsite
Website: https://www.andreabocelli.com/
#AndreaBocelli #Bocelli 


Directed by Riccardo Guernieri & Luca Scota

Excecutive Producers: Veronica Berti Bocelli for Almud - Francesco Pasquero for Maverick - Marco Marchesi Morselli for White Owl Tribe 

Associate Producers: Alessandro Padovan - Francesco Battisti

Director of Photography: Marco Bassano

Video Service and sound design: Strani Rumori Studio Multimedia
Editing: Riccardo Guernieri
Cameras: Jacopo Pietrucci - Luciano Desiati - Gianni Gaudenzi - Cristian Alberini
Drone Pilot: Emanuele Brambilla
Drone Operator: Diego Orel
Audio PD: Vanni Tagliavento
Production Co-ordinator for Strani rumori Studio Multimedia: Nicolo Baronci
Sound Design: William Antico
Backstage: Simone Sedevcic
Colourist: Riccardo Guernieri
Gaffer: Carmelo Scordia
Electrician: Giancarlo Albergo
Photographer: Luca Rossetti
Stylist: Ilaria Bartalini

Special thanks to Federica Bieller - Maria Lagazzi - Bella Vanacore Falco - Luigi Canavo - Raffaella Scalisi - Thomas Cantele - Laredo Musica

Andrea Bocelli & Matteo Bocelli wear
Stefano Ricci (Styled by Elisabetta Bardelli Ricci)

Virginia Bocelli wears Monnalisa

Please visit
www.andreabocelli.com
https://www.matteobocelli.it/
www.lovevda.it


Music video by Andrea Bocelli, Matteo Bocelli, Virginia Bocelli performing Silent Night (from Monte Bianco). A Decca/Capitol Records Recording; © 2023 Andrea & Matteo Bocelli, under exclusive licence to Universal Music Operations Ltd

http://vevo.ly/hvyW0p",2023-12-22 05:00:25+00:00,62,425394,11617,469,False,PT2M46S,166,hd,false,True,Andrea Bocelli|Matteo Bocelli|Virginia Bocelli|Decca (UMO) (Classics)|Holiday,10,it,none,2023,992,False,False,2.7666666666666666,0.027308800782333553,0.0011025073226232623,428.82459677419354
1STyaZA7-BY,"Andrea Bocelli, Matteo Bocelli - Holy Night / Cantique de Noël (The Chosen Performance)","Andrea Bocelli & Matteo Bocelli 
Cantique de Noël (Duet Version) Official Video
A Family Christmas (Deluxe Edition): Listen here: https://AndreaBocelli.lnk.to/FamilyChristmasDeluxeID
‘The Chosen’ Tv Series: https://linktr.ee/thechosentvseries

""Cantique De Noel” audio credit
Performed by Andrea Bocelli & Matteo Bocelli
Written by Adolphe Adam & Placide Cappeau
Translated by John Dwight
Arr. William Ross & J. Van Der Saag
Courtesy of Sugar Srl / Decca Record / Capitol Record
Published by Almud Ed. Musicali / Peermusic III, LTD (BMI) / Sugar Srl

Management:    
Veronica Bocelli for Almud
Francesco Pasquero for Maverick 
Assisted by Valentina Pianezzi

Production Credit

Location
Henraux Spa - Cava Cervaiole, Monte Altissimo, Seravezza
Special thanks to Paolo Carli       
 
Video
Director Gaetano Morbioli 
Director of Photography Marco Cuzzupoli 
Producer Tom Newman 
Producer Katherine Warnock 
Account Manager Laura Castellotti 

Production Assistant Massimiliano Urbani 
1st AC Stephen Cornacchia 
2nd AC Andrea Martella 
Steadycam Operator Giuseppe Torcaso 
Jimmy Jib Operator Gianpiero Gritti 
Focus Puller Jimmy Jib Luca Cacciatori 
Gaffer Matteo Piras 
Electrician Simone Wang 
Prop Designer Roberto Nespoli 
Chief Machinist Claudio Conti 
Assistant Gaffer Alessio Palombi 
Drone Pilot Giovanni Raiola 
Prop designer Roberto Nespoli 
Quarry Location Workers Claudio Conti Palombi Alessio Nespoli Roberto Daniele Mantovani Michele Giannelli Sergio Silvestri Riccardo Angelini Driver Marco De Angelis 
Piano Movers Alessio Marchesini Massimo Mazzarisi 

Wardrobe Stefano Ricci 
Styled by Elisabetta Bardelli Ricci 
Makeup Artist Antonella Melani 

Follow Andrea Bocelli
Subscribe to Andrea Bocelli’s YouTube channel & ring the bell to never miss a new video: https://AndreaBocelli.lnk.to/YTSignUpID

Sign up for Andrea Bocelli’s Email List: https://AndreaBocelli.lnk.to/MailingListSignUpID

Follow Andrea Bocelli: 
Instagram: https://www.instagram.com/andreabocelliofficial
Facebook: https://www.facebook.com/andreabocelli/YouTube
YouTube: https://www.youtube.com/channel/UCb4JB8-ZAeceuR7EPCPOPzg
TikTok:  https://www.tiktok.com/@andreabocelliof?lang=en
X: https://x.com/AndreaBocelliWebsite
Website: https://www.andreabocelli.com/
#AndreaBocelli #Bocelli 
Subscribe to Andrea Bocelli’s YouTube channel & ring the bell to never miss a new video: https://AndreaBocelli.lnk.to/YTSignUpID

Sign up for Andrea Bocelli’s Email List: https://AndreaBocelli.lnk.to/MailingListSignUpID

Follow Matteo Bocelli
Facebook: https://www.facebook.com/matteobocelli 
TikTok: https://www.tiktok.com/@matteo.bocelli
Instagram: https://www.instagram.com/matteobocelli
Twitter: https://twitter.com/bocelli_matteo

Music video by Andrea Bocelli, Matteo Bocelli performing Holy Night (The Chosen Performance). 

A Decca/Capitol Records Recording; © 2023 Andrea & Matteo Bocelli, under exclusive licence to Universal Music Operations Ltd",2023-12-18 09:00:02+00:00,63,2954201,52857,2056,False,PT4M26S,266,hd,false,True,Andrea Bocelli|Matteo Bocelli|Decca (UMO) (Classics)|Holiday,10,en,none,2023,995,False,False,4.433333333333334,0.017892147487594785,0.0006959580610797979,2969.046231155779
JWuLraQ1Ygo,"Andrea Bocelli, Matteo Bocelli - The Lord’s Prayer (Live from Monte Bianco)","Taken from the Deluxe Edition of Andrea, Matteo & Virginia Bocelli’s magical album ‘A Family Christmas’ - Deluxe Edition, featuring four brand new recordings and five additional bonus tracks.
Listen / Order the album here: https://andreabocelli.lnk.to/FamilyChristmasDeluxeID 

Subscribe to Andrea Bocelli’s YouTube channel & ring the bell to never miss a new video: https://AndreaBocelli.lnk.to/YTSignUpID

Sign up for Andrea Bocelli’s Email List: https://AndreaBocelli.lnk.to/MailingListSignUpID

Follow Andrea Bocelli: 
Instagram: https://www.instagram.com/andreabocelliofficial
Facebook: https://www.facebook.com/andreabocelli/YouTube
YouTube: https://www.youtube.com/channel/UCb4JB8-ZAeceuR7EPCPOPzg
TikTok:  https://www.tiktok.com/@andreabocelliof?lang=en
X: https://x.com/AndreaBocelliWebsite
Website: https://www.andreabocelli.com/
#AndreaBocelli #Bocelli 

A White Owl Production 
Directed by Riccardo Guernieri
Luca Scota
 
Excecutive Producers
Marco Marches Morselli for White Owl Tribe
Veronica Berti for Almud
Francesco Pasquero for Maverick
 
Associate Producers
Alessandro Padovan
Francesco Battisti
 
Audio and Video Crew
Marco Bassano
 
Video Service and sound design
Strani Rumori Studio Multimedia
 
Editing 
Riccardo Guernieri
 
Cameras
Jacopo Pietrucci
Luciano Desiati
Gianni Gaudenzi
Cristian Alberini 
 
Drone Pilot
Emanuele Brambilla 
 
Drone Operator
Diego Orel
 
Audio PD
Vanni Tagliavento
 
Production Co-ordinator for Strani Media
Nicolo Baronci
 
Sound Design
William Antico
 
Backstage 
Simone Sedevcic
 
Colourist
Riccardo Guernieri
 
Gaffer
Carmelo Scordia
 
Electrician 
Giancarlo Albergo
 
Electrician
Giancarlo Albergo
 
Production co-ordinator
Valentina Brossa
 
Photographer
Luca Rossetti
 
In collaboration with 
Valle D’Aosta
Sky Monet Bianco
Courmayeur Monet Bianco
 
This video was shot at SKY WAY Monte Bianco
Valle D’Aosta - Italy
Special thanks to CVA Energie
Please visit www.lovevda.it
 
The producers which to thank
Frederica Bieller
Maria Lagazzi
Bella Vanacore Falco
Luigi Canavo
Raffaella Scalisi
Thomas Cantele
Laredo Musica
 
Special thanks to:
 
Artistic Director
Stefano Scozzese
 
Media Management at Scozzese
Luca Oldini
 
Ufficio Stampa Mn Italia
Marianna Petruzzi
 
Andrea Bocelli wears
Stefano Ricci

Music video by Andrea Bocelli, Matteo Bocelli, Virginia Bocelli performing The Lord’s Prayer (from Monte Bianco). A Decca/Capitol Records Recording; © 2023 Andrea & Matteo Bocelli, under exclusive licence to Universal Music Operations Ltd

http://vevo.ly/sA3If5",2023-12-15 05:00:09+00:00,64,1416378,34455,1696,False,PT4M23S,263,hd,false,True,Andrea Bocelli|Matteo Bocelli|Virginia Bocelli|Decca (UMO) (Classics)|Holiday,10,it,none,2023,999,False,False,4.383333333333334,0.024326133277980878,0.0011974204626166178,1417.7957957957958
vvRFXsGQiPU,"Andrea Bocelli, Matteo Bocelli, Virginia Bocelli - White Christmas (from Monte Bianco)","Taken from the Deluxe Edition of Andrea, Matteo & Virginia Bocelli’s magical album ‘A Family Christmas’ - Deluxe Edition, featuring four brand new recordings and five additional bonus tracks.
Listen / Order the album here: https://andreabocelli.lnk.to/FamilyChristmasDeluxeID 

Subscribe to Andrea Bocelli’s YouTube channel & ring the bell to never miss a new video: https://AndreaBocelli.lnk.to/YTSignUpID

Sign up for Andrea Bocelli’s Email List: https://AndreaBocelli.lnk.to/MailingListSignUpID

Follow Andrea Bocelli: 
Instagram: https://www.instagram.com/andreabocelliofficial
Facebook: https://www.facebook.com/andreabocelli/YouTube
YouTube: https://www.youtube.com/channel/UCb4JB8-ZAeceuR7EPCPOPzg
TikTok:  https://www.tiktok.com/@andreabocelliof?lang=en
X: https://x.com/AndreaBocelliWebsite
Website: https://www.andreabocelli.com/
#AndreaBocelli #Bocelli 

A White Owl Production 
Directed by Riccardo Guernieri
Luca Scota
 
Excecutive Producers
Marco Marches Morselli for White Owl Tribe
Veronica Berti for Almud
Francesco Pasquero for Maverick
 
Associate Producers
Alessandro Padovan
Francesco Battisti
 
Audio and Video Crew
Marco Bassano
 
Video Service and sound design
Strani Rumori Studio Multimedia
 
Editing 
Riccardo Guernieri
 
Cameras
Jacopo Pietrucci
Luciano Desiati
Gianni Gaudenzi
Cristian Alberini 
 
Drone Pilot
Emanuele Brambilla 
 
Drone Operator
Diego Orel
 
Audio PD
Vanni Tagliavento
 
Production Co-ordinator for Strani Media
Nicolo Baronci
 
Sound Design
William Antico
 
Backstage 
Simone Sedevcic
 
Colourist
Riccardo Guernieri
 
Gaffer
Carmelo Scordia
 
Electrician 
Giancarlo Albergo
 
Electrician
Giancarlo Albergo
 
Production co-ordinator
Valentina Brossa
 
Photographer
Luca Rossetti
 
In collaboration with 
Valle D’Aosta
Sky Monet Bianco
Courmayeur Monet Bianco
 
This video was shot at SKY WAY Monte Bianco
Valle D’Aosta - Italy
Special thanks to CVA Energie
Please visit www.lovevda.it
 
The producers which to thank
Frederica Bieller
Maria Lagazzi
Bella Vanacore Falco
Luigi Canavo
Raffaella Scalisi
Thomas Cantele
Laredo Musica
 
Special thanks to:
 
Artistic Director
Stefano Scozzese
 
Media Management at Scozzese
Luca Oldini
 
Ufficio Stampa Mn Italia
Marianna Petruzzi
 
Andrea Bocelli wears
Stefano Ricci

Music video by Andrea Bocelli, Matteo Bocelli, Virginia Bocelli performing White Christmas (from Monte Bianco). A Decca/Capitol Records Recording; © 2023 Andrea & Matteo Bocelli, under exclusive licence to Universal Music Operations Ltd

http://vevo.ly/0LBDeb",2023-12-13 05:00:27+00:00,65,277129,7612,358,False,PT3M56S,236,hd,false,True,Andrea Bocelli|Matteo Bocelli|Virginia Bocelli|Decca (UMO) (Classics)|Holiday,10,en,none,2023,1001,False,False,3.933333333333333,0.027467352749080753,0.0012918171681779965,276.8521478521479
hubDvbETH2E,Il Giorno Piu Speciale (Live from Monte Bianco),"Andrea Bocelli, Matteo Bocelli, Virginia Bocelli - Il Giorno Piu Speciale (Live from Monte Bianco)

Original version of ’Il Giorno Piu Speciale’ available on the Deluxe Edition of Andrea, Matteo & Virginia Bocelli’s magical album ‘A Family Christmas’ - Deluxe Edition, featuring four brand new recordings and five additional bonus track.
Listen / Order the album here: https://andreabocelli.lnk.to/FamilyChristmasDeluxeID
In collaboration with Valle D’Aosta - SkyWay Monte Bianco - Courmayeur Monte Bianco

This video was shot live at 3.466 meters on the SKYWAY Monte Bianco, Valle D’Aosta - Italy.Special thanks to CVA Energie.

Directed by Riccardo Guernieri & Luca Scota

Excecutive Producers: Veronica Berti Bocelli for Almud - Francesco Pasquero for Maverick - Marco Marchesi Morselli for White Owl Tribe 

Associate Producers: Alessandro Padovan - Francesco Battisti

Director of Photography: Marco Bassano

Video Service and sound design: Strani Rumori Studio Multimedia
Editing: Riccardo Guernieri
Cameras: Jacopo Pietrucci - Luciano Desiati - Gianni Gaudenzi - Cristian Alberini
Drone Pilot: Emanuele Brambilla
Drone Operator: Diego Orel
Audio PD: Vanni Tagliavento
Production Co-ordinator for Strani rumori Studio Multimedia: Nicolo Baronci
Sound Design: William Antico
Backstage: Simone Sedevcic
Colourist: Riccardo Guernieri
Gaffer: Carmelo Scordia
Electrician: Giancarlo Albergo
Photographer: Luca Rossetti
Stylist: Ilaria Bartalini

Special thanks to Federica Bieller - Maria Lagazzi - Bella Vanacore Falco - Luigi Canavo - Raffaella Scalisi - Thomas Cantele - Laredo Musica

Andrea Bocelli & Matteo Bocelli wear
Stefano Ricci (Styled by Elisabetta Bardelli Ricci)

Virginia Bocelli wears Monnalisa

Please visit
www.andreabocelli.com
https://www.matteobocelli.it/
www.lovevda.it

Subscribe to Andrea Bocelli’s YouTube channel & ring the bell to never miss a new video: https://AndreaBocelli.lnk.to/YTSignUpID

Sign up for Andrea Bocelli’s Email List: https://AndreaBocelli.lnk.to/MailingListSignUpID

Follow Andrea Bocelli: 
Instagram: https://www.instagram.com/andreabocelliofficial
Facebook: https://www.facebook.com/andreabocelli/YouTube
YouTube: https://www.youtube.com/channel/UCb4JB8-ZAeceuR7EPCPOPzg
TikTok:  https://www.tiktok.com/@andreabocelliof?lang=en
X: https://x.com/AndreaBocelliWebsite
Website: https://www.andreabocelli.com/
#AndreaBocelli #Bocelli 

Music video by Andrea Bocelli, Matteo Bocelli, Virginia Bocelli performing Il Giorno Piu Speciale (from Monte Bianco). A Decca/Capitol Records Recording; © 2023 Andrea & Matteo Bocelli, under exclusive licence to Universal Music Operations Ltd

http://vevo.ly/thXxTp",2023-11-22 05:00:24+00:00,66,243607,8038,401,False,PT3M22S,202,hd,true,True,Andrea|Bocelli|Matteo|Virginia|Giorno|Piu|Speciale|(from|Monte|Bianco)|Decca|(UMO)|(Classics)|Holiday,10,it,none,2023,1022,False,False,3.3666666666666667,0.03299576777350405,0.0016460939135574922,238.36301369863014
dgGc5r6cSuk,"The Greatest Gift (Live from Monte Bianco, Italy)","Andrea Bocelli, Matteo Bocelli & Virginia Bocelli - The Greatest Gift (Live from Monte Bianco, Italy)
Original version of ’The Greatest Gift’ available on the Deluxe Edition of Andrea, Matteo & Virginia Bocelli’s magical album ‘A Family Christmas’ - Deluxe Edition, featuring four brand new recordings and five additional bonus track. Available everywhere now - https://andreabocelli.lnk.to/FamilyChristmasDeluxeID


In collaboration with Valle D’Aosta - SkyWay Monte Bianco - Courmayeur Monte Bianco

This video was shot live at 3.466 meters on the SKYWAY Monte Bianco, Valle D’Aosta - Italy.Special thanks to CVA Energie.

Directed by Riccardo Guernieri & Luca Scota

Excecutive Producers: Veronica Berti Bocelli for Almud - Francesco Pasquero for Maverick - Marco Marchesi Morselli for White Owl Tribe 

Associate Producers: Alessandro Padovan - Francesco Battisti

Director of Photography: Marco Bassano

Video Service and sound design: Strani Rumori Studio Multimedia
Editing: Riccardo Guernieri
Cameras: Jacopo Pietrucci - Luciano Desiati - Gianni Gaudenzi - Cristian Alberini
Drone Pilot: Emanuele Brambilla
Drone Operator: Diego Orel
Audio PD: Vanni Tagliavento
Production Co-ordinator for Strani rumori Studio Multimedia: Nicolo Baronci
Sound Design: William Antico
Backstage: Simone Sedevcic
Colourist: Riccardo Guernieri
Gaffer: Carmelo Scordia
Electrician: Giancarlo Albergo
Photographer: Luca Rossetti
Stylist: Ilaria Bartalini

Special thanks to Federica Bieller - Maria Lagazzi - Bella Vanacore Falco - Luigi Canavo - Raffaella Scalisi - Thomas Cantele - Laredo Musica

Andrea Bocelli & Matteo Bocelli wear Stefano Ricci (Styled by Elisabetta Bardelli Ricci)

Virginia Bocelli wears Monnalisa

Please visit
www.andreabocelli.com
https://www.matteobocelli.it/
www.lovevda.it


Music video by Andrea Bocelli, Matteo Bocelli, Virginia Bocelli performing The Greatest Gift (from Monte Bianco). A Decca/Capitol Records Recording; © 2023 Andrea & Matteo Bocelli, under exclusive licence to Universal Music Operations Ltd

http://vevo.ly/3Jgfsc",2023-11-17 05:00:24+00:00,67,3348903,58750,1803,False,PT3M58S,238,hd,true,True,Andrea|Bocelli|Matteo|Virginia|The|Greatest|Gift|(from|Monte|Bianco)|Decca|(UMO)|(Classics)|Holiday,10,it,none,2023,1027,False,False,3.966666666666667,0.017543058129781602,0.0005383852563063188,3260.8597857838363
YnwEZkIfjIo,Andrea and Virginia Bocelli - Winter Wonderland Lyric Video,"‘Winter Wonderland’ is from the Deluxe Edition of Andrea, Matteo & Virginia Bocelli’s magical album ‘A Family Christmas’, featuring four brand new recordings and five additional bonus tracks ‘A Family Christmas’ Deluxe Edition is available to order now: 

A Family Christmas Deluxe Edition” order here: https://andreabocelli.lnk.to/FamilyChristmasDeluxe

Management: 
Veronica Bocelli for Almud // Francesco Pasquero, Scott Rodger, Lucie Panton for Maverick

Follow Andrea Bocelli: 
https://www.facebook.com/andreabocelli
https://www.instagram.com/andreabocelliofficial
https://twitter.com/AndreaBocelli
https://www.tiktok.com/@andreabocelliof

Follow Virginia:
https://www.facebook.com/virginiabocelli
https://www.instagram.com/virginiabocelli
https://twitter.com/virginiabocelli
https://www.tiktok.com/@virginiabocelli

#afamilychristmas #andreabocelli",2023-11-14 19:33:58+00:00,68,164992,5119,282,False,PT2M34S,154,hd,false,False,,10,en-GB,none,2023,1029,False,False,2.566666666666667,0.031025746702870442,0.0017091737781225757,160.34207968901848
-p0gukNh-q8,Andrea Bocelli - “Festa” (From the John Lewis Christmas Advert 2023) Official Video,"Listen here: https://AndreaBocelli.lnk.to/FestaID

Watch the TV advert here: https://youtu.be/5y0fGsQU5zg?si=Kni4HC2DT5Hzqnh7

Join Andrea’s mailing list to receive updates about the “A Bocelli Family Christmas”: https://AndreaBocelli.lnk.to/Newslett…

Management:                
Veronica Bocelli for Almud
Francesco Pasquero / Scott Rodger / Jay Barbour / Lucie Panton / Kristina Keliris for Maverick 

Production Credits
Production House: Strani Rumori Studio Multimedia
Directed by Riccardo Guernieri & Diletta Fernandez
Director of Photography: Riccardo Marianeschi
Editing: Diletta Fernandez
Cameras: Riccardo Marianeschi - Riccardo Guernieri - Jacopo Pietrucci - Luciano Desiati 
DIT & Camera Assistant: Nicolò Baronci
Colourist for Strani Rumori  Studio Multimedia: Scota Luca
Set designer: Ilaria Bartalini
Style: Andrea Bocelli wears Stefano Ricci, styled by Elisabetta Ricci Bardelli

For Saatchi & Saatchi
CCO: Franki Goodwin
EXECUTIVE CREATIVE DIRECTOR: Paddy Fraser
SENIOR CREATIVES: Alex Kosterman, Avani Maan
EXECUTIVE DESIGN DIRECTOR: Nathan Crawford 
CHARACTER DESIGN: Kris Miklos
DESIGN TEAM: Simon Anderton, James Crickmore
CHIEF STRATEGY OFFICER: Richard Huntington
HEAD OF STRATEGY:  Sam Wise
SENIOR PLANNER: Polly Goodman
MANAGING DIRECTOR: Sarah Jenkins
MANAGING PARTNER: Humphrey Taylor
BUSINESS LEAD: Rania Kouros
ACCOUNT DIRECTOR: Jack Steer
CHIEF PRODUCTION OFFICER: Jessica Ringshall
EXECUTIVE PRODUCTION DIRECTOR: Sam Robinson
AGENCY PRODUCER: Alex Pemberton
PRODUCTION ASSISTANT: Grace McDonagh

Riff Raff Films
DIRECTOR: Megaforce
PRODUCERS: Richard Weager, Tracey Cooper 
EXEC PRODUCER: Matthew Fone
PRODUCTION MANAGER: Savvas Stavrou
PRODUCTION ASSISTANTS: Rosa Galvin, Maddy Smith
DOP: Matias Boucard
1ST AD: Chris Kelly 
PRODUCTION DESIGNER: Marco Puig

Wake The Town
MUSIC SUPERVISOR: Dom Bastyra
MUSIC WRITERS & PRODUCERS: Le Feste Antonacci
PERFORMED BY: Maestro Andrea Bocelli
STUDIO SOUND ENG: Pierpaolo Guerrini",2023-11-14 09:00:00+00:00,69,251560,5094,316,False,PT2M48S,168,hd,false,False,,10,en-GB,none,2023,1029,False,False,2.8,0.020249642232469393,0.001256161551916044,244.47035957240038
YN3_tY7KIEA,"Andrea Bocelli, Virginia Bocelli - E'Natale! (Visualiser)","‘E'Natale!"" from the Deluxe Edition of Andrea, Matteo & Virginia Bocelli’s magical album ‘A Family Christmas’, featuring four brand new recordings and five additional bonus tracks ‘A Family Christmas’ Deluxe Edition is out now: 

Listen to ‘E'Natale!’ and order the album here: https://AndreaBocelli.lnk.to/FamilyChristmasDeluxeID
 
Join Andrea’s mailing list to receive updates about the “A Bocelli Family Christmas”: https://AndreaBocelli.lnk.to/NewsletterID 


Management:              Veronica Bocelli for Almud
                                       Francesco Pasquero/Scott Rodger/Lucie Panton for Maverick
 
Follow Andrea Bocelli: 
Facebook - https://www.facebook.com/AndreaBocelli 
Instagram - https://www.instagram.com/AndreaBocelli 
Twitter - https://twitter.com/AndreaBocelli 
YouTube -  https://www.youtube.com/user/andreabocelli
TikTok - https://www.tiktok.com/@andreabocelliof 

Follow Virginia: 
Instagram: https://www.instagram.com/virginiabocelli
TikTok: https://www.tiktok.com/@virginiabocelli 
Facebook: https://www.facebook.com/virginiabocelli 
Twitter: https://twitter.com/virginiabocelli 

Music video by Andrea Bocelli, Matteo Bocelli, Virginia Bocelli performing E'Natale! (Visualiser). A Decca/Capitol Records Recording; © 2023 Andrea Bocelli, under exclusive licence to Universal Music Operations Limited

http://vevo.ly/nI0QfW",2023-11-10 00:00:18+00:00,70,134240,4061,180,False,PT2M21S,141,hd,false,True,Andrea|Bocelli|Matteo|Virginia|E'Natale!|(Visualiser)|Decca|(UMO)|(Classics)|Holiday,10,en,none,2023,1034,False,False,2.35,0.030251787842669846,0.0013408820023837903,129.82591876208897
M9ojuTFghJ0,"Andrea Bocelli, Virginia Bocelli - Silver Bells (Visualiser)","‘Silver Bells"" from the Deluxe Edition of Andrea, Matteo & Virginia Bocelli’s magical album ‘A Family Christmas’, featuring four brand new recordings and five additional bonus tracks ‘A Family Christmas’ Deluxe Edition is out now: 

Listen to ‘Silver Bells’ and order the album here: https://AndreaBocelli.lnk.to/FamilyChristmasDeluxeID
 
Join Andrea’s mailing list to receive updates about the “A Bocelli Family Christmas”: https://AndreaBocelli.lnk.to/NewsletterID 


Management:              Veronica Bocelli for Almud
                                       Francesco Pasquero/Scott Rodger/Lucie Panton for Maverick
 
Follow Andrea Bocelli: 
Facebook - https://www.facebook.com/AndreaBocelli 
Instagram - https://www.instagram.com/AndreaBocelli 
Twitter - https://twitter.com/AndreaBocelli 
YouTube -  https://www.youtube.com/user/andreabocelli
TikTok - https://www.tiktok.com/@andreabocelliof 

Follow Virginia: 
Instagram: https://www.instagram.com/virginiabocelli
TikTok: https://www.tiktok.com/@virginiabocelli 
Facebook: https://www.facebook.com/virginiabocelli 
Twitter: https://twitter.com/virginiabocelli 

Music video by Andrea Bocelli, Matteo Bocelli, Virginia Bocelli performing Silver Bells (Visualiser). A Decca/Capitol Records Recording; © 2023 Andrea Bocelli, under exclusive licence to Universal Music Operations Limited

http://vevo.ly/4zxN4m",2023-11-10 00:00:16+00:00,71,224802,6844,332,False,PT2M37S,157,hd,false,True,Andrea|Bocelli|Matteo|Virginia|Silver|Bells|(Visualiser)|Decca|(UMO)|(Classics)|Holiday,10,en,none,2023,1034,False,False,2.6166666666666667,0.030444568998496454,0.001476855188121102,217.41005802707932
uTySS4VfK9E,The Deluxe Edition of 'A Family Christmas' is out 10th November.,,2023-10-19 15:46:55+00:00,72,85604,5812,124,False,PT31S,31,hd,false,False,,10,en-GB,none,2023,1055,False,True,0.5166666666666667,0.06789402364375496,0.0014485304425026868,81.14123222748815
nHE_pUA78Kg,"Andrea Bocelli, Matteo Bocelli, Virginia Bocelli - Let It Snow","Music video by Andrea Bocelli, Matteo Bocelli, Virginia Bocelli performing Let It Snow.© 2023 Andrea Bocelli, under exclusive licence to Universal Music Operations Limited",2023-10-19 08:00:31+00:00,73,1461190,23740,659,False,PT1M58S,118,hd,true,True,Andrea Bocelli|Matteo Bocelli|Virginia Bocelli|Decca (UMO) (Classics)|Holiday,10,en,none,2023,1055,False,False,1.9666666666666666,0.016247031529096147,0.0004510022652769318,1385.0142180094788
uV_Q8MWYkqs,"Riding through Central Park, #ny",,2023-03-25 10:33:13+00:00,74,80698,4932,135,False,PT39S,39,hd,false,False,,10,it,none,2023,1263,False,True,0.65,0.061116756301271405,0.001672903913355969,63.893903404592244
9giIQ8OyOaI,"Andrea Bocelli, Matteo Bocelli, Virginia Bocelli - Away In A Manger","Music video by Andrea Bocelli, Matteo Bocelli, Virginia Bocelli performing Away In A Manger. A Decca/Capitol Records Recording; © 2022 Andrea & Matteo Bocelli, under exclusive licence to Universal Music Operations Ltd

Subscribe to Andrea Bocelli’s YouTube channel & ring the bell to never miss a new video: https://AndreaBocelli.lnk.to/YTSignUpID

Sign up for Andrea Bocelli’s Email List: https://AndreaBocelli.lnk.to/MailingListSignUpID

Follow Andrea Bocelli: 
Instagram: https://www.instagram.com/andreabocelliofficial
Facebook: https://www.facebook.com/andreabocelli/YouTube
YouTube: https://www.youtube.com/channel/UCb4JB8-ZAeceuR7EPCPOPzg
TikTok:  https://www.tiktok.com/@andreabocelliof?lang=en
X: https://x.com/AndreaBocelliWebsite
Website: https://www.andreabocelli.com/
#AndreaBocelli #Bocelli 

http://vevo.ly/nPbfo2",2022-12-31 17:00:05+00:00,75,1964056,29104,1411,False,PT2M43S,163,hd,true,True,Andrea Bocelli|Matteo Bocelli|Virginia Bocelli|Decca (UMO) (Classics)|Holiday,10,en,none,2022,1347,False,False,2.716666666666667,0.014818314752736175,0.0007184112876618589,1458.0965107646623
v3Xy1FaBlWg,To you and your family our best wishes for a #MerryChristmas! 🌟,,2022-12-25 09:54:05+00:00,76,149614,14260,578,False,PT1M,60,hd,false,False,,10,en,none,2022,1353,False,True,1.0,0.09531193604876549,0.0038632748272220516,110.57945306725794
x7kaL10DM58,A Family Christmas - album cover making of,"A Christmas album cover bears the responsibility of representing timeless values, like the Christmas songs, which will become the soundtrack of family dinners for years to come.
This cover is 100% authentic.
This is what the Bocelli family is always like, and maybe this album is a testament to that wonderful authenticity.

Stefano Scozzese  - Creative Director

-----------------
 
Follow Andrea Bocelli:
Facebook - https://www.facebook.com/AndreaBocelli
Instagram - https://www.instagram.com/AndreaBocelli
Twitter - https://twitter.com/AndreaBocelli
YouTube - https://www.youtube.com/AndreaBocelli
TikTok: https://www.tiktok.com/@andreabocelliof
 
Follow Matteo Bocelli:
Facebook: https://www.facebook.com/matteobocell...
TikTok: www.tiktok.com/@matteo.bocelli
Instagram: https://www.instagram.com/matteobocelli
Youtube: https://www.youtube.com/MatteoBocelli
Twitter: https://twitter.com/bocelli_matteo
 
Follow Virginia:
Instagram: https://www.instagram.com/virginiaboc...
TikTok: https://www.tiktok.com/@virginiabocelli
Facebook: https://www.facebook.com/virginiabocelli
Twitter: https://twitter.com/virginiabocelli",2022-12-23 20:19:00+00:00,77,457713,7072,404,False,PT4M22S,262,hd,false,False,,10,en,none,2022,1355,False,False,4.366666666666666,0.015450730042624964,0.0008826491709870596,337.79557195571954
CBRIt05Ye4A,Do You Hear What I Hear? (Lyric Video),"‘Do You Hear What I Hear' is taken from Andrea, Matteo & Virginia Bocelli’s new album ‘A Family Christmas’. Out now: https://AndreaBocelli.lnk.to/AFCID
 
Order now on CD & vinyl: https://AndreaBocelli.lnk.to/OfficialStoreID
 
This holiday season, Andrea, Matteo and Virginia Bocelli have come together for their first ever family album, “A Family Christmas”. The recording showcases their multi-generational musical talent in a range of festive favourites. “We are offering our small, intimate, and heartfelt gift to anyone who wishes to enjoy the soundtrack of Christmas in the Bocelli home” the family says. The album includes many Christmas favourites including Away in a Manager, Happy Xmas (War is Over), Feliz Navidad, Have Yourself a Merry Little Christmas, Over The Rainbow, and the brand new single ‘The Greatest Gift’ and many more. 
 
MANAGEMENT Andrea, Matteo and Virginia Bocelli are managed by Almud & Maverick – Quest Artists Management Andrea Bocelli Business Management Office: Veronica Berti Maverick / Quest Artist: Francesco Pasquero and Scott Rodger Management: Lucie Panton Business Affairs: Jay Barbour Creative Coordinator: Kristina Keliris P.M. for Almud: Sara Formicola P.A. for Matteo Bocelli: Anna Caligaris P.A, for Virginia Bocelli: Kate Barton P.A. for Andrea Bocelli: Luca Casini & Sergio Assolari
 
Subscribe to Andrea Bocelli’s YouTube channel & ring the bell to never miss a new video: https://AndreaBocelli.lnk.to/YTSignUpID

Sign up for Andrea Bocelli’s Email List: https://AndreaBocelli.lnk.to/MailingListSignUpID

Follow Andrea Bocelli: 
Instagram: https://www.instagram.com/andreabocelliofficial
Facebook: https://www.facebook.com/andreabocelli/YouTube
YouTube: https://www.youtube.com/channel/UCb4JB8-ZAeceuR7EPCPOPzg
TikTok:  https://www.tiktok.com/@andreabocelliof?lang=en
X: https://x.com/AndreaBocelliWebsite
Website: https://www.andreabocelli.com/
#AndreaBocelli #Bocelli #Christmas

Follow Matteo: 
Facebook: hhttps://www.facebook.com/matteobocell… 
Twitter: https://twitter.com/bocelli_matteo 
Instagram: https://www.instagram.com/matteobocelli 
Youtube: https://www.youtube.com/MatteoBocelli 
TikTok: www.tiktok.com/@matteo.bocelli 

Follow Virginia: Instagram:https://www.instagram.com/virginiaboc… 
TikTok: https://www.tiktok.com/@virginiabocelli 
Facebook: https://www.facebook.com/virginiabocelli 
Twitter: https://twitter.com/virginiabocelli 

Tracklist: 
1. Do You Hear What I Hear? 
2. Away in a Manger 
3. Feliz Navidad 
4. The First Noël 
5. Have Yourself a Merry Little Christmas 
6. Over the Rainbow 
7. Buon Natale 
8. Joy To The World 
9. The Greatest Gift 
10. When Christmas Comes to Town 
11. Happy Xmas (War is Over) 
12. Il Giorno più Speciale 
13. I’ll Be Home For Christmas 

#AFamilyChristmas #Bocelli #CelebrateTogetherness



Music video by Andrea Bocelli, Matteo Bocelli, Virginia Bocelli performing Do You Hear What I Hear? (Lyric Video). A Decca/Capitol Records Recording; © 2022 Andrea & Matteo Bocelli, under exclusive licence to Universal Music Operations Ltd

http://vevo.ly/14v2Bx",2022-12-16 17:00:07+00:00,78,203426,5280,273,False,PT3M,180,hd,false,True,Andrea|Bocelli|Matteo|Virginia|You|Hear|What|Hear?|(Lyric|Video)|Decca|(UMO)|(Classics)|Holiday|christmas|classical,10,en,none,2022,1362,False,False,3.0,0.025955384267497765,0.0013420113456490321,149.3582966226138
mqVpyKd2mwo,"Andrea, Matteo & Virgina Bocelli & The Simpsons - Feliz Navidad","The Simpson Meet The Bocellis in 'Feliz Navid’ streaming now on DisneyPlus!
Listen here: https://AndreaBocelli.lnk.to/simpsons

Original version of ‘Feliz Navidad’ available on ‘A Family Christmas’ available to order & stream now: https://AndreaBocelli.lnk.to/AFCID

Join Andrea’s mailing list to receive updates about the “A Bocelli Family Christmas”: https://AndreaBocelli.lnk.to/Newslett...

Follow Andrea Bocelli:
Facebook - https://www.facebook.com/AndreaBocelli
Instagram - https://www.instagram.com/AndreaBocelli
Twitter - https://twitter.com/AndreaBocelli
YouTube - https://www.youtube.com/AndreaBocelli
TikTok: https://www.tiktok.com/@andreabocelliof
 
Follow Matteo Bocelli:
Facebook: https://www.facebook.com/matteobocell...
TikTok: www.tiktok.com/@matteo.bocelli
Instagram: https://www.instagram.com/matteobocelli
Youtube: https://www.youtube.com/MatteoBocelli
Twitter: https://twitter.com/bocelli_matteo
 
Follow Virginia:
Instagram: https://www.instagram.com/virginiaboc...
TikTok: https://www.tiktok.com/@virginiabocelli
Facebook: https://www.facebook.com/virginiabocelli
Twitter: https://twitter.com/virginiabocelli

#bocellis #thesimpsons",2022-12-16 09:05:52+00:00,79,203876,4649,183,False,PT2M,120,hd,false,False,,10,en,none,2022,1362,False,False,2.0,0.022803076379760246,0.0008976044262198591,149.68869309838473
YKQgl4CUJu8,"Andrea Bocelli, Matteo Bocelli, Virginia Bocelli - Buon Natale A Tutto Il Mondo","Music video by Andrea Bocelli, Matteo Bocelli, Virginia Bocelli performing Buon Natale A Tutto Il Mondo.© 2022 Andrea & Matteo Bocelli, under exclusive licence to Universal Music Operations Ltd",2022-12-13 17:00:30+00:00,80,390520,7684,350,False,PT3M2S,182,hd,false,True,Andrea|Bocelli|Matteo|Virginia|Buon|Natale|Decca|(UMO)|(Classics)|Holiday|#AFamilyChristmas #Bocelli #CelebrateTogetherness #TheGreatestGift|#AFamilyChristmas|#Bocelli|#CelebrateTogetherness|#The Greatest Gift|Andrea Bocelli|Matteo Bocelli|Virginia Bocelli|(Official Music Video)|Buon Natale Tutto Il Mondo|CHRISTMAS,10,it,none,2022,1365,False,False,3.033333333333333,0.019676328997234458,0.0008962409095564888,286.0952380952381
mIsvwAK2NKE,"Andrea, Matteo, Virginia Bocelli and Pentatonix - Do You Hear What I Hear?","Andrea, Matteo, Virginia Bocelli and Pentatonix - Do You Hear What I Hear?
Listen here: https://AndreaBocelli.lnk.to/Pentatonix

Original version of ‘Do You Hear What I Hear?’ available on ‘A Family Christmas’ available to order & stream now: https://AndreaBocelli.lnk.to/AFCID

 
Follow Andrea Bocelli:
Facebook - https://www.facebook.com/AndreaBocelli
Instagram - https://www.instagram.com/AndreaBocelli
Twitter - https://twitter.com/AndreaBocelli
YouTube - https://www.youtube.com/AndreaBocelli
TikTok: https://www.tiktok.com/@andreabocelliof
 
Follow Matteo Bocelli:
Facebook: https://www.facebook.com/matteobocell...
TikTok: www.tiktok.com/@matteo.bocelli
Instagram: https://www.instagram.com/matteobocelli
Youtube: https://www.youtube.com/MatteoBocelli
Twitter: https://twitter.com/bocelli_matteo
 
Follow Virginia:
Instagram: https://www.instagram.com/virginiaboc...
TikTok: https://www.tiktok.com/@virginiabocelli
Facebook: https://www.facebook.com/virginiabocelli
Twitter: https://twitter.com/virginiabocelli",2022-12-09 00:01:00+00:00,81,317888,8059,305,False,PT3M,180,hd,false,False,,10,en,none,2022,1370,False,False,3.0,0.02535169619488625,0.0009594574189651701,232.03503649635036
TcveSZ2uctU,"Andrea, Matteo & Virginia Bocelli - A Bocelli Family Christmas (After Party)","A Bocelli Family Christmas - Sunday 4th December at 5pm GMT / 6pm CET / 9am PT, 12pm ET
Rediscover the wonder of Christmas here on YouTube with the musical performance of the season - click ‘Notify Me’ to set your reminder.

In partnership with: music.youtube.com | TBN 
In collaboration with: Valle D'Aosta | Courmayeur Mont Blanc

TBN Presents A Bocelli Family Christmas (Special Edition) premieres 16th Dec - 8/9/10/11pm ET

A Family Christmas - the album - out now: https://AndreaBocelli.lnk.to/AFCID

MANAGEMENT 
Andrea, Matteo and Virginia Bocelli are managed by
Almud & Maverick – Quest Artists Management
Andrea Bocelli Business Management Office: Veronica Berti
Maverick / Quest Artist: Francesco Pasquero and Scott Rodger
Management: Lucie Panton
Business Affairs: Jay Barbour
Creative Coordinator: Kristina Keliris
P.M. for Almud: Sara Formicola
P.A. for Matteo Bocelli: Anna Caligaris
P.A, for Virginia Bocelli: Kate Barton
P.A. for Andrea Bocelli: Luca Casini & Sergio Assolari
 
Bocelli’s Stylist: Ilaria Bartalini 
Outfit:
Stefano Ricci
Ermenegildo Zegna
Monnalisa Abbigliamento
 
#AFamilyChristmas #Bocelli #CelebrateTogetherness #TheGreatestGift
 
---
 
 A Bocelli Family Christmas credits:
 
This video has been shot at Castel Savoia, Gressoney - Valle D’Aosta – Italy
Special thanks to Regione Autonoma Valle d’Aosta, Courmayeur Mont Blanc, CVA Energie, Skyway Monte Bianco. Please visit lovevda.it
 
Produced by Trinity Broadcasting Network 
In association with Impact Productions and Fargo Films  
Executive Produced by Matthew and Laurie Crouch for TBN
Produced by Tom Newman, Candace Lee, and Kristian Kelly for Impact Productions 
Producer: Marco Marchesi Morselli
Director and Editing: Gaetano Morbioli
Director’s Assist/ Producer for Run Production: Laura Castellotti
DOP: Davide Crippa
Production Design: Gianni Brugnoli
Executive Producer: Federico Mazzola

-----------------
 
Follow Andrea Bocelli:
Facebook - https://www.facebook.com/AndreaBocelli
Instagram - https://www.instagram.com/AndreaBocelli
Twitter - https://twitter.com/AndreaBocelli
YouTube - https://www.youtube.com/AndreaBocelli
TikTok: https://www.tiktok.com/@andreabocelliof
 
Follow Matteo Bocelli:
Facebook: https://www.facebook.com/matteobocell...
TikTok: www.tiktok.com/@matteo.bocelli
Instagram: https://www.instagram.com/matteobocelli
Youtube: https://www.youtube.com/MatteoBocelli
Twitter: https://twitter.com/bocelli_matteo
 
Follow Virginia:
Instagram: https://www.instagram.com/virginiaboc...
TikTok: https://www.tiktok.com/@virginiabocelli
Facebook: https://www.facebook.com/virginiabocelli
Twitter: https://twitter.com/virginiabocelli",2022-12-04 17:54:05+00:00,82,0,5687,98,False,PT20M15S,1215,hd,false,False,,10,en,none,2022,1374,False,False,20.25,,,0.0
yCOuFxN7v-Y,"Andrea, Matteo & Virginia Bocelli - A Bocelli Family Christmas","Rediscover the wonder of Christmas here on YouTube with the musical performance of the season 

In partnership with: music.youtube.com | TBN 
In collaboration with: Valle D'Aosta | Courmayeur Mont Blanc

TBN Presents A Bocelli Family Christmas (Special Edition) premieres 16th Dec - 8/9/10/11pm ET

A Family Christmas - the album - out now: https://AndreaBocelli.lnk.to/AFCID

MANAGEMENT 
Andrea, Matteo and Virginia Bocelli are managed by
Almud & Maverick – Quest Artists Management
Andrea Bocelli Business Management Office: Veronica Berti
Maverick / Quest Artist: Francesco Pasquero and Scott Rodger
Management: Lucie Panton
Business Affairs: Jay Barbour
Creative Coordinator: Kristina Keliris
P.M. for Almud: Sara Formicola
P.A. for Matteo Bocelli: Anna Caligaris
P.A, for Virginia Bocelli: Kate Barton
P.A. for Andrea Bocelli: Luca Casini & Sergio Assolari
 
Bocelli’s Stylist: Ilaria Bartalini 
Outfit:
Stefano Ricci
Ermenegildo Zegna
Monnalisa Abbigliamento
 
#AFamilyChristmas #Bocelli #CelebrateTogetherness #TheGreatestGift
 
---
 
 A Bocelli Family Christmas credits:
 
This video has been shot at Castel Savoia, Gressoney - Valle D’Aosta – Italy
Special thanks to Regione Autonoma Valle d’Aosta, Courmayeur Mont Blanc, CVA Energie, Skyway Monte Bianco. Please visit lovevda.it
 
Produced by Trinity Broadcasting Network 
In association with Impact Productions and Fargo Films  
Executive Produced by Matthew and Laurie Crouch for TBN
Produced by Tom Newman, Candace Lee, and Kristian Kelly for Impact Productions 
Producer: Marco Marchesi Morselli
Director and Editing: Gaetano Morbioli
Director’s Assist/ Producer for Run Production: Laura Castellotti
DOP: Davide Crippa
Production Design: Gianni Brugnoli
Executive Producer: Federico Mazzola

-----------------
 
Follow Andrea Bocelli:
Facebook - https://www.facebook.com/AndreaBocelli
Instagram - https://www.instagram.com/AndreaBocelli
Twitter - https://twitter.com/AndreaBocelli
YouTube - https://www.youtube.com/AndreaBocelli
TikTok: https://www.tiktok.com/@andreabocelliof
 
Follow Matteo Bocelli:
Facebook: https://www.facebook.com/matteobocell...
TikTok: www.tiktok.com/@matteo.bocelli
Instagram: https://www.instagram.com/matteobocelli
Youtube: https://www.youtube.com/MatteoBocelli
Twitter: https://twitter.com/bocelli_matteo
 
Follow Virginia:
Instagram: https://www.instagram.com/virginiaboc...
TikTok: https://www.tiktok.com/@virginiabocelli
Facebook: https://www.facebook.com/virginiabocelli
Twitter: https://twitter.com/virginiabocelli",2022-12-04 17:35:27+00:00,83,12080099,177296,6272,False,PT30M39S,1839,hd,false,False,A Bocelli family Christmas|Livestream|Andrea Bocelli|Virginia Bocelli|Matteo Bocelli|Christmas|Away in a manger|The greatest gift|Feliz navidad|Bocelli Christmas live|Bocelli family|A family Christmas|Live|Christmas livestream|Natale|Family|Over the rainbow|Il giorno piu speciale|Buon natale|TBN production|Afterparty|Christmas story|Storytime|Greatest gift|Streaming|Music|Christmas music|My Christmas|Believe in Christmas|Adeste Fideles|Hallelujah,10,en,none,2022,1374,False,False,30.65,0.014676700911143195,0.0005192010429715849,8791.920669577874
YjWoEuSfsIk,"2 DAYS TO GO... Watch #ABocelliFamilyChristmas this Sunday, 4th December exclusively on YouTube!",,2022-12-02 19:49:53+00:00,84,90853,6578,123,False,PT51S,51,hd,false,False,,10,en,none,2022,1376,False,True,0.85,0.07240267244890097,0.0013538353163902127,66.02688953488372
HUlmzer_5TM,Andrea Bocelli - Santa Claus Is Coming To Town (Fireside Version) (Lyric Video),"Andrea Bocelli - Santa Claus Is Coming To Town (Fireside Version) (Lyric Video)

""Santa Claus is Coming to Town (Fireside Edition)"" is a beautiful new version of the Holiday classic from Andrea Bocelli. The track is part of a newly expanded digital edition of Andrea’s beloved 'My Christmas’ album.
Listen to Andrea Bocelli’s Christmas album 'My Christmas'  featuring 'Santa Claus Is Coming To Town (Fireside Edition)' here: https://andreabocelli.lnk.to/MyChristmasFiresideID
And listen to the new Christmas album 'A Family Christmas' here: https://AndreaBocelli.lnk.to/FamilyChristmasDeluxeID

Reborn for this holiday season, the album is also available as a new white & gold LP: https://AndreaBocelli.lnk.to/MyChristmasFiresideID
 
Subscribe to Andrea Bocelli’s YouTube channel & ring the bell to never miss a new video: https://AndreaBocelli.lnk.to/YTSignUpID

Sign up for Andrea Bocelli’s Email List: https://AndreaBocelli.lnk.to/MailingListSignUpID

Follow Andrea Bocelli: 
Instagram: https://www.instagram.com/andreabocelliofficial
Facebook: https://www.facebook.com/andreabocelli/YouTube
YouTube: https://www.youtube.com/channel/UCb4JB8-ZAeceuR7EPCPOPzg
TikTok:  https://www.tiktok.com/@andreabocelliof?lang=en
X: https://x.com/AndreaBocelliWebsite
Website: https://www.andreabocelli.com/
#AndreaBocelli #Bocelli 

Directed by: Ultraviolet
Animators: Matt Goldberg & Ryan Brant
 
#AndreaBocelli #Bocelli #AndreaBocelliMyChristmas #SantaClaus #SantaClausiscomingtotown",2022-11-23 00:00:07+00:00,85,213560,5556,226,False,PT3M33S,213,hd,false,True,Andrea Bocelli|Sugar s.r.l. under exclusive licence to Universal International Music B.V.|Pop,10,en,none,2022,1386,False,False,3.55,0.026016107885371793,0.0010582506087282262,154.08369408369407
M_RabTyhdUM,Andrea Bocelli - Silent Night (Fireside Version) (Lyric Video),"#AndreaBocelli #Bocelli #AndreaBocelliMyChristmas

""Silent Night (Fireside Edition)"" is a beautiful new version of the Holiday classic from Andrea Bocelli. The track is part of a newly expanded digital edition of Andrea’s beloved 'My Christmas’ album.
 
Reborn for this holiday season, the album is also available as a new white & gold LP: https://AndreaBocelli.lnk.to/MyChristmasFiresideID
 
Join Andrea’s mailing list to receive regular updates: https://AndreaBocelli.lnk.to/Newslett...
Subscribe to Andrea's YouTube Channel: https://www.youtube.com/c/AndreaBocel...
Listen to Andrea’s Essentials playlist: https://andreabocelli.lnk.to/Essentia...
 
Follow Andrea Bocelli:
Facebook - https://www.facebook.com/AndreaBocelli
Instagram - https://www.instagram.com/AndreaBocelli
Twitter - https://twitter.com/AndreaBocelli
YouTube - https://www.youtube.com/AndreaBocelli
TikTok: https://www.tiktok.com/@andreabocelliof
 
Directed by: Ultraviolet
Animators: Matt Goldberg & Ryan Brant
 
#AndreaBocelli #Bocelli #AndreaBocelliMyChristmas #SilentNight",2022-11-22 00:00:12+00:00,86,112718,3463,166,False,PT4M6S,246,hd,false,True,Andrea Bocelli|Universal Music Group International|Pop,10,en,none,2022,1387,False,False,4.1,0.03072268847921361,0.0014727017867598787,81.267483777938
GaKgof2TfLQ,"Andrea, Matteo & Virginia Bocelli - A Bocelli Family Christmas (Official Trailer)","Set your reminder now: https://AndreaBocelli.lnk.to/YTSpecialID

BREAKING NEWS
Premiere Sunday 4th December at 9am PT / 12pm ET / 5pm GMT

Rediscover the wonder of Christmas with the incredible musical event ‘A Bocelli Family Christmas’. The exclusive YouTube premiere of the Season!

In partnership with: music.youtube.com | TBN 
In collaboration with: Valle D'Aosta | Courmayeur Mont Blanc

Recorded at Castel Savoia, Gressoney-Saint-Jean, Valle d'Aosta  (IT)",2022-11-21 14:00:07+00:00,87,1226713,8342,295,False,PT1M,60,hd,false,False,,10,en,none,2022,1387,False,True,1.0,0.006800286619608661,0.00024048004708517804,884.436193222783
ZZIrnodc8LQ,Andrea Bocelli - The Lord's Prayer (Lyric Video) ft. The Tabernacle Choir at Temple Square,"Andrea Bocelli, The Tabernacle Choir at Temple Square - The Lord's Prayer (Lyric Video)

At Christmas, there is a little magic in the air. This festive period reminds us of the greatest magic of all: that the sun rises every day and bathes light on all of nature, the direct and perfect expression of the divine imagination.
Listen to Andrea Bocelli’s Christmas album 'My Christmas'  featuring 'The Lord's Prayer' here: https://andreabocelli.lnk.to/MyChristmasFiresideID
And listen to the new Christmas album 'A Family Christmas' here: https://AndreaBocelli.lnk.to/FamilyChristmasDeluxeID
 
Andrea’s beloved 'My Christmas’ release has been reborn this holiday season: a new white & gold LP and expanded digital 'Fireside Edition' are available now:https://AndreaBocelli.lnk.to/MyChristmasFiresideID
 
Join Andrea’s mailing list to receive regular updates: https://AndreaBocelli.lnk.to/Newslett...
Subscribe to Andrea's YouTube Channel: https://www.youtube.com/c/AndreaBocel...
Listen to Andrea’s Essentials playlist: https://andreabocelli.lnk.to/Essentia...
 
Follow Andrea Bocelli:
Facebook - https://www.facebook.com/AndreaBocelli
Instagram - https://www.instagram.com/AndreaBocelli
Twitter - https://twitter.com/AndreaBocelli
YouTube - https://www.youtube.com/AndreaBocelli
TikTok: https://www.tiktok.com/@andreabocelliof
 
Video Credits:
Directed by: Mero Studios
Produced by: Dreambear

#AndreaBocelli #Bocelli #AndreaBocelliMyChristmas #TheLordsPrayer",2022-11-21 00:00:18+00:00,88,854397,11753,665,False,PT4M24S,264,hd,false,True,Andrea Bocelli|The Tabernacle Choir at Temple Square|Sugar s.r.l. under exclusive licence to Universal International Music B.V.|Pop,10,en,none,2022,1388,False,False,4.4,0.013755900360137033,0.0007783267029261573,615.5597982708933
O83PBiGVbbc,"Andrea Bocelli, Matteo Bocelli, Virginia Bocelli - Il giorno piu speciale","Music video by Andrea Bocelli, Matteo Bocelli, Virginia Bocelli performing Il giorno piu speciale.© 2022 Andrea & Matteo Bocelli, under exclusive licence to Universal Music Operations Ltd",2022-11-18 17:00:32+00:00,89,1967292,32383,1206,False,PT3M13S,193,hd,false,True,Andrea Bocelli|Matteo Bocelli|Virginia Bocelli|Decca (UMO) (Classics)|Holiday,10,it,none,2022,1390,False,False,3.216666666666667,0.016460698259333134,0.000613025417680751,1415.3179856115107
hNwDY60SzZs,The Greatest Gift live at Royal Albert Hall (Royal British Legion’s Remembrance),"Subscribe to Andrea's YouTube:
https://www.youtube.com/c/AndreaBocelli?sub_confirmation=1
Listen to the Essentials playlist: https://andreabocelli.lnk.to/EssentialsID

Follow Andrea:
Facebook: https://www.facebook.com/AndreaBocelli
Instagram: https://www.instagram.com/AndreaBocelli
Twitter: https://twitter.com/AndreaBocelli
YouTube: https://www.youtube.com/AndreaBocelli
TikTok: https://www.tiktok.com/@andreabocelliof

#AndreaBocelli #Bocelli",2022-11-13 11:20:35+00:00,90,539863,32500,724,False,PT59S,59,hd,false,False,,10,en,none,2022,1395,False,True,0.9833333333333333,0.060200458264411526,0.0013410809779518136,386.9985663082437
QgioGSUUeL8,Andrea Bocelli – Blanca Navidad (Official Audio),"Taken from Andrea Bocelli's beloved multi-platinum My Christmas album - reborn and re-imagined for this holiday season! The original album has been completely re-mastered and is now available in a special expanded, Fireside Edition. The new 26-track version features tracks from Mi Navidad plus newly recorded, intimate fireside versions of three Christmas favorites: Silent Night, Santa Claus Is Coming To Town and O Tannenbaum.
Listen here now: https://andreabocelli.lnk.to/XmasSo

Subscribe to Andrea's YouTube:
https://www.youtube.com/c/AndreaBocelli?sub_confirmation=1
Listen to the Essentials playlist: https://andreabocelli.lnk.to/EssentialsID

Follow Andrea:
Facebook: https://www.facebook.com/AndreaBocelli
Instagram: https://www.instagram.com/AndreaBocelli
Twitter: https://twitter.com/AndreaBocelli
YouTube: https://www.youtube.com/AndreaBocelli
TikTok: https://www.tiktok.com/@andreabocelliof

#AndreaBocelli #Bocelli #Christmas #MyChristmas",2022-11-07 17:37:21+00:00,91,397065,4538,126,False,PT3M58S,238,hd,false,False,,10,en,none,2022,1401,False,False,3.966666666666667,0.011428859254781962,0.0003173283971138227,283.41541755888653
FO3XRjN6RCw,Andrea Bocelli – El Abeto (Official Audio),"Taken from Andrea Bocelli's beloved multi-platinum My Christmas album - reborn and re-imagined for this holiday season! The original album has been completely re-mastered and is now available in a special expanded, Fireside Edition. The new 26-track version features tracks from Mi Navidad plus newly recorded, intimate fireside versions of three Christmas favorites: Silent Night, Santa Claus Is Coming To Town and O Tannenbaum.
Listen here now: https://andreabocelli.lnk.to/XmasSo

Subscribe to Andrea's YouTube:
https://www.youtube.com/c/AndreaBocelli?sub_confirmation=1
Listen to the Essentials playlist: https://andreabocelli.lnk.to/EssentialsID

Follow Andrea:
Facebook: https://www.facebook.com/AndreaBocelli
Instagram: https://www.instagram.com/AndreaBocelli
Twitter: https://twitter.com/AndreaBocelli
YouTube: https://www.youtube.com/AndreaBocelli
TikTok: https://www.tiktok.com/@andreabocelliof

#AndreaBocelli #Bocelli #Christmas #MyChristmas",2022-11-07 17:37:20+00:00,92,175204,2049,82,False,PT4M16S,256,hd,false,False,,10,en,none,2022,1401,False,False,4.266666666666667,0.01169493847172439,0.00046802584415880916,125.05638829407566
HR1wvwm9mLE,Andrea Bocelli – Noche De Paz (Official Audio),"Taken from Andrea Bocelli's beloved multi-platinum My Christmas album - reborn and re-imagined for this holiday season! The original album has been completely re-mastered and is now available in a special expanded, Fireside Edition. The new 26-track version features tracks from Mi Navidad plus newly recorded, intimate fireside versions of three Christmas favorites: Silent Night, Santa Claus Is Coming To Town and O Tannenbaum.
Listen here now: https://andreabocelli.lnk.to/XmasSo

Subscribe to Andrea's YouTube:
https://www.youtube.com/c/AndreaBocelli?sub_confirmation=1
Listen to the Essentials playlist: https://andreabocelli.lnk.to/EssentialsID

Follow Andrea:
Facebook: https://www.facebook.com/AndreaBocelli
Instagram: https://www.instagram.com/AndreaBocelli
Twitter: https://twitter.com/AndreaBocelli
YouTube: https://www.youtube.com/AndreaBocelli
TikTok: https://www.tiktok.com/@andreabocelliof

#AndreaBocelli #Bocelli #Christmas #MyChristmas",2022-11-07 17:37:20+00:00,93,999293,10980,324,False,PT4M35S,275,hd,false,False,,10,en,none,2022,1401,False,False,4.583333333333333,0.010987768352225024,0.0003242292300656564,713.2712348322626
S4W1cYKeCsk,Andrea Bocelli – O Tannenbaum (Official Audio),"Taken from Andrea Bocelli's beloved multi-platinum My Christmas album - reborn and re-imagined for this holiday season! The original album has been completely re-mastered and is now available in a special expanded, Fireside Edition. The new 26-track version features tracks from Mi Navidad plus newly recorded, intimate fireside versions of three Christmas favorites: Silent Night, Santa Claus Is Coming To Town and O Tannenbaum.
Listen here now: https://andreabocelli.lnk.to/XmasSo

Subscribe to Andrea's YouTube:
https://www.youtube.com/c/AndreaBocelli?sub_confirmation=1
Listen to the Essentials playlist: https://andreabocelli.lnk.to/EssentialsID

Follow Andrea:
Facebook: https://www.facebook.com/AndreaBocelli
Instagram: https://www.instagram.com/AndreaBocelli
Twitter: https://twitter.com/AndreaBocelli
YouTube: https://www.youtube.com/AndreaBocelli
TikTok: https://www.tiktok.com/@andreabocelliof

#AndreaBocelli #Bocelli #Christmas #MyChristmas",2022-11-07 17:37:20+00:00,94,93819,1263,43,False,PT3M42S,222,hd,false,False,,10,en,none,2022,1401,False,False,3.7,0.013462091900361335,0.00045832933627516813,66.96573875802999
fU1F6kpvKH0,Andrea Bocelli – Bajas De Las Estrellas (Official Audio),"Listen here now: https://andreabocelli.lnk.to/XmasSo
Taken from Andrea Bocelli's beloved multi-platinum My Christmas album - reborn and re-imagined for this holiday season! The original album has been completely re-mastered and is now available in a special expanded, Fireside Edition. The new 26-track version features tracks from Mi Navidad plus newly recorded, intimate fireside versions of three Christmas favorites: Silent Night, Santa Claus Is Coming To Town and O Tannenbaum.

Subscribe to Andrea's YouTube:
https://www.youtube.com/c/AndreaBocelli?sub_confirmation=1
Listen to the Essentials playlist: https://andreabocelli.lnk.to/EssentialsID

Follow Andrea:
Facebook: https://www.facebook.com/AndreaBocelli
Instagram: https://www.instagram.com/AndreaBocelli
Twitter: https://twitter.com/AndreaBocelli
YouTube: https://www.youtube.com/AndreaBocelli
TikTok: https://www.tiktok.com/@andreabocelliof

#AndreaBocelli #Bocelli #Christmas #MyChristmas",2022-11-07 17:37:20+00:00,95,88241,1938,90,False,PT2M49S,169,hd,false,False,,10,en,none,2022,1401,False,False,2.816666666666667,0.021962579753175962,0.0010199340442651375,62.98429693076374
gQBUI520XgI,Andrea Bocelli – Santa La Noche (Official Audio),"Taken from Andrea Bocelli's beloved multi-platinum My Christmas album - reborn and re-imagined for this holiday season! The original album has been completely re-mastered and is now available in a special expanded, Fireside Edition. The new 26-track version features tracks from Mi Navidad plus newly recorded, intimate fireside versions of three Christmas favorites: Silent Night, Santa Claus Is Coming To Town and O Tannenbaum.
Listen here now: https://andreabocelli.lnk.to/XmasSo

Subscribe to Andrea's YouTube:
https://www.youtube.com/c/AndreaBocelli?sub_confirmation=1
Listen to the Essentials playlist: https://andreabocelli.lnk.to/EssentialsID

Follow Andrea:
Facebook: https://www.facebook.com/AndreaBocelli
Instagram: https://www.instagram.com/AndreaBocelli
Twitter: https://twitter.com/AndreaBocelli
YouTube: https://www.youtube.com/AndreaBocelli
TikTok: https://www.tiktok.com/@andreabocelliof

#AndreaBocelli #Bocelli #Christmas #MyChristmas",2022-11-07 17:37:20+00:00,96,209000,2562,79,False,PT4M33S,273,hd,false,False,,10,en,none,2022,1401,False,False,4.55,0.012258373205741626,0.00037799043062200955,149.17915774446823
iMrW_3ezCLk,Andrea Bocelli – Santa Claus llegó a la Ciudad (Official Audio),"Taken from Andrea Bocelli's beloved multi-platinum My Christmas album - reborn and re-imagined for this holiday season! The original album has been completely re-mastered and is now available in a special expanded, Fireside Edition. The new 26-track version features tracks from Mi Navidad plus newly recorded, intimate fireside versions of three Christmas favorites: Silent Night, Santa Claus Is Coming To Town and O Tannenbaum.
Listen here now: https://andreabocelli.lnk.to/XmasSo

Subscribe to Andrea's YouTube:
https://www.youtube.com/c/AndreaBocelli?sub_confirmation=1
Listen to the Essentials playlist: https://andreabocelli.lnk.to/EssentialsID

Follow Andrea:
Facebook: https://www.facebook.com/AndreaBocelli
Instagram: https://www.instagram.com/AndreaBocelli
Twitter: https://twitter.com/AndreaBocelli
YouTube: https://www.youtube.com/AndreaBocelli
TikTok: https://www.tiktok.com/@andreabocelliof

#AndreaBocelli #Bocelli #Christmas #MyChristmas",2022-11-07 17:37:20+00:00,97,275992,2919,89,False,PT3M33S,213,hd,false,False,,10,en,none,2022,1401,False,False,3.55,0.010576393518652714,0.00032247311516275833,196.99643112062813
qSUvxkxZWY0,Andrea Bocelli – Venid Adoremos (Official Audio),"Taken from Andrea Bocelli's beloved multi-platinum My Christmas album - reborn and re-imagined for this holiday season! The original album has been completely re-mastered and is now available in a special expanded, Fireside Edition. The new 26-track version features tracks from Mi Navidad plus newly recorded, intimate fireside versions of three Christmas favorites: Silent Night, Santa Claus Is Coming To Town and O Tannenbaum.
Listen here now: https://andreabocelli.lnk.to/XmasSo

Subscribe to Andrea's YouTube:
https://www.youtube.com/c/AndreaBocelli?sub_confirmation=1
Listen to the Essentials playlist: https://andreabocelli.lnk.to/EssentialsID

Follow Andrea:
Facebook: https://www.facebook.com/AndreaBocelli
Instagram: https://www.instagram.com/AndreaBocelli
Twitter: https://twitter.com/AndreaBocelli
YouTube: https://www.youtube.com/AndreaBocelli
TikTok: https://www.tiktok.com/@andreabocelliof

#AndreaBocelli #Bocelli #Christmas #MyChristmas",2022-11-07 17:37:20+00:00,98,259799,3128,89,False,PT3M34S,214,hd,false,False,,10,en,none,2022,1401,False,False,3.566666666666667,0.012040077136555569,0.00034257252722296854,185.43825838686652
vkZ4dBOcq2I,Andrea Bocelli – Gloria in Excelsis Deo (Official Audio),"Taken from Andrea Bocelli's beloved multi-platinum My Christmas album - reborn and re-imagined for this holiday season! The original album has been completely re-mastered and is now available in a special expanded, Fireside Edition. The new 26-track version features tracks from Mi Navidad plus newly recorded, intimate fireside versions of three Christmas favorites: Silent Night, Santa Claus Is Coming To Town and O Tannenbaum.
Listen here now: https://andreabocelli.lnk.to/XmasSo

Subscribe to Andrea's YouTube:
https://www.youtube.com/c/AndreaBocelli?sub_confirmation=1
Listen to the Essentials playlist: https://andreabocelli.lnk.to/EssentialsID

Follow Andrea:
Facebook: https://www.facebook.com/AndreaBocelli
Instagram: https://www.instagram.com/AndreaBocelli
Twitter: https://twitter.com/AndreaBocelli
YouTube: https://www.youtube.com/AndreaBocelli
TikTok: https://www.tiktok.com/@andreabocelliof

#AndreaBocelli #Bocelli #Christmas #MyChristmas",2022-11-07 17:37:20+00:00,99,874029,10997,318,False,PT3M55S,235,hd,false,False,,10,en,none,2022,1401,False,False,3.9166666666666665,0.012581962383399177,0.00036383232135318166,623.8608137044968
2jx73hx0djg,Andrea Bocelli - Ave Maria,Music video by Andrea Bocelli performing Ave Maria.© 2009 Sugar s.r.l.,2022-11-01 12:23:01+00:00,100,0,98,0,False,PT4M20S,260,sd,false,True,Andrea Bocelli|Sugar s.r.l. under exclusive licence to Universal International Music B.V.|Pop,10,en,none,2022,1407,False,False,4.333333333333333,,,0.0
--8ULkzKa-o,"Andrea Bocelli, Matteo Bocelli, Virginia Bocelli - Feliz Navidad","‘Feliz Navidad' is taken from Andrea, Matteo & Virginia Bocelli’s new album ‘A Family Christmas’. Out now: https://AndreaBocelli.lnk.to/AFCID
 
Order now on CD & vinyl: https://AndreaBocelli.lnk.to/OfficialStoreID
 
This holiday season, Andrea, Matteo and Virginia Bocelli have come together for their first ever family album, “A Family Christmas”. The recording showcases their multi-generational musical talent in a range of festive favourites. “We are offering our small, intimate, and heartfelt gift to anyone who wishes to enjoy the soundtrack of Christmas in the Bocelli home” the family says. The album includes many Christmas favourites including Away in a Manager, Happy Xmas (War is Over), Feliz Navidad, Have Yourself a Merry Little Christmas, Over The Rainbow, and the brand new single ‘The Greatest Gift’ and many more. 
 
MANAGEMENT Andrea, Matteo and Virginia Bocelli are managed by Almud & Maverick – Quest Artists Management Andrea Bocelli Business Management Office: Veronica Berti Maverick / Quest Artist: Francesco Pasquero and Scott Rodger Management: Lucie Panton Business Affairs: Jay Barbour Creative Coordinator: Kristina Keliris P.M. for Almud: Sara Formicola P.A. for Matteo Bocelli: Anna Caligaris P.A, for Virginia Bocelli: Kate Barton P.A. for Andrea Bocelli: Luca Casini & Sergio Assolari
 
VIDEO CREDITS: FELIZ NAVIDAD
Cdp: Run Production
Director, Dop, editing: Gaetano Morbioli
Scenographer: Nana Bottazzi
Producer: Laura Castellotti
Technic Producer: Massimiliano Urbani
Video operators: Gianpiero Gritti
                            Roberto Parodi
                            Andrea Martella
                            Andrea Centrella
Gaffer: Massimo Milozzi
Sound engineer: Pierpaolo Guerrini
                           Valentino Bianchi
Assistant audio: Sebastiano Pellicari
Set designers:    Umberto Donini
                           Federico Tomassi
Set coordinator: Luca Giglioli
Set assistant:   Emiliano Cioni
                         Luana Cioni
                         Sergio Giglioli
                         Sergio Bartolini
Pre-edit: Emilio Calì
Stylist: Ilaria Bartalini 
Tailoring: Elda Battaglia
Make up Artist: Antonella Melani
Ass. make up: Chiara Marinosci
Hair stylist: Kathy Venturini
 
Subscribe to Andrea Bocelli’s YouTube channel & ring the bell to never miss a new video: https://AndreaBocelli.lnk.to/YTSignUpID

Sign up for Andrea Bocelli’s Email List: https://AndreaBocelli.lnk.to/MailingListSignUpID

Follow Andrea Bocelli: 
Instagram: https://www.instagram.com/andreabocelliofficial
Facebook: https://www.facebook.com/andreabocelli/YouTube
YouTube: https://www.youtube.com/channel/UCb4JB8-ZAeceuR7EPCPOPzg
TikTok:  https://www.tiktok.com/@andreabocelliof?lang=en
X: https://x.com/AndreaBocelliWebsite
Website: https://www.andreabocelli.com/
#AndreaBocelli #Bocelli 

Follow Matteo: 
Facebook: hhttps://www.facebook.com/matteobocell… 
Twitter: https://twitter.com/bocelli_matteo 
Instagram: https://www.instagram.com/matteobocelli 
Youtube: https://www.youtube.com/MatteoBocelli 
TikTok: www.tiktok.com/@matteo.bocelli 

Follow Virginia: Instagram:https://www.instagram.com/virginiaboc… 
TikTok: https://www.tiktok.com/@virginiabocelli 
Facebook: https://www.facebook.com/virginiabocelli 
Twitter: https://twitter.com/virginiabocelli 

Tracklist: 
1. Do You Hear What I Hear? 
2. Away in a Manger 
3. Feliz Navidad 
4. The First Noël 
5. Have Yourself a Merry Little Christmas 
6. Over the Rainbow 
7. Buon Natale 
8. Joy To The World 
9. The Greatest Gift 
10. When Christmas Comes to Town 
11. Happy Xmas (War is Over) 
12. Il Giorno più Speciale 
13. I’ll Be Home For Christmas 

#AFamilyChristmas #Bocelli #CelebrateTogetherness


Music video by Andrea Bocelli, Matteo Bocelli, Virginia Bocelli performing Feliz Navidad. A Decca/Capitol Records Recording; © 2022 Andrea & Matteo Bocelli, under exclusive licence to Universal Music Operations Ltd

http://vevo.ly/5MSSbh",2022-10-21 06:00:00+00:00,101,6033541,56269,1284,False,PT1M57S,117,hd,true,True,Andrea Bocelli|Matteo Bocelli|Virginia Bocelli|Decca (UMO) (Classics)|Holiday,10,en,none,2022,1419,False,False,1.95,0.00932603259014897,0.00021281035464911898,4251.966878083157
gatwslQR-Hw,Virginia singing ‘Over the Rainbow’ live in Sheffield!,"Subscribe to Andrea's YouTube:
https://www.youtube.com/c/AndreaBocelli?sub_confirmation=1
Listen to the Essentials playlist: https://andreabocelli.lnk.to/EssentialsID

Follow Andrea:
Facebook: https://www.facebook.com/AndreaBocelli
Instagram: https://www.instagram.com/AndreaBocelli
Twitter: https://twitter.com/AndreaBocelli
YouTube: https://www.youtube.com/AndreaBocelli
TikTok: https://www.tiktok.com/@andreabocelliof

Follow Virginia:
Facebook: https://www.facebook.com/virginiabocelli
Instagram: https://www.instagram.com/virginiabocelli
Twitter: https://twitter.com/virginiabocelli
TikTok: https://www.tiktok.com/@virginiabocelli

#AndreaBocelli #Bocelli",2022-10-19 12:07:22+00:00,102,78267,3726,61,False,PT1M,60,hd,false,False,,10,en,none,2022,1420,False,True,1.0,0.04760627084211737,0.000779383392745346,55.11760563380282
Sf5XYmNlhpY,"Andrea Bocelli, Matteo Bocelli, Virginia Bocelli - The Greatest Gift","Music video by Andrea Bocelli, Matteo Bocelli, Virginia Bocelli performing The Greatest Gift.© 2022 Andrea & Matteo Bocelli, under exclusive licence to Universal Music Operations Ltd",2022-10-11 15:00:11+00:00,103,10669160,144648,4629,False,PT4M13S,253,hd,true,True,Andrea|Bocelli|Matteo|Virginia|The|Greatest|Gift|Decca|(UMO)|(Classics)|Holiday|Andrea Bocelli|Matteo Bocelli|Virginia Bocelli The Greatest Gift|Virginia Bocelli|The Greatest Gift,10,en,none,2022,1428,False,False,4.216666666666667,0.01355758091546101,0.00043386733351079184,7471.4005602240895
5LegIUEAdZM,"Andrea Bocelli - Ave Maria (Schubert) (Live in Vatican City, St. Peter’s Square)","Andrea Bocelli sings Ave Maria live in Vatican City, St. Peter’s Square.
Subscribe to Andrea's YouTube:
https://www.youtube.com/c/AndreaBocelli?sub_confirmation=1
Listen to the Essentials playlist: https://andreabocelli.lnk.to/EssentialsID

Follow Andrea:
Facebook: https://www.facebook.com/AndreaBocelli
Instagram: https://www.instagram.com/AndreaBocelli
Twitter: https://twitter.com/AndreaBocelli
YouTube: https://www.youtube.com/AndreaBocelli
TikTok: https://www.tiktok.com/@andreabocelliof

#AndreaBocelli #Bocelli",2022-10-05 09:23:49+00:00,104,1560697,68769,902,False,PT57S,57,hd,false,False,,10,en,none,2022,1434,False,True,0.95,0.0440630051829407,0.0005779469044920315,1088.3521617852161
ZgY06eMR2wc,Visiting Nusret in London 🇬🇧,"Subscribe to Andrea's YouTube:
https://www.youtube.com/c/AndreaBocelli?sub_confirmation=1
Listen to the Essentials playlist: https://andreabocelli.lnk.to/EssentialsID

Follow Andrea:
Facebook: https://www.facebook.com/AndreaBocelli
Instagram: https://www.instagram.com/AndreaBocelli
Twitter: https://twitter.com/AndreaBocelli
YouTube: https://www.youtube.com/AndreaBocelli
TikTok: https://www.tiktok.com/@andreabocelliof

#AndreaBocelli #Bocelli",2022-10-04 15:21:05+00:00,105,50951,2671,41,False,PT42S,42,hd,false,False,,10,en,none,2022,1435,False,True,0.7,0.0524229161351102,0.0008046947066789661,35.50592334494773
psw4FX-0Nj8,Andrea & Virginia Bocelli - Over The Rainbow (Official Lyric Video),"Over The Rainbow is the second single from Andrea, Matteo & Virginia Bocelli's new album A Family Christmas, available now: https://AndreaBocelli.lnk.to/AFCID

This holiday season, Andrea, Matteo and Virginia Bocelli have come together for their first ever family album, “A Family Christmas”. Set for release on 21 October, the recording showcases their multi-generational musical talent in a range of festive favourites. “We are offering our small, intimate, and heartfelt gift to anyone who wishes to enjoy the soundtrack of Christmas in the Bocelli home” the family says.

The album includes many Christmas favourites including Away in a Manager, Happy Xmas (War is Over), Feliz Navidad, Have Yourself a Merry Little Christmas, Over The Rainbow, and the brand new single ‘The Greatest Gift’ and many more. 

Subscribe to Andrea's YouTube:
https://www.youtube.com/c/AndreaBocel...
Listen to the Essentials playlist: https://andreabocelli.lnk.to/Essentia...

Follow Andrea:
Facebook: https://www.facebook.com/AndreaBocelli
Instagram: https://www.instagram.com/AndreaBocelli
Twitter: https://twitter.com/AndreaBocelli
YouTube: https://www.youtube.com/AndreaBocelli
TikTok: https://www.tiktok.com/@andreabocelliof

Follow Matteo:
Facebook: https://www.facebook.com/matteobocelliofficial
Instagram: https://www.instagram.com/matteobocelli
Twitter: https://twitter.com/bocelli_matteo
Youtube: https://www.youtube.com/MatteoBocelli
TikTok: https://www.tiktok.com/@matteo.bocelli

Follow Virginia:
Facebook: https://www.facebook.com/virginiabocelli
Instagram: https://www.facebook.com/virginiabocelli
Twitter: https://twitter.com/virginiabocelli
TikTok: https://www.tiktok.com/@virginiabocelli
 
Tracklist:
1. Do You Hear What I Hear?
2. Away in a Manger
3. Feliz Navidad
4. The First Noël
5. Have Yourself a Merry Little Christmas
6. Over the Rainbow
7. Buon Natale
8. Joy To The World
9. The Greatest Gift
10. When Christmas Comes to Town
11. Happy Xmas (War is Over)
12. Il Giorno più Speciale
13. I’ll Be Home For Christmas
 
#AndreaBocelli #Bocelli #Family #Christmas #AFamilyChristmas #Bocelli #CelebrateTogetherness",2022-09-30 07:00:15+00:00,106,432321,8886,490,False,PT2M30S,150,hd,false,False,,10,en,none,2022,1440,False,False,2.5,0.020554171553082083,0.0011334170674105583,300.22291666666666
RGpukOWLxhQ,"Our new album ""A Family Christmas"" will be released on 21 October 2022! #shorts","Subscribe to Andrea's YouTube:
https://www.youtube.com/c/AndreaBocelli?sub_confirmation=1
Listen to the Essentials playlist: https://andreabocelli.lnk.to/EssentialsID

Follow Andrea:
Facebook: https://www.facebook.com/AndreaBocelli
Instagram: https://www.instagram.com/AndreaBocelli
Twitter: https://twitter.com/AndreaBocelli
YouTube: https://www.youtube.com/AndreaBocelli
TikTok: https://www.tiktok.com/@andreabocelliof

#AndreaBocelli #Bocelli",2022-09-19 15:33:31+00:00,107,198322,12754,240,False,PT31S,31,hd,false,False,,10,en,none,2022,1450,False,True,0.5166666666666667,0.0643095571847803,0.0012101531852240295,136.77379310344827
qLhWJx-76Ok,"Andrea, Matteo & Virginia Bocelli - The Greatest Gift (Official Lyric Video)","The Greatest Gift is the first single from Andrea, Matteo & Virginia Bocelli’s new album A Family Christmas: https://AndreaBocelli.lnk.to/AFCID

This holiday season, Andrea, Matteo and Virginia Bocelli have come together for their first ever family album, A Family Christmas. The recording showcases their multi-generational musical talent in a range of festive favourites. “We are offering our small, intimate, and heartfelt gift to anyone who wishes to enjoy the soundtrack of Christmas in the Bocelli home” the family says.

The album includes many Christmas favourites including Away in a Manager, Happy Xmas (War is Over), Feliz Navidad, Have Yourself a Merry Little Christmas, Over The Rainbow, and the brand new single ‘The Greatest Gift’ and many more.

Subscribe to Andrea's YouTube:
https://www.youtube.com/c/AndreaBocelli?sub_confirmation=1
Listen to the Essentials playlist: https://andreabocelli.lnk.to/EssentialsID

Follow Andrea:
Facebook: https://www.facebook.com/AndreaBocelli
Instagram: https://www.instagram.com/AndreaBocelli
Twitter: https://twitter.com/AndreaBocelli
YouTube: https://www.youtube.com/AndreaBocelli
TikTok: https://www.tiktok.com/@andreabocelliof

Follow Matteo:
Facebook: https://www.facebook.com/matteobocelliofficial
Instagram: https://www.instagram.com/matteobocelli
Twitter: https://twitter.com/bocelli_matteo
Youtube: https://www.youtube.com/MatteoBocelli
TikTok: https://www.tiktok.com/@matteo.bocelli

Follow Virginia:
Facebook: https://www.facebook.com/virginiabocelli
Instagram: https://www.instagram.com/virginiabocelli
Twitter: https://twitter.com/virginiabocelli
TikTok: https://www.tiktok.com/@virginiabocelli

#AndreaBocelli #Bocelli #Believe #Christmas #AFamilyChristmas #CelebrateTogetherness #TheGreatestGift

Tracklist:
1. Do You Hear What I Hear?
2. Away in a Manger
3. Feliz Navidad
4. The First Noël
5. Have Yourself a Merry Little Christmas
6. Over the Rainbow
7. Buon Natale
8. Joy To The World
9. The Greatest Gift
10. When Christmas Comes to Town
11. Happy Xmas (War is Over)
12. Il Giorno più Speciale
13. I’ll Be Home For Christmas",2022-09-16 09:56:26+00:00,108,586475,12100,704,False,PT4M2S,242,hd,false,False,Andrea Bocelli|Matteo Bocelli|Virginia Bocelli|A Family Christmas|Christmas time|Christmas songs|The Greatest Gift,10,en,none,2022,1453,False,False,4.033333333333333,0.020631740483396565,0.0012003921735794364,403.6304198210599
fJJaeCHi-tU,"Andrea, Matteo & Virginia Bocelli - A Family Christmas (Album Trailer)","A Family Christmas is out now: https://AndreaBocelli.lnk.to/AFCID

This holiday season, Andrea, Matteo and Virginia Bocelli have come together for their first ever family album, “A Family Christmas”. Set for release on 21 October, the recording showcases their multi-generational musical talent in a range of festive favourites. “We are offering our small, intimate, and heartfelt gift to anyone who wishes to enjoy the soundtrack of Christmas in the Bocelli home” the family says.

The album includes many Christmas favourites including Away in a Manager, Happy Xmas (War is Over), Feliz Navidad, Have Yourself a Merry Little Christmas, Over The Rainbow, and the brand new single ‘The Greatest Gift’ and many more. 

Subscribe to Andrea's YouTube:
https://www.youtube.com/c/AndreaBocelli?sub_confirmation=1
Listen to the Essentials playlist: https://andreabocelli.lnk.to/EssentialsID

Follow Andrea:
Facebook: https://www.facebook.com/AndreaBocelli
Instagram: https://www.instagram.com/AndreaBocelli
Twitter: https://twitter.com/AndreaBocelli
YouTube: https://www.youtube.com/AndreaBocelli
TikTok: https://www.tiktok.com/@andreabocelliof

Follow Matteo:
Facebook: https://www.facebook.com/matteobocelliofficial
Instagram: https://www.instagram.com/matteobocelli
Twitter: https://twitter.com/bocelli_matteo
Youtube: https://www.youtube.com/MatteoBocelli
TikTok: https://www.tiktok.com/@matteo.bocelli

Follow Virginia:
Facebook: https://www.facebook.com/virginiabocelli
Instagram: https://www.instagram.com/virginiabocelli
Twitter: https://twitter.com/virginiabocelli
TikTok: https://www.tiktok.com/@virginiabocelli
 
Tracklist:
1. Do You Hear What I Hear?
2. Away in a Manger
3. Feliz Navidad
4. The First Noël
5. Have Yourself a Merry Little Christmas
6. Over the Rainbow
7. Buon Natale
8. Joy To The World
9. The Greatest Gift
10. When Christmas Comes to Town
11. Happy Xmas (War is Over)
12. Il Giorno più Speciale
13. I’ll Be Home For Christmas
 
#AndreaBocelli #Bocelli #Family #Christmas #AFamilyChristmas #Bocelli #CelebrateTogetherness",2022-09-08 08:00:21+00:00,109,1275056,22362,928,False,PT2M21S,141,hd,false,False,,10,en,none,2022,1461,False,False,2.35,0.017538053230603205,0.0007278111706466226,872.7282683093771
Io4fvqp7P3k,Andrea Bocelli - Easter Message,"Two years ago we gathered at a time of crisis across the world. My concert at Duomo di Milano carried a message of hope. Now as Easter arrives again, a time of resurrection, I hope that message can be reborn, and brings you solace, and a reminder that hope can never be defeated .

Subscribe to Andrea's YouTube:
https://www.youtube.com/c/AndreaBocelli?sub_confirmation=1
Listen to the Essentials playlist: https://andreabocelli.lnk.to/EssentialsID

Follow Andrea:
Facebook: https://www.facebook.com/AndreaBocelli
Instagram: https://www.instagram.com/AndreaBocelli
Twitter: https://twitter.com/AndreaBocelli
YouTube: https://www.youtube.com/AndreaBocelli
TikTok: https://www.tiktok.com/@andreabocelliof

#AndreaBocelli #Bocelli #MusicForHope",2022-04-15 09:54:13+00:00,110,266130,9866,589,False,PT1M25S,85,hd,false,False,,10,en,none,2022,1607,False,False,1.4166666666666667,0.037072107616578365,0.0022132040731973096,165.60672059738644
J5UJKXnVZo8,Rossini: Petite messe solennelle: Domine Deus (Arr. Emanuele Vianelli) (Live from Duomo di...,"On Easter Sunday (April 12, 2020), by invitation of the City and of the Duomo cathedral of Milan, Italian global music icon Andrea Bocelli gave a solo performance representing a message of love, healing and hope to Italy and the world.

Easter is a time of rebirth. Please enjoy these hand-picked tracks in a new collection, exploring what this special holiday means to me. Search for ‘My Easter’ on streaming services or click here - https://AndreaBocelli.lnk.to/MyEaster

Follow Andrea Bocelli on: 
Facebook - https://www.facebook.com/AndreaBocelli
Instagram - https://www.instagram.com/AndreaBocelli
Twitter - https://twitter.com/AndreaBocelli/ 
YouTube - https://www.youtube.com/AndreaBocelli",2022-04-14 04:00:05+00:00,111,447480,8173,301,False,PT5M17S,317,hd,true,True,Andrea|Bocelli|Emanuele|Vianelli|Rossini:|Petite|messe|solennelle|Domine|Deus|(Arr.|Vianelli)|(Live|from|Duomo|Milano|Italy|2020)|Decca/Sugar|Classical,10,en,none,2022,1609,False,False,5.283333333333333,0.018264503441494592,0.0006726557611513364,278.1106277190802
Otp1gexKvuM,"Mascagni: Sancta Maria (Arr. Emanuele Vianelli) (Live from Duomo di Milano, Italy / 2020)","On Easter Sunday (April 12, 2020), by invitation of the City and of the Duomo cathedral of Milan, Italian global music icon Andrea Bocelli gave a solo performance representing a message of love, healing and hope to Italy and the world.

Easter is a time of rebirth. Please enjoy these hand-picked tracks in a new collection, exploring what this special holiday means to me. Search for ‘My Easter’ on streaming services or click here - https://AndreaBocelli.lnk.to/MyEaster

Follow Andrea Bocelli on: 
Facebook - https://www.facebook.com/AndreaBocelli
Instagram - https://www.instagram.com/AndreaBocelli
Twitter - https://twitter.com/AndreaBocelli/ 
YouTube - https://www.youtube.com/AndreaBocelli",2022-04-13 04:00:07+00:00,112,191339,4582,297,False,PT4M2S,242,hd,true,True,Andrea|Bocelli|Emanuele|Vianelli|Mascagni:|Sancta|Maria|(Arr.|Vianelli)|(Live|from|Duomo|Milano|Italy|2020)|Decca/Sugar|Classical,10,en,none,2022,1610,False,False,4.033333333333333,0.023947025959161487,0.001552218836724348,118.84409937888199
d_rNe_k3uLE,"Gounod: Ave Maria, CG 89a (Arr. Emanuele Vianelli) (Live from Duomo di Milano, Italy / 2020)","On Easter Sunday (April 12, 2020), by invitation of the City and of the Duomo cathedral of Milan, Italian global music icon Andrea Bocelli gave a solo performance representing a message of love, healing and hope to Italy and the world.

Easter is a time of rebirth. Please enjoy these hand-picked tracks in a new collection, exploring what this special holiday means to me. Search for ‘My Easter’ on streaming services or click here - https://AndreaBocelli.lnk.to/MyEaster

Follow Andrea Bocelli on: 
Facebook - https://www.facebook.com/AndreaBocelli
Instagram - https://www.instagram.com/AndreaBocelli
Twitter - https://twitter.com/AndreaBocelli/ 
YouTube - https://www.youtube.com/AndreaBocelli",2022-04-12 04:00:24+00:00,113,482996,8969,377,False,PT3M29S,209,hd,true,True,Andrea|Bocelli|Emanuele|Vianelli|Gounod:|Ave|Maria|89a|(Arr.|Vianelli)|(Live|from|Duomo|Milano|Italy|2020)|Decca/Sugar|Classical,10,en,none,2022,1611,False,False,3.4833333333333334,0.01856951196283199,0.000780544766416285,299.8112973308504
fhWKuU4LC_0,"Franck: Mass, Op. 12: Panis Angelicus (Arr. Emanuele Vianelli) (Live from Duomo di Milano,...","On Easter Sunday (April 12, 2020), by invitation of the City and of the Duomo cathedral of Milan, Italian global music icon Andrea Bocelli gave a solo performance representing a message of love, healing and hope to Italy and the world.

Easter is a time of rebirth. Please enjoy these hand-picked tracks in a new collection, exploring what this special holiday means to me. Search for ‘My Easter’ on streaming services or click here - https://AndreaBocelli.lnk.to/MyEaster

Follow Andrea Bocelli on: 
Facebook - https://www.facebook.com/AndreaBocelli
Instagram - https://www.instagram.com/AndreaBocelli
Twitter - https://twitter.com/AndreaBocelli/ 
YouTube - https://www.youtube.com/AndreaBocelli",2022-04-11 04:00:12+00:00,114,425612,7947,428,False,PT3M55S,235,hd,true,True,Andrea|Bocelli|Emanuele|Vianelli|Franck:|Mass|Op.|Panis|Angelicus|(Arr.|Vianelli)|(Live|from|Duomo|Milano|Italy|2020)|Decca/Sugar|Classical,10,en,none,2022,1612,False,False,3.9166666666666665,0.018671935941655782,0.0010056107440579683,264.0272952853598
RJiRLMWayJo,Andrea Bocelli - O Sole Mio,,2022-03-03 15:06:52+00:00,115,1297205,57920,571,False,PT55S,55,hd,false,False,,10,it,none,2022,1650,False,True,0.9166666666666666,0.044649843316977654,0.00044017715010349174,786.1848484848484
VSlpFWKUxhA,"Andrea Bocelli, Lei Jia, Lang Lang - Forever You and Me","Music video by Andrea Bocelli, Lei Jia, Lang Lang performing Forever You and Me. © 2022 OPOC Beijing Federation of Literary and Art Circles, Under Exclusive License to Universal Music China, a division of Go East Music, a division of Go East Music Entertainment Consulting (Beijing) Ltd.

Subscribe to Andrea Bocelli’s YouTube channel & ring the bell to never miss a new video: https://AndreaBocelli.lnk.to/YTSignUpID

Sign up for Andrea Bocelli’s Email List: https://AndreaBocelli.lnk.to/MailingListSignUpID

Follow Andrea Bocelli: 
Instagram: https://www.instagram.com/andreabocelliofficial
Facebook: https://www.facebook.com/andreabocelli/YouTube
YouTube: https://www.youtube.com/channel/UCb4JB8-ZAeceuR7EPCPOPzg
TikTok:  https://www.tiktok.com/@andreabocelliof?lang=en
X: https://x.com/AndreaBocelliWebsite
Website: https://www.andreabocelli.com/

http://vevo.ly/ExkhMq",2022-02-12 05:00:22+00:00,116,844123,17717,758,False,PT4M7S,247,hd,true,True,Andrea|Bocelli|Lei|Jia|Lang|Forever|You|and|Universal|Music|China|Pop|andreabocelli|andreabocellichinese|andreabocellichina|leijia|foreveryouandme|classicalpop|operapop|langlang|langlangpiano,10,en,none,2022,1670,False,False,4.116666666666666,0.020988647389065338,0.0008979733996111941,505.462874251497
o6-1r79tCow,Andrea Bocelli - Adeste Fideles (Believe In Christmas Encore 2021),"Andrea Bocelli sings Adeste Fideles, from the wonderful Believe in Christmas concert, 2021.
Subscribe to Andrea's YouTube:
https://www.youtube.com/c/AndreaBocelli?sub_confirmation=1
Listen to the Essentials playlist: https://andreabocelli.lnk.to/EssentialsID

Follow Andrea:
Facebook: https://www.facebook.com/AndreaBocelli
Instagram: https://www.instagram.com/AndreaBocelli
Twitter: https://twitter.com/AndreaBocelli
YouTube: https://www.youtube.com/AndreaBocelli
TikTok: https://www.tiktok.com/@andreabocelliof

#AndreaBocelli #Bocelli #BelieveInChristmas #Christmas",2021-12-07 14:01:28+00:00,117,383115,9746,429,False,PT3M31S,211,hd,false,False,Andrea Bocelii|Believe in Christmas|Adeste Fidelis,10,en,none,2021,1736,False,False,3.5166666666666666,0.025438836902757656,0.0011197682158098742,220.68836405529953
q45iQROKhc4,Andrea Bocelli - Believe In Christmas Encore (Official Trailer),"Subscribe to Andrea's YouTube:
https://www.youtube.com/c/AndreaBocelli?sub_confirmation=1
Listen to the Essentials playlist: https://andreabocelli.lnk.to/EssentialsID

Follow Andrea:
Facebook: https://www.facebook.com/AndreaBocelli
Instagram: https://www.instagram.com/AndreaBocelli
Twitter: https://twitter.com/AndreaBocelli
YouTube: https://www.youtube.com/AndreaBocelli
TikTok: https://www.tiktok.com/@andreabocelliof

#AndreaBocelli #Bocelli #BelieveInChristmas #Christmas",2021-12-01 09:47:51+00:00,118,344939,5520,198,False,PT43S,43,hd,false,False,,10,en,none,2021,1742,False,True,0.7166666666666667,0.01600282948579314,0.0005740145359034496,198.01320321469575
cBYRCYvIAWQ,Virginia Interviews Andrea – Concerto: One Night In Central Park (10th Anniversary Edition),"To celebrate the 10th anniversary of Concerto: One Night in Central Park, Virginia Bocelli sat down with her father, Andrea, to ask him some questions about that very special evening in New York.

We are delighted to announce Concerto: One Night in Central Park, celebrating the 10th anniversary of an unforgettable night of music. Order the fan edition now: https://andreabocelli.lnk.to/CentralParkID

""I dedicate that extraordinary evening to the memory of my father, it was his dream.""
– Andrea Bocelli

Marking what is undoubtedly a seminal moment in Andrea's career, the concert was not only a childhood dream turning into reality but the validation of Andrea as one of the world's true superstars, and featured an all-star cast including Celine Dion, Tony Bennet, David Foster, Chris Botti and many more.

""That was a memorable milestone in my career. One of its highest and most emotionally overwhelming moments. A mega-show that took 16 months of work, as well as a brave and ambitious artistic undertaking. A concert that went on to become my first fully live album, for which every note was recorded live, without a safety net.

I remember how anxious I was about those lead gray clouds that threatened the cancellation of the performance, with 70,000 people converging on Central Park. Shortly before going on stage, I wanted to go to my dressing room to say a few prayers, together with Filippo Sugar and the rest of those present. I also mulled over the great honor I had, to be singing together with many of my wonderful peers, right where my great friend and Maestro, Luciano Pavarotti, had performed 18 years earlier.

I also remember lovingly dedicating that extraordinary evening to the memory of my father, who – although he had never crossed the ocean – would continually encourage me when I was still a young artist unknown to most people, saying with prophetic lucidity: “You must go and sing in the United States, you must go to New York. They will appreciate you there, they will perceive the quality of your voice! It was his dream, dictated by his fatherly love for me. With the ""One Night in Central Park"" project, that dream has come true.""
- Andrea Bocelli

Subscribe to Andrea's YouTube:
https://www.youtube.com/c/AndreaBocelli?sub_confirmation=1
Listen to the Essentials playlist: https://andreabocelli.lnk.to/EssentialsID

Follow Andrea:
Facebook: https://www.facebook.com/AndreaBocelli
Instagram: https://www.instagram.com/AndreaBocelli
Twitter: https://twitter.com/AndreaBocelli
YouTube: https://www.youtube.com/AndreaBocelli
TikTok: https://www.tiktok.com/@andreabocelliof

#AndreaBocelli #Bocelli #Concerto #CentralPark",2021-09-15 14:00:30+00:00,119,435240,8042,483,False,PT11M26S,686,hd,false,False,,10,en,none,2021,1819,False,False,11.433333333333334,0.018477162025549124,0.0011097325613454647,239.27432655305114
SwaySDOe6tM,Andrea Bocelli - Concerto: One Night in Central Park (Official Teaser),"Concerto: One Night in Central Park, celebrates the 10th anniversary of an unforgettable night of music: https://andreabocelli.lnk.to/CentralParkID

""I dedicate that extraordinary evening to the memory of my father, it was his dream."" - Andrea Bocelli

Marking what is undoubtedly a seminal moment in Andrea's career, the concert was not only a childhood dream turning into reality but the validation of Andrea as one of the world's true superstars, and featured an all-star cast including Celine Dion, Tony Bennet, David Foster, Chris Botti and many more.

""That was a memorable milestone in my career. One of its highest and most emotionally overwhelming moments. A mega-show that took 16 months of work, as well as a brave and ambitious artistic undertaking. A concert that went on to become my first fully live album, for which every note was recorded live, without a safety net.

I remember how anxious I was about those lead gray clouds that threatened the cancellation of the performance, with 70,000 people converging on Central Park. Shortly before going on stage, I wanted to go to my dressing room to say a few prayers, together with Filippo Sugar and the rest of those present. I also mulled over the great honor I had, to be singing together with many of my wonderful peers, right where my great friend and Maestro, Luciano Pavarotti, had performed 18 years earlier.
I also remember lovingly dedicating that extraordinary evening to the memory of my father, who – although he had never crossed the ocean – would continually encourage me when I was still a young artist unknown to most people, saying with prophetic lucidity: “You must go and sing in the United States, you must go to New York. They will appreciate you there, they will perceive the quality of your voice!”.

It was his dream, dictated by his fatherly love for me. With the ""One Night in Central Park"" project, that dream has come true."" - Andrea Bocelli

Subscribe to Andrea's YouTube:
https://www.youtube.com/c/AndreaBocelli?sub_confirmation=1
Listen to the Essentials playlist: https://andreabocelli.lnk.to/EssentialsID

Follow Andrea:
Facebook: https://www.facebook.com/AndreaBocelli
Instagram: https://www.instagram.com/AndreaBocelli
Twitter: https://twitter.com/AndreaBocelli
YouTube: https://www.youtube.com/AndreaBocelli
TikTok: https://www.tiktok.com/@andreabocelliof

#AndreaBocelli #Bocelli #Concerto",2021-09-09 07:57:36+00:00,120,210737,3086,130,False,PT50S,50,hd,false,False,Andrea Bocelli|Central Park|Concerto|10 years anniversary|teaser|trailer|New York|USA|Celine Dion|Tony Bennett|David Foster|Chris Botti|Ana María Martínez|Pretty Yende|Bryn Terfel|New York Philharmonic Orchestra,10,en,none,2021,1825,False,True,0.8333333333333334,0.014643845171944177,0.0006168826546833257,115.47232876712329
l32MTlaM8V4,"Puccini: Turandot / Act 3: Nessun dorma! (Live at Central Park, New York / 10th Anniversary)","Nessun Dorma - Turandot (“Concerto: One Night in Central Park” 10th Anniversary)
 
Celebrating the 10th Anniversary Edition of Concerto: One Night in Central Park
 
“I dedicate that extraordinary evening to the memory of my father, it was his dream.” – Andrea Bocelli
 
Order here: https://andreabocelli.lnk.to/CentralParkID
Follow Andrea Bocelli on: 
Facebook - https://www.facebook.com/AndreaBocelli
Instagram - https://www.instagram.com/AndreaBocelli Twitter - https://twitter.com/AndreaBocelli/ YouTube - https://www.youtube.com/AndreaBocelli
 
Production Credits
RECORDED LIVE AT THE GREAT LAWN IN CENTRAL PARK, NEW YORK - SEPTEMBER 15TH , 2011
A Production of SUGAR S.r.l. and THIRTEEN for WNET
© 2011 Sugar S.r.l.
 
AUDIO PRODUCTION
Produced by David Frost
Recorded and Mixed by Frank Filipetti
Live Sound Design: Andrea Taglia
FOH Mix : Andrea Taglia, Francesco La Camera, Davide Lombardi
Monitor mix: Paul Acosta, Chris Prinzivalli
Andrea Bocelli’s Vocal Engineer: Pierpaolo Guerrini
Assistant: Giorgio Malpeli
Andrea Bocelli Production Coodinator: Mark Friend
Additional Edit for 10th Anniversary by Tom Mackay at Monument",2021-09-01 10:00:35+00:00,121,2596925,27089,1076,False,PT4M14S,254,hd,false,True,Andrea|Bocelli|Alan|Gilbert|Puccini:|Turandot|Nessun|dorma!|Universal|Music|Group|International|Classical|Nessun Dorma Turandot (“Concerto: One Night in Central Park” 10th Anniversary)|Nessun Dorma|Turandot (“Concerto: One Night in Central Park” 10th Anniversary)|New York Philharmonic|Alan Gilbert Puccini: Turandot Act Nessun Dorma!|(Live at Central Park|New York 10th Anniversary)|Puccini: Turandot Act Nessun Dorma!|One Night in Central Park|OPERA,10,en,none,2021,1833,False,False,4.233333333333333,0.010431183033780336,0.0004143361860662129,1416.7621385706493
A90zwXiIL1Q,Andrea Bocelli - Concerto: One Night in Central Park (The Interview),"Concerto: One Night in Central Park, celebrates the 10th anniversary of an unforgettable night of music: https://andreabocelli.lnk.to/CentralParkID

In this revealing clip, Andrea talks about what this historic night meant to him, and reveals some of his most enduring memories from the event. Share your memories from this spectacular evening at https://centralpark.andreabocelli.com/

Marking what is undoubtedly a seminal moment in Andrea's career, the concert was not only a childhood dream turning into reality but the validation of Andrea as one of the world's true superstars, and featured an all-star cast including Celine Dion, Tony Bennet, David Foster, Chris Botti and many more.

""That was a memorable milestone in my career. One of its highest and most emotionally overwhelming moments. A mega-show that took 16 months of work, as well as a brave and ambitious artistic undertaking. A concert that went on to become my first fully live album, for which every note was recorded live, without a safety net. I dedicate that extraordinary evening to the memory of my father, it was his dream."" - Andrea Bocelli

Subscribe to Andrea's YouTube:
https://www.youtube.com/c/AndreaBocelli?sub_confirmation=1
Listen to the Essentials playlist: https://andreabocelli.lnk.to/EssentialsID

Follow Andrea:
Facebook: https://www.facebook.com/AndreaBocelli
Instagram: https://www.instagram.com/AndreaBocelli
Twitter: https://twitter.com/AndreaBocelli
YouTube: https://www.youtube.com/AndreaBocelli
TikTok: https://www.tiktok.com/@andreabocelliof

#AndreaBocelli #Bocelli",2021-08-25 18:00:07+00:00,122,101221,3319,260,False,PT4M58S,298,hd,false,False,Andrea Bocelli|Concerto|Central Park|New York|10 years anniversary|interview|Con te partirò|Time to Say Goodbye|live|performance,10,en,none,2021,1840,False,False,4.966666666666667,0.032789638513747145,0.002568636942926863,55.011413043478264
CBeyJnfAx-A,Andrea Bocelli - Concerto: One Night in Central Park (10th Anniversary Edition),"We are delighted to announce Concerto: One Night in Central Park, celebrating the 10th anniversary of an unforgettable night of music. Order the fan edition now: https://andreabocelli.lnk.to/CentralParkID

""I dedicate that extraordinary evening to the memory of my father, it was his dream.""
– Andrea Bocelli

Marking what is undoubtedly a seminal moment in Andrea's career, the concert was not only a childhood dream turning into reality but the validation of Andrea as one of the world's true superstars, and featured an all-star cast including Celine Dion, Tony Bennet, David Foster, Chris Botti and many more.

""That was a memorable milestone in my career. One of its highest and most emotionally overwhelming moments. A mega-show that took 16 months of work, as well as a brave and ambitious artistic undertaking. A concert that went on to become my first fully live album, for which every note was recorded live, without a safety net.

I remember how anxious I was about those lead gray clouds that threatened the cancellation of the performance, with 70,000 people converging on Central Park. Shortly before going on stage, I wanted to go to my dressing room to say a few prayers, together with Filippo Sugar and the rest of those present. I also mulled over the great honor I had, to be singing together with many of my wonderful peers, right where my great friend and Maestro, Luciano Pavarotti, had performed 18 years earlier.

I also remember lovingly dedicating that extraordinary evening to the memory of my father, who – although he had never crossed the ocean – would continually encourage me when I was still a young artist unknown to most people, saying with prophetic lucidity: “You must go and sing in the United States, you must go to New York. They will appreciate you there, they will perceive the quality of your voice! It was his dream, dictated by his fatherly love for me. With the ""One Night in Central Park"" project, that dream has come true.""
- Andrea Bocelli

Subscribe to Andrea's YouTube:
https://www.youtube.com/c/AndreaBocelli?sub_confirmation=1
Listen to the Essentials playlist: https://andreabocelli.lnk.to/EssentialsID

Follow Andrea:
Facebook: https://www.facebook.com/AndreaBocelli
Instagram: https://www.instagram.com/AndreaBocelli
Twitter: https://twitter.com/AndreaBocelli
YouTube: https://www.youtube.com/AndreaBocelli
TikTok: https://www.tiktok.com/@andreabocelliof

#AndreaBocelli #Bocelli #Concerto #CentralPark",2021-07-16 10:08:45+00:00,123,415771,2703,143,False,PT50S,50,hd,false,False,Andrea Bocelli|Central Park|New York|Live|Concerto|10th anniversary,10,en,none,2021,1880,False,True,0.8333333333333334,0.006501174925620113,0.00034393933198804147,221.15478723404254
ElAG0xB9t8s,"Andrea Bocelli, Orchestra Sinfonica di Milano Giuseppe Verdi, Steven Mercurio - Mamma (Lyric Video)","""The first word we learn how to say, the first sound to mean something, as if we see in her the heart and the secret of life itself from the start of our earthly adventure: mom! She who, through divine grace, lives the generous mystery of birth, the sacred plan of giving shape and consciousness to clay. She, force and breath of the world, the most powerful messenger of Heaven, who teaches us what love is and what it is like. I’m thinking of my mother and affectionately of all mothers, of their unbreakable strength. I thank each of them and celebrate the natural setting where motherhood thrives: the family, where we learn and teach the young to choose the path of good.
Celebrating Mother’s Day means celebrating life: today especially, but not only today, because mothers deserve it every day of the year.""
Andrea
 
Enjoy this special collection of songs by Andrea Bocelli, perfect for Mother's Day: https://AndreaBocelli.lnk.to/MothersDay
 
Follow Andrea Bocelli:
https://www.facebook.com/andreabocelli/
https://www.instagram.com/andreabocelliofficial
Twitter: @andreabocelli
 
www.andreabocelli.com
 
Please subscribe to the channel on YouTube to stay up to date on future videos.
 
Lyric video by Andrea Bocelli performing Mamma
Song written by Andrea Bixio, lyrics by Bruno Cherubini

℗ 2021 Sugar Srl, Exclusively Licensed to Decca Music Group Ltd (outside Italy)",2021-05-07 13:00:15+00:00,124,804496,15261,643,False,PT3M26S,206,hd,true,True,Andrea|Bocelli|Orchestra|Sinfonica|Milano|Giuseppe|Verdi|Steven|Mercurio|Mamma|(Lyric|Video)|Decca|Music|Group|Ltd.|Classical|Crossover,10,en,none,2021,1950,False,False,3.433333333333333,0.01896964061971719,0.0007992581690897158,412.5620512820513
CP1_JQ1VPnw,Andrea Bocelli - You'll Never Walk Alone (Official Music Video),"You’ll Never Walk Alone by Andrea Bocelli 
We are proud to present ‘You’ll Never Walk Alone', running through the core of Andrea Bocelli’s brand new album, Believe, and available to order now: https://AndreaBocelli.lnk.to/BelieveID  

#Believe is a collection of uplifting songs that have inspired and sustained Andrea over the years.

Follow Andrea Bocelli on:
Facebook - https://www.facebook.com/AndreaBocelli
Instagram - https://www.instagram.com/AndreaBocelli
Twitter - https://twitter.com/AndreaBocelli/
YouTube - https://www.youtube.com/AndreaBocelli

YOU’LL NEVER WALK ALONE
Lyrics by Oscar Hammerstein II
Music by Richard Rodgers
Publishing: Williamson Music, a division of Rodgers & Hammerstein: A Concord Company
Copyright Renewed. Used by permission. All rights reserved.
 
Arranged and orchestrated by Steven Mercurio
 
VIDEO CREDIT
Creative idea by Massimo Pizzi Gasparon Contarini
Produced by White Owl Tribe
Executive Producer: Marco Marchesi Morselli
Directors: Riccardo Guernieri and Luca Scota
Teen Actor: Callum Christie
Actors: Mediterranean Children’s Choir
Project Mgmt for Almud: Sara Formicola
International Project Mgmt for Maverick: Francesco Pasquero
DOP: Marco Bassano
Edited by Riccardo Guernieri
Color Grading: Walter Cavatoi
Cameras: Jacopo Petrucci, Cristian Alberini
Assistant: Nicolò Baronci
Jimmy Jib: Luca Nonni, Kamel Kuri
Steadycam Operator: Charles Ahar
Focus puller: Mark Dingli
Cameras and video equipments by Strani Rumori Multimedia S.r.l.
Rental Equipment in Malta: Mediastation Mark Vassallo
Drone operator: Aeroriprese by Emanuele Brambilla 
Camera Drone’s Operator: Paolo Cafferati
Light Equipment by Nexos
Electrician: Giovanni Gabriele 
Sound: Riccardo Valeriani
Personal Management Consultant for Strani Rumori Multimedia Graziano Tittarelli (Astral Music)
Still Photographers: Luca Rossetti
 
The video has been shoot at the Mediterranean Conference Centre in La Valletta, Malta. 
 
Special thanks to Ministry of Tourism and Consumer Protection, Malta Tourism Authority, Mediterranean Tourism Foundation, Mediterranean Conference Centre, Malta Film Commission.
 
Andrea Bocelli wears Stefano Ricci 
 
Andrea Bocelli MGMT team: Almud & Maverick - Quest Artists Management 
A production by White Owl Tribe for Almud / Maverick on behalf of Sugar Srl / Decca Records",2021-04-02 11:00:04+00:00,125,1734040,24225,1220,False,PT3M29S,209,hd,true,True,Andrea|Bocelli|You'll|Never|Walk|Alone|Decca|(UMO)|(Classics)|Classical|Crossover,10,en,none,2021,1985,False,False,3.4833333333333334,0.01397026596848977,0.0007035593181241494,873.5717884130983
KJ2Zzxgagoc,Andrea Bocelli & Matteo Bocelli - O Sole Mio / Fall On Me (for CCTV NYE Gala),"Andrea Bocelli performing an extract of O Sole Mio and Andrea Bocelli & Matteo Bocelli performing Fall on Me (抱紧我) at the CCTV New Years' Eve Gala to celebrate the beginning of the Year of Ox (live from Tuscany, Italy).

Andrea Bocelli and Matteo Bocelli portion of the Spring Gala Festival has been produced by Frankie Nasso, Xinle Ma, Kevin Ma, and Julius R. Nasso

Production Company: Strani Rumori Multimedia Srl for CCTV
Directors: Luca Scota e Riccardo Guernieri
DOP: Lorenzo Degiorgi
Camera: Gianni Gaudenzi, Niccolò Baronci
Audio: Pierpaolo Guerrini from PPG Studio
Set Designer: Ilaria Bartalini
Make up and Hair Stylist: Antonella Melani
Andrea Bocelli and Matteo Bocelli wears Stefano Ricci

Andrea Bocelli & Matteo Bocelli Management:
Veronica Berti Bocelli for Almud
Sara Formicola for Almud
Francesco Pasquero for Maverick / Quests Artists Management
Live Agent: Andrea Primicerio for KMM

Special Thanks to UMG China and International team: Michelle Teh, Yuen, Yvonne, Chen, Elijah, Chew, Liz, Kwong, Alexis, Leung, Wing, Thurgood, Kieran, Yang, Stacy, Bi, Bico.

Subscribe to Andrea's YouTube:
https://www.youtube.com/c/AndreaBocelli?sub_confirmation=1
Listen to the Essentials playlist: https://andreabocelli.lnk.to/EssentialsID

Follow Andrea:
Facebook: https://www.facebook.com/AndreaBocelli
Instagram: https://www.instagram.com/AndreaBocelli
Twitter: https://twitter.com/AndreaBocelli
YouTube: https://www.youtube.com/AndreaBocelli
TikTok: https://www.tiktok.com/@andreabocelliof

Follow Matteo:
Facebook: https://www.facebook.com/matteobocelliofficial
Instagram: https://www.instagram.com/matteobocelli
Twitter: https://twitter.com/bocelli_matteo
Youtube: https://www.youtube.com/MatteoBocelli
TikTok: https://www.tiktok.com/@matteo.bocelli

#AndreaBocelli #Bocelli #MatteoBocelli #China #OSoleMio",2021-02-11 18:47:06+00:00,126,1046344,25620,1549,False,PT4M18S,258,hd,false,False,andrea|bocelli|andrea bocelli|believe|new album|andrea bocelli 2020|nuovo album|Andrea Bocelli live|Matteo Bocelli|O Sole Mio|Fall on Me|抱紧我|CCTV|New Year's Eve|China TV|2021 new year's eve|year of the ox,10,it,none,2021,2035,False,False,4.3,0.024485255327119954,0.0014803926815655272,514.1739557739558
fSwnekiLj68,"Andrea Bocelli, Cecilia Bartoli - Pianissimo (Lullaby Mix / Visualiser)","Andrea Bocelli feat. Cecilia Bartoli We are proud to present the a ‘Lullaby Mix’ of ‘Pianissimo’ running through the core of Andrea Bocelli’s brand new album, Believe, out now and available to order now: https://AndreaBocelli.lnk.to/BelieveID . #Believe is a collection of uplifting songs that have inspired and sustained Andrea over the years. Follow Andrea Bocelli on: Facebook - https://www.facebook.com/AndreaBocelli Instagram - https://www.instagram.com/AndreaBocelli Twitter - https://twitter.com/AndreaBocelli/ YouTube - https://www.youtube.com/AndreaBocelli MUSIC “Pianissimo” Andrea Bocelli duet with Cecilia Bartoli Lyrics and music by Mauro Malavasi
Remix and additional production: Ross Callum Publishing: Sugarmusic S.p.a. / Almud Edizioni Musicali S.r.l. Cecilia Bartoli appears courtesy of Decca Records U.K. Andrea Bocelli MGMT team: Almud & Maverick - Quest Artists Management",2021-02-11 00:00:07+00:00,127,444090,9762,573,False,PT4M27S,267,hd,false,True,Andrea|Bocelli|Cecilia|Bartoli|Pianissimo|(Lullaby|Mix|Visualiser)|Decca|(UMO)|(Classics)|Classical|Crossover,10,en,none,2021,2036,False,False,4.45,0.021982030669458894,0.0012902789975005066,218.1188605108055
ilO75EUExTU,Andrea Bocelli - Cantique De Noel (O Holy Night) (BBC Songs of Praise),"Andrea Bocelli sings Cantique De Noel (O Holy Night) live at St. Paul Cathedral in London for BBC Songs of Praise, January 2021.
Subscribe to Andrea's YouTube:
https://www.youtube.com/c/AndreaBocelli?sub_confirmation=1
Listen to the Essentials playlist: https://andreabocelli.lnk.to/EssentialsID

Follow Andrea:
Facebook: https://www.facebook.com/AndreaBocelli
Instagram: https://www.instagram.com/AndreaBocelli
Twitter: https://twitter.com/AndreaBocelli
YouTube: https://www.youtube.com/AndreaBocelli
TikTok: https://www.tiktok.com/@andreabocelliof

#AndreaBocelli #Bocelli",2021-01-05 20:00:06+00:00,128,2766300,29514,1241,False,PT4M31S,271,hd,false,False,andrea|bocelli|andrea bocelli|believe|new album|andrea bocelli 2020|nuovo album|Believe in Christmas|livestream concert|Halleluja|Christmas songs|Christmas tunes|Christmas prayer|Andrea Bocelli live|London|St Paul Cathedral|Songs of Praise|BBC|pray|prayer|O Holy Night|Cantique De Noel,10,en,none,2021,2072,False,False,4.516666666666667,0.010669124823771825,0.000448613671691429,1335.0868725868727
dMe8ktiN1Mk,Andrea Bocelli - Dolce è Sentire (Christmas Concert in Assisi),"Andrea Bocelli singing Dolce è Sentire (Fratello Sole Sorella Luna) live from Basilica di San Francesco in Assisi, December 25th 2020.

How sweet it is to know I’m no longer alone / but part of an immense life / that shines resplendent and generous around me / a gift from Him, from His immense love”. This sung prayer of Franciscan inspiration is a small masterpiece, set to a tune by my dear departed friend, Riz Ortolani. A piece that is intense and moving in its melodic simplicity, that speaks to the wonder of creation, referencing the “Canticle of the Sun” created eight centuries ago by the Holy poet of Assisi. And from Assisi, to the notes of “Dolce Sentire”, I hope that this music may be a balm for all your hearts, as well as offering the revolutionary force of the Christian message.

Subscribe to Andrea's YouTube:
https://www.youtube.com/c/AndreaBocelli?sub_confirmation=1
Listen to the Essentials playlist: https://andreabocelli.lnk.to/EssentialsID

Follow Andrea:
Facebook: https://www.facebook.com/AndreaBocelli
Instagram: https://www.instagram.com/AndreaBocelli
Twitter: https://twitter.com/AndreaBocelli
YouTube: https://www.youtube.com/AndreaBocelli
TikTok: https://www.tiktok.com/@andreabocelliof

#AndreaBocelli #Bocelli",2020-12-26 11:00:10+00:00,129,738801,18319,1034,False,PT5M19S,319,hd,false,False,andrea|bocelli|andrea bocelli|believe|new album|andrea bocelli 2020|nuovo album|Believe in Christmas|livestream concert|Halleluja|Christmas songs|Christmas tunes|Andrea Bocelli live|pray|prayer|Christmas concert|Assisi|San Francesco|Basilica|Dolce è Sentire|Fratello Sole|Sorella Luna,10,en,none,2020,2082,False,False,5.316666666666666,0.02479558094804961,0.0013995649708108137,354.85158501440924
rPPPp3iJolc,Andrea Bocelli - Believe (Deluxe Edition Yule Log),"Music video by Andrea Bocelli performing Believe (Deluxe Edition Yule Log).© 2020 Sugar s.r.l., under exclusive license to Universal Music Operations Ltd.",2020-12-24 18:00:12+00:00,130,499615,10805,690,False,PT1H9M19S,4159,hd,false,True,Andrea|Bocelli|Believe|(Deluxe|Edition|Yule|Log)|Decca|(UMO)|(Classics)|Classical|Crossover|CHRISTMAS|CHRISTMASMUSIC,10,en,none,2020,2084,False,False,69.31666666666666,0.02162665252244228,0.001381063418832501,239.73848368522073
DGTd3lAqCew,Andrea Bocelli - Ave Maria (BBC Songs of Praise),"Andrea Bocelli sings Ave Maria live at St. Paul Cathedral in London for BBC Songs of Praise, December 2020.
Subscribe to Andrea's YouTube:
https://www.youtube.com/c/AndreaBocelli?sub_confirmation=1
Listen to the Essentials playlist: https://andreabocelli.lnk.to/EssentialsID

Follow Andrea:
Facebook: https://www.facebook.com/AndreaBocelli
Instagram: https://www.instagram.com/AndreaBocelli
Twitter: https://twitter.com/AndreaBocelli
YouTube: https://www.youtube.com/AndreaBocelli
TikTok: https://www.tiktok.com/@andreabocelliof

#AndreaBocelli #Bocelli",2020-12-23 12:00:04+00:00,131,408010,9109,448,False,PT3M41S,221,hd,false,False,andrea|bocelli|andrea bocelli|believe|new album|andrea bocelli 2020|nuovo album|Believe in Christmas|livestream concert|Halleluja|Christmas songs|Christmas tunes|Christmas prayer|Andrea Bocelli live|London|St Paul Cathedral|Songs of Praise|BBC|Ave Maria|pray|prayer,10,en,none,2020,2085,False,False,3.683333333333333,0.022325433200166663,0.0010980123036200093,195.6882494004796
Rfed6pJ8TPs,Andrea Bocelli - Silent Night (A Cappella Version),"From Silent Night: A Christmas Prayer: https://fb.watch/2wDd-JEyRW/
Recorded live from Frasassi Caves, Italy, December 2020.
 
A Facebook production by Almud & Maverick for Sugar and Decca Record
 
Special thanks to:
Regione Marche, Consorzio Frasassi
Comune di Genga 
  
Silent Night 
Music by Franz Xaver Gruber / Lyrics by Joseph Mohr
Publishing Public Domain
 
Production Team:

For Almud - AB Business Management Office
C.E.O.: Veronica Berti
Project Manager: Sara Formicola

For Maverick - AB International Management
Artist Manager: Francesco Pasquero
Artist Manager: Scott Rodger
Heads of Operations: Lucie Panton
 
Director: Gaetano Morbioli
Production Team: Groovy Gecko & Prince Production
Producer: Francesco Uboldi
Director of Photography: Umberto Ottaviani
Production Coordinator: Paolo Sponzilli
Director's Assistant: Laura Castellotti
Head Technician: Alexander Esposito
Vision Mixer Operator: Stefano Virovello
Jib Operator: Pier Gritti
Jib Remote Head Operator: Roberto Parodi
Camera Operator: Daniel Modina
Camera Operator: Gigi Savino
Focus Puller: Matteo Canzano
Gaffer: Marco Piva
Lighting Technician: Fabio Castaldelli
Lighting Technician: Alessandro Castrovilli
Grip: Massimiliano Sebastiano Esposito
 Sound Engineering and Editing: Pierpaolo Guerrini
 
With the creative support of Ivano Berti.

Special thanks for the support: Maurizio Tosoroni, Roberto Tordelli, and Hotel Le Grotte.

Andrea Bocelli wears Stefano Ricci.

All rights reserved.
 
Subscribe to Andrea's YouTube:
https://www.youtube.com/c/AndreaBocelli?sub_confirmation=1
Listen to the Essentials playlist: https://andreabocelli.lnk.to/EssentialsID

Follow Andrea:
Facebook: https://www.facebook.com/AndreaBocelli
Instagram: https://www.instagram.com/AndreaBocelli
Twitter: https://twitter.com/AndreaBocelli
YouTube: https://www.youtube.com/AndreaBocelli
TikTok: https://www.tiktok.com/@andreabocelliof

#AndreaBocelli #Bocelli #Christmas #SilentNight
 
Follow Frasassi Caves:
Website: https://www.frasassi.com
Facebook: https://www.facebook.com/frasassigrotte/
Instagram: https://www.instagram.com/grottedifrasassi/",2020-12-21 18:00:16+00:00,132,1207336,29808,1133,False,PT2M22S,142,hd,false,False,andrea|bocelli|andrea bocelli|believe|new album|andrea bocelli 2020|padre nostro|nuovo album|Believe in Christmas|livestream concert|Halleluja|Frasassi Caves|Grotte di Frasassi|Christmas songs|Christmas tunes|Christmas prayer|Andrea Bocelli live|Silent Night,10,it,none,2020,2087,False,False,2.3666666666666667,0.02468906750067918,0.0009384297328995408,578.5031145184475
iIiqxyIuMJk,Andrea Bocelli - Hallelujah (Live at Teatro Regio di Parma),"Believe In Christmas: Andrea & Virginia Bocelli sing 'Hallelujah' at Teatro Regio di Parma, December 2020.
Believe is available to order now: https://andreabocelli.lnk.to/Believe

After smashing live stream records with an historic Easter performance at Milan’s Duomo, Bocelli returns this holiday season with a new album Believe (Sugar/Decca Records) and a spectacular live event from the stunning Teatro Regio di Parma opera house in Italy on December 12th, 2022.

Filmed in the round, this one-off, multi-camera event featuring Andrea, musicians and special guests, will be streamed to fans around the world, time-zoned to specific regions (see times below). Bocelli is teaming up with creative director Franco Dragone (best known for his ground-breaking work with Cirque Du Soleil) for a magical performance to usher in the festive season.

Subscribe to Andrea's YouTube:
https://www.youtube.com/c/AndreaBocelli?sub_confirmation=1
Listen to the Essentials playlist: https://andreabocelli.lnk.to/EssentialsID

Follow Andrea:
Facebook: https://www.facebook.com/AndreaBocelli
Instagram: https://www.instagram.com/AndreaBocelli
Twitter: https://twitter.com/AndreaBocelli
YouTube: https://www.youtube.com/AndreaBocelli
TikTok: https://www.tiktok.com/@andreabocelliof

Follow Virginia:
Facebook: https://www.facebook.com/virginiabocelli
Instagram: https://www.instagram.com/virginiabocelli
Twitter: https://twitter.com/virginiabocelli
TikTok: https://www.tiktok.com/@virginiabocelli

#AndreaBocelli #Bocelli #Believe #Livestream",2020-12-13 19:59:53+00:00,133,35200958,459170,12100,False,PT5M6S,306,hd,false,False,andrea|bocelli|andrea bocelli|stay home|believe|new album|andrea bocelli 2020|padre nostro|nuovo album|Teatro Regio|Parma|Believe in Christmas|livestream concert|Halleluja|hallelujah|Andrea bocelli hallelujah|Andrea and virginia bocelli hallelujah|Andrea bocelli duet|Andrea bocelli duets|Andrea bocelli live|Andrea bocelli believe in christmas|Andrea bocelli christmas|Andrea bocelli live duets,10,en,none,2020,2095,False,False,5.1,0.01304424726167964,0.00034374064478586065,16802.36658711217
gZVX1Z0kqtc,Andrea Bocelli - Fratello Sole Sorella Luna (Dolce è Sentire) (Visualiser),"Andrea Bocelli ‘Fratello Sole Sorella Luna (Dolce è Sentire)’ (Visualizer)
 
We are proud to present the music running through the core of Andrea Bocelli’s “Believe” album, and available to order here https://AndreaBocelli.lnk.to/BelieveID. #Believe is a collection of uplifting songs that have inspired and sustained Andrea over the years.
 
Follow Andrea Bocelli on:
Facebook - https://www.facebook.com/AndreaBocelli
Instagram - https://www.instagram.com/AndreaBocelli
Twitter - https://twitter.com/AndreaBocelli
YouTube - https://www.youtube.com/AndreaBocelli
 
ANDREA BOCELLI “BELIEVE”
Produced by  Steven Mercurio & Haydn Bendall
Czech National Symphony Orchestra 
Conductor and Music Director: Steven Mercurio
Artistic Director: Jan Hasenöhrl Orchestra Manager: Dušan Mihely
Czech National Symphony Orchestra Chorus
Kühn Children’s Chorus
Children’s choirmaster: Petr Loužensky
Recorded by Haydn Bendall at the ČNSO Studio Gallery (Prague)
Sound Engineer at the ČNSO Studio Gallery (Prague): Pierpaolo Guerrini
Pro Tools Engineer at the ČNSO Studio Gallery (Prague): Stefano Civetta
ČNSO Studio Gallery (Prague) engineers: Stanislav Baroch, Jan Kotzmann, Martin Maslowski, Cenda Kotzmann
Vocal recording and production: Pierpaolo Guerrini at PPG Studios (Pisa) Assistant: Giacomo Lorè
Cecilia Bartoli appears courtesy of Decca Classics.
Vocals recorded and engineered by Pierpaolo Guerrini at Bravo Montecarlo studio (MC)
Alison Krauss vocals recorded and engineered by Neil Cappellino
VOCES8 Foundation Choir vocals recorded at The VOCES8 Centre (London)
Directed and Produced by Barnaby Smith Members of VOCES8 appear courtesy of Decca Classics
Vocal assistant for Andrea Bocelli: Carlo Bernini
Musical Copy Services: David Murray, Subito Music
Musical Pre-Production Assistant: Ryland Angel
Spanish Vocal coach: Julia Lopez 
Additional programming Geoff Lawson
Mixed by Haydn Bendall at The Bunker (UK) Final Mix by Haydn Bendall at Pierpaolo Guerrini Studios (Pisa)
Mastering: Luca Matteucci and Pierpaolo Guerrini at PPG Studios - S.Pietro Belvedere (Pisa)
 
Andrea Bocelli MGMT team: Almud & Maverick - Quest Artists Management
 
A production by Sugar Srl distributed by Decca Records
 
#AndreaBocelli #BELIEVE #NewAlbum",2020-12-10 05:00:18+00:00,134,968066,11532,416,False,PT4M37S,277,hd,false,True,Andrea|Bocelli|Fratello|Sole|Sorella|Luna|(Dolce|Sentire)|(Visualiser)|Decca|(UMO)|(Classics)|Classical|Crossover,10,en,none,2020,2099,False,False,4.616666666666666,0.011912410930659686,0.0004297227668361455,461.20343020485944
koFi13Mcwck,Andrea Bocelli - Mira Il Tuo Popolo (arr. Mercurio) (Visualiser),"Andrea Bocelli ‘Mira Il Tuo Popolo’ (Visualizer)
 
We are proud to present the music running through the core of Andrea Bocelli’s “Believe” album, and available to order here https://AndreaBocelli.lnk.to/BelieveID. #Believe is a collection of uplifting songs that have inspired and sustained Andrea over the years.
 
Follow Andrea Bocelli on:
Facebook - https://www.facebook.com/AndreaBocelli
Instagram - https://www.instagram.com/AndreaBocelli
Twitter - https://twitter.com/AndreaBocelli
YouTube - https://www.youtube.com/AndreaBocelli
 
ANDREA BOCELLI “BELIEVE”
Produced by  Steven Mercurio & Haydn Bendall
Czech National Symphony Orchestra 
Conductor and Music Director: Steven Mercurio
Artistic Director: Jan Hasenöhrl Orchestra Manager: Dušan Mihely
Czech National Symphony Orchestra Chorus
Kühn Children’s Chorus
Children’s choirmaster: Petr Loužensky
Recorded by Haydn Bendall at the ČNSO Studio Gallery (Prague)
Sound Engineer at the ČNSO Studio Gallery (Prague): Pierpaolo Guerrini
Pro Tools Engineer at the ČNSO Studio Gallery (Prague): Stefano Civetta
ČNSO Studio Gallery (Prague) engineers: Stanislav Baroch, Jan Kotzmann, Martin Maslowski, Cenda Kotzmann
Vocal recording and production: Pierpaolo Guerrini at PPG Studios (Pisa) Assistant: Giacomo Lorè
Cecilia Bartoli appears courtesy of Decca Classics.
Vocals recorded and engineered by Pierpaolo Guerrini at Bravo Montecarlo studio (MC)
Alison Krauss vocals recorded and engineered by Neil Cappellino
VOCES8 Foundation Choir vocals recorded at The VOCES8 Centre (London)
Directed and Produced by Barnaby Smith Members of VOCES8 appear courtesy of Decca Classics
Vocal assistant for Andrea Bocelli: Carlo Bernini
Musical Copy Services: David Murray, Subito Music
Musical Pre-Production Assistant: Ryland Angel
Spanish Vocal coach: Julia Lopez 
Additional programming Geoff Lawson
Mixed by Haydn Bendall at The Bunker (UK) Final Mix by Haydn Bendall at Pierpaolo Guerrini Studios (Pisa)
Mastering: Luca Matteucci and Pierpaolo Guerrini at PPG Studios - S.Pietro Belvedere (Pisa)
 
Andrea Bocelli MGMT team: Almud & Maverick - Quest Artists Management
 
A production by Sugar Srl distributed by Decca Records
 
#AndreaBocelli #BELIEVE #NewAlbum",2020-12-10 05:00:18+00:00,135,270873,2745,121,False,PT3M38S,218,hd,false,True,Andrea|Bocelli|Mira|Tuo|Popolo|(arr.|Mercurio)|(Visualiser)|Decca|(UMO)|(Classics)|Classical|Crossover|POP,10,en,none,2020,2099,False,False,3.6333333333333333,0.010133900388743063,0.0004467038058425904,129.0485945688423
mSB57Xii_5s,Mui Grandes Noit’ E Día (No. 57 from Cantigas de Santa Maria) [arr. Mercurio] (Visualiser),"Andrea Bocelli ‘Mui Grandes Noit E Dia’ (Visualizer)
 
We are proud to present the music running through the core of Andrea Bocelli’s “Believe” album, and available to order here https://AndreaBocelli.lnk.to/BelieveID. #Believe is a collection of uplifting songs that have inspired and sustained Andrea over the years.
 
Follow Andrea Bocelli on:
Facebook - https://www.facebook.com/AndreaBocelli
Instagram - https://www.instagram.com/AndreaBocelli
Twitter - https://twitter.com/AndreaBocelli
YouTube - https://www.youtube.com/AndreaBocelli
 
ANDREA BOCELLI “BELIEVE”
Produced by  Steven Mercurio & Haydn Bendall
Czech National Symphony Orchestra 
Conductor and Music Director: Steven Mercurio
Artistic Director: Jan Hasenöhrl Orchestra Manager: Dušan Mihely
Czech National Symphony Orchestra Chorus
Kühn Children’s Chorus
Children’s choirmaster: Petr Loužensky
Recorded by Haydn Bendall at the ČNSO Studio Gallery (Prague)
Sound Engineer at the ČNSO Studio Gallery (Prague): Pierpaolo Guerrini
Pro Tools Engineer at the ČNSO Studio Gallery (Prague): Stefano Civetta
ČNSO Studio Gallery (Prague) engineers: Stanislav Baroch, Jan Kotzmann, Martin Maslowski, Cenda Kotzmann
Vocal recording and production: Pierpaolo Guerrini at PPG Studios (Pisa) Assistant: Giacomo Lorè
Cecilia Bartoli appears courtesy of Decca Classics.
Vocals recorded and engineered by Pierpaolo Guerrini at Bravo Montecarlo studio (MC)
Alison Krauss vocals recorded and engineered by Neil Cappellino
VOCES8 Foundation Choir vocals recorded at The VOCES8 Centre (London)
Directed and Produced by Barnaby Smith Members of VOCES8 appear courtesy of Decca Classics
Vocal assistant for Andrea Bocelli: Carlo Bernini
Musical Copy Services: David Murray, Subito Music
Musical Pre-Production Assistant: Ryland Angel
Spanish Vocal coach: Julia Lopez 
Additional programming Geoff Lawson
Mixed by Haydn Bendall at The Bunker (UK) Final Mix by Haydn Bendall at Pierpaolo Guerrini Studios (Pisa)
Mastering: Luca Matteucci and Pierpaolo Guerrini at PPG Studios - S.Pietro Belvedere (Pisa)
 
Andrea Bocelli MGMT team: Almud & Maverick - Quest Artists Management
 
A production by Sugar Srl distributed by Decca Records
 
#AndreaBocelli #BELIEVE #NewAlbum",2020-12-10 05:00:08+00:00,136,71298,754,50,False,PT4M6S,246,hd,false,True,Andrea|Bocelli|Mui|Grandes|Noit’|Día|(No.|from|Cantigas|Santa|Maria)|[arr.|Mercurio]|(Visualiser)|Decca|(UMO)|(Classics)|Classical|Crossover,10,en,none,2020,2099,False,False,4.1,0.010575331706359225,0.0007012819433925215,33.9676036207718
pf_eaLKeweo,Andrea Bocelli - Amazing Grace (arr. Mercurio) (Visualiser),"Andrea Bocelli ‘Amazing Grace (Solo Version)’ (Visualizer)
 
We are proud to present the music running through the core of Andrea Bocelli’s “Believe” album, and available to order here https://AndreaBocelli.lnk.to/BelieveID. #Believe is a collection of uplifting songs that have inspired and sustained Andrea over the years.
 
Follow Andrea Bocelli on:
Facebook - https://www.facebook.com/AndreaBocelli
Instagram - https://www.instagram.com/AndreaBocelli
Twitter - https://twitter.com/AndreaBocelli
YouTube - https://www.youtube.com/AndreaBocelli
 
ANDREA BOCELLI “BELIEVE”
Produced by  Steven Mercurio & Haydn Bendall
Czech National Symphony Orchestra 
Conductor and Music Director: Steven Mercurio
Artistic Director: Jan Hasenöhrl Orchestra Manager: Dušan Mihely
Czech National Symphony Orchestra Chorus
Kühn Children’s Chorus
Children’s choirmaster: Petr Loužensky
Recorded by Haydn Bendall at the ČNSO Studio Gallery (Prague)
Sound Engineer at the ČNSO Studio Gallery (Prague): Pierpaolo Guerrini
Pro Tools Engineer at the ČNSO Studio Gallery (Prague): Stefano Civetta
ČNSO Studio Gallery (Prague) engineers: Stanislav Baroch, Jan Kotzmann, Martin Maslowski, Cenda Kotzmann
Vocal recording and production: Pierpaolo Guerrini at PPG Studios (Pisa) Assistant: Giacomo Lorè
Cecilia Bartoli appears courtesy of Decca Classics.
Vocals recorded and engineered by Pierpaolo Guerrini at Bravo Montecarlo studio (MC)
Alison Krauss vocals recorded and engineered by Neil Cappellino
VOCES8 Foundation Choir vocals recorded at The VOCES8 Centre (London)
Directed and Produced by Barnaby Smith Members of VOCES8 appear courtesy of Decca Classics
Vocal assistant for Andrea Bocelli: Carlo Bernini
Musical Copy Services: David Murray, Subito Music
Musical Pre-Production Assistant: Ryland Angel
Spanish Vocal coach: Julia Lopez 
Additional programming Geoff Lawson
Mixed by Haydn Bendall at The Bunker (UK) Final Mix by Haydn Bendall at Pierpaolo Guerrini Studios (Pisa)
Mastering: Luca Matteucci and Pierpaolo Guerrini at PPG Studios - S.Pietro Belvedere (Pisa)
 
Andrea Bocelli MGMT team: Almud & Maverick - Quest Artists Management
 
A production by Sugar Srl distributed by Decca Records
 
#AndreaBocelli #BELIEVE #NewAlbum",2020-12-10 05:00:08+00:00,137,152605,2570,80,False,PT3M56S,236,hd,false,True,Andrea|Bocelli|Amazing|Grace|(arr.|Mercurio)|(Visualiser)|Decca|(UMO)|(Classics)|Classical|Crossover,10,it,none,2020,2099,False,False,3.933333333333333,0.016840863667638675,0.0005242292192261066,72.70366841353025
qL1sskkvrUY,Andrea Bocelli - Inno Sussurato (Visualiser),"Andrea Bocelli ‘Inno Sussurato’ (Visualizer)
 
We are proud to present the music running through the core of Andrea Bocelli’s “Believe” album, and available to order here https://AndreaBocelli.lnk.to/BelieveID. #Believe is a collection of uplifting songs that have inspired and sustained Andrea over the years.
 
Follow Andrea Bocelli on:
Facebook - https://www.facebook.com/AndreaBocelli
Instagram - https://www.instagram.com/AndreaBocelli
Twitter - https://twitter.com/AndreaBocelli
YouTube - https://www.youtube.com/AndreaBocelli
 
ANDREA BOCELLI “BELIEVE”
Produced by  Steven Mercurio & Haydn Bendall
Czech National Symphony Orchestra 
Conductor and Music Director: Steven Mercurio
Artistic Director: Jan Hasenöhrl Orchestra Manager: Dušan Mihely
Czech National Symphony Orchestra Chorus
Kühn Children’s Chorus
Children’s choirmaster: Petr Loužensky
Recorded by Haydn Bendall at the ČNSO Studio Gallery (Prague)
Sound Engineer at the ČNSO Studio Gallery (Prague): Pierpaolo Guerrini
Pro Tools Engineer at the ČNSO Studio Gallery (Prague): Stefano Civetta
ČNSO Studio Gallery (Prague) engineers: Stanislav Baroch, Jan Kotzmann, Martin Maslowski, Cenda Kotzmann
Vocal recording and production: Pierpaolo Guerrini at PPG Studios (Pisa) Assistant: Giacomo Lorè
Cecilia Bartoli appears courtesy of Decca Classics.
Vocals recorded and engineered by Pierpaolo Guerrini at Bravo Montecarlo studio (MC)
Alison Krauss vocals recorded and engineered by Neil Cappellino
VOCES8 Foundation Choir vocals recorded at The VOCES8 Centre (London)
Directed and Produced by Barnaby Smith Members of VOCES8 appear courtesy of Decca Classics
Vocal assistant for Andrea Bocelli: Carlo Bernini
Musical Copy Services: David Murray, Subito Music
Musical Pre-Production Assistant: Ryland Angel
Spanish Vocal coach: Julia Lopez 
Additional programming Geoff Lawson
Mixed by Haydn Bendall at The Bunker (UK) Final Mix by Haydn Bendall at Pierpaolo Guerrini Studios (Pisa)
Mastering: Luca Matteucci and Pierpaolo Guerrini at PPG Studios - S.Pietro Belvedere (Pisa)
 
Andrea Bocelli MGMT team: Almud & Maverick - Quest Artists Management
 
A production by Sugar Srl distributed by Decca Records
 
#AndreaBocelli #BELIEVE #NewAlbum",2020-12-10 05:00:07+00:00,138,133834,1635,75,False,PT4M36S,276,hd,false,True,Andrea|Bocelli|Inno|Sussurato|(Visualiser)|Decca|(UMO)|(Classics)|Classical|Crossover|POP,10,en,none,2020,2099,False,False,4.6,0.012216626567240013,0.0005603957140935786,63.7608384945212
PIqTRu5KxnY,Andrea Bocelli - Angele Dei (arr. Kaye) (Visualiser),"Andrea Bocelli ‘Angele Dei’ (Visualizer)
 
We are proud to present the music running through the core of Andrea Bocelli’s “Believe” album, and available to order here https://AndreaBocelli.lnk.to/BelieveID. #Believe is a collection of uplifting songs that have inspired and sustained Andrea over the years.

Subscribe to Andrea Bocelli’s YouTube channel & ring the bell to never miss a new video: https://AndreaBocelli.lnk.to/YTSignUpID

Sign up for Andrea Bocelli’s Email List: https://AndreaBocelli.lnk.to/MailingListSignUpID

Follow Andrea Bocelli: 
Instagram: https://www.instagram.com/andreabocelliofficial
Facebook: https://www.facebook.com/andreabocelli/YouTube
YouTube: https://www.youtube.com/channel/UCb4JB8-ZAeceuR7EPCPOPzg
TikTok:  https://www.tiktok.com/@andreabocelliof?lang=en
X: https://x.com/AndreaBocelliWebsite
Website: https://www.andreabocelli.com/
#AndreaBocelli #Bocelli 
 
ANDREA BOCELLI “BELIEVE”
Produced by  Steven Mercurio & Haydn Bendall
Czech National Symphony Orchestra 
Conductor and Music Director: Steven Mercurio
Artistic Director: Jan Hasenöhrl Orchestra Manager: Dušan Mihely
Czech National Symphony Orchestra Chorus
Kühn Children’s Chorus
Children’s choirmaster: Petr Loužensky
Recorded by Haydn Bendall at the ČNSO Studio Gallery (Prague)
Sound Engineer at the ČNSO Studio Gallery (Prague): Pierpaolo Guerrini
Pro Tools Engineer at the ČNSO Studio Gallery (Prague): Stefano Civetta
ČNSO Studio Gallery (Prague) engineers: Stanislav Baroch, Jan Kotzmann, Martin Maslowski, Cenda Kotzmann
Vocal recording and production: Pierpaolo Guerrini at PPG Studios (Pisa) Assistant: Giacomo Lorè
Cecilia Bartoli appears courtesy of Decca Classics.
Vocals recorded and engineered by Pierpaolo Guerrini at Bravo Montecarlo studio (MC)
Alison Krauss vocals recorded and engineered by Neil Cappellino
VOCES8 Foundation Choir vocals recorded at The VOCES8 Centre (London)
Directed and Produced by Barnaby Smith Members of VOCES8 appear courtesy of Decca Classics
Vocal assistant for Andrea Bocelli: Carlo Bernini
Musical Copy Services: David Murray, Subito Music
Musical Pre-Production Assistant: Ryland Angel
Spanish Vocal coach: Julia Lopez 
Additional programming Geoff Lawson
Mixed by Haydn Bendall at The Bunker (UK) Final Mix by Haydn Bendall at Pierpaolo Guerrini Studios (Pisa)
Mastering: Luca Matteucci and Pierpaolo Guerrini at PPG Studios - S.Pietro Belvedere (Pisa)
 
Andrea Bocelli MGMT team: Almud & Maverick - Quest Artists Management
 
A production by Sugar Srl distributed by Decca Records
 
#AndreaBocelli #BELIEVE #NewAlbum",2020-12-10 05:00:05+00:00,139,98749,1359,86,False,PT4M16S,256,hd,false,True,Andrea|Bocelli|Angele|Dei|(arr.|Kaye)|(Visualiser)|Decca|(UMO)|(Classics)|Classical|Crossover,10,en,none,2020,2099,False,False,4.266666666666667,0.01376216468014866,0.0008708948951381786,47.045736064792756
A3__1DKVQMI,"Andrea Bocelli - Agnus Dei (Intermezzo from L'arlésienne Suite No.2, No.6) (Visualiser)","Andrea Bocelli ‘Agnus Dei’ (Visualizer)
 
We are proud to present the music running through the core of Andrea Bocelli’s “Believe” album, and available to order here https://AndreaBocelli.lnk.to/BelieveID. #Believe is a collection of uplifting songs that have inspired and sustained Andrea over the years.
 
Follow Andrea Bocelli on:
Facebook - https://www.facebook.com/AndreaBocelli
Instagram - https://www.instagram.com/AndreaBocelli
Twitter - https://twitter.com/AndreaBocelli
YouTube - https://www.youtube.com/AndreaBocelli
 
ANDREA BOCELLI “BELIEVE”
Produced by  Steven Mercurio & Haydn Bendall
Czech National Symphony Orchestra 
Conductor and Music Director: Steven Mercurio
Artistic Director: Jan Hasenöhrl Orchestra Manager: Dušan Mihely
Czech National Symphony Orchestra Chorus
Kühn Children’s Chorus
Children’s choirmaster: Petr Loužensky
Recorded by Haydn Bendall at the ČNSO Studio Gallery (Prague)
Sound Engineer at the ČNSO Studio Gallery (Prague): Pierpaolo Guerrini
Pro Tools Engineer at the ČNSO Studio Gallery (Prague): Stefano Civetta
ČNSO Studio Gallery (Prague) engineers: Stanislav Baroch, Jan Kotzmann, Martin Maslowski, Cenda Kotzmann
Vocal recording and production: Pierpaolo Guerrini at PPG Studios (Pisa) Assistant: Giacomo Lorè
Cecilia Bartoli appears courtesy of Decca Classics.
Vocals recorded and engineered by Pierpaolo Guerrini at Bravo Montecarlo studio (MC)
Alison Krauss vocals recorded and engineered by Neil Cappellino
VOCES8 Foundation Choir vocals recorded at The VOCES8 Centre (London)
Directed and Produced by Barnaby Smith Members of VOCES8 appear courtesy of Decca Classics
Vocal assistant for Andrea Bocelli: Carlo Bernini
Musical Copy Services: David Murray, Subito Music
Musical Pre-Production Assistant: Ryland Angel
Spanish Vocal coach: Julia Lopez 
Additional programming Geoff Lawson
Mixed by Haydn Bendall at The Bunker (UK) Final Mix by Haydn Bendall at Pierpaolo Guerrini Studios (Pisa)
Mastering: Luca Matteucci and Pierpaolo Guerrini at PPG Studios - S.Pietro Belvedere (Pisa)
 
Andrea Bocelli MGMT team: Almud & Maverick - Quest Artists Management
 
A production by Sugar Srl distributed by Decca Records
 
#AndreaBocelli #BELIEVE #NewAlbum",2020-12-10 05:00:02+00:00,140,84132,1406,66,False,PT3M42S,222,hd,false,True,Andrea|Bocelli|Agnus|Dei|(Intermezzo|from|L'arlésienne|Suite|No.2|No.6)|(Visualiser)|Decca|(UMO)|(Classics)|Classical|Crossover,10,en,none,2020,2099,False,False,3.7,0.016711833785004515,0.0007844815290258166,40.08194378275369
DmDoh4hxeZE,Andrea Bocelli - Preghiera (arr. Mercurio) (Visualiser),"Andrea Bocelli ‘Preghiera (Alla Mente Confusa)’ (Visualizer)
 
We are proud to present the music running through the core of Andrea Bocelli’s “Believe” album, and available to order here https://AndreaBocelli.lnk.to/BelieveID. #Believe is a collection of uplifting songs that have inspired and sustained Andrea over the years.
 
Follow Andrea Bocelli on:
Facebook - https://www.facebook.com/AndreaBocelli
Instagram - https://www.instagram.com/AndreaBocelli
Twitter - https://twitter.com/AndreaBocelli
YouTube - https://www.youtube.com/AndreaBocelli
 
ANDREA BOCELLI “BELIEVE”
Produced by  Steven Mercurio & Haydn Bendall
Czech National Symphony Orchestra 
Conductor and Music Director: Steven Mercurio
Artistic Director: Jan Hasenöhrl Orchestra Manager: Dušan Mihely
Czech National Symphony Orchestra Chorus
Kühn Children’s Chorus
Children’s choirmaster: Petr Loužensky
Recorded by Haydn Bendall at the ČNSO Studio Gallery (Prague)
Sound Engineer at the ČNSO Studio Gallery (Prague): Pierpaolo Guerrini
Pro Tools Engineer at the ČNSO Studio Gallery (Prague): Stefano Civetta
ČNSO Studio Gallery (Prague) engineers: Stanislav Baroch, Jan Kotzmann, Martin Maslowski, Cenda Kotzmann
Vocal recording and production: Pierpaolo Guerrini at PPG Studios (Pisa) Assistant: Giacomo Lorè
Cecilia Bartoli appears courtesy of Decca Classics.
Vocals recorded and engineered by Pierpaolo Guerrini at Bravo Montecarlo studio (MC)
Alison Krauss vocals recorded and engineered by Neil Cappellino
VOCES8 Foundation Choir vocals recorded at The VOCES8 Centre (London)
Directed and Produced by Barnaby Smith Members of VOCES8 appear courtesy of Decca Classics
Vocal assistant for Andrea Bocelli: Carlo Bernini
Musical Copy Services: David Murray, Subito Music
Musical Pre-Production Assistant: Ryland Angel
Spanish Vocal coach: Julia Lopez 
Additional programming Geoff Lawson
Mixed by Haydn Bendall at The Bunker (UK) Final Mix by Haydn Bendall at Pierpaolo Guerrini Studios (Pisa)
Mastering: Luca Matteucci and Pierpaolo Guerrini at PPG Studios - S.Pietro Belvedere (Pisa)
 
Andrea Bocelli MGMT team: Almud & Maverick - Quest Artists Management
 
A production by Sugar Srl distributed by Decca Records
 
#AndreaBocelli #BELIEVE #NewAlbum",2020-12-10 05:00:02+00:00,141,105268,1663,82,False,PT4M7S,247,hd,false,True,Andrea|Bocelli|Preghiera|(arr.|Mercurio)|(Visualiser)|Decca|(UMO)|(Classics)|Classical|Crossover,10,en,none,2020,2099,False,False,4.116666666666666,0.015797773302428087,0.0007789641676482882,50.15150071462601
8HG4Y8VYk0Q,Andrea Bocelli - Cantique de Jean Racine (Visualiser),"Andrea Bocelli ‘Cantique De Jean Racine’ (Visualizer)
 
We are proud to present the music running through the core of Andrea Bocelli’s “Believe” album, and available to order here https://AndreaBocelli.lnk.to/BelieveID. #Believe is a collection of uplifting songs that have inspired and sustained Andrea over the years.
 
Follow Andrea Bocelli on:
Facebook - https://www.facebook.com/AndreaBocelli
Instagram - https://www.instagram.com/AndreaBocelli
Twitter - https://twitter.com/AndreaBocelli
YouTube - https://www.youtube.com/AndreaBocelli
 
ANDREA BOCELLI “BELIEVE”
Produced by  Steven Mercurio & Haydn Bendall
Czech National Symphony Orchestra 
Conductor and Music Director: Steven Mercurio
Artistic Director: Jan Hasenöhrl Orchestra Manager: Dušan Mihely
Czech National Symphony Orchestra Chorus
Kühn Children’s Chorus
Children’s choirmaster: Petr Loužensky
Recorded by Haydn Bendall at the ČNSO Studio Gallery (Prague)
Sound Engineer at the ČNSO Studio Gallery (Prague): Pierpaolo Guerrini
Pro Tools Engineer at the ČNSO Studio Gallery (Prague): Stefano Civetta
ČNSO Studio Gallery (Prague) engineers: Stanislav Baroch, Jan Kotzmann, Martin Maslowski, Cenda Kotzmann
Vocal recording and production: Pierpaolo Guerrini at PPG Studios (Pisa) Assistant: Giacomo Lorè
Cecilia Bartoli appears courtesy of Decca Classics.
Vocals recorded and engineered by Pierpaolo Guerrini at Bravo Montecarlo studio (MC)
Alison Krauss vocals recorded and engineered by Neil Cappellino
VOCES8 Foundation Choir vocals recorded at The VOCES8 Centre (London)
Directed and Produced by Barnaby Smith Members of VOCES8 appear courtesy of Decca Classics
Vocal assistant for Andrea Bocelli: Carlo Bernini
Musical Copy Services: David Murray, Subito Music
Musical Pre-Production Assistant: Ryland Angel
Spanish Vocal coach: Julia Lopez 
Additional programming Geoff Lawson
Mixed by Haydn Bendall at The Bunker (UK) Final Mix by Haydn Bendall at Pierpaolo Guerrini Studios (Pisa)
Mastering: Luca Matteucci and Pierpaolo Guerrini at PPG Studios - S.Pietro Belvedere (Pisa)
 
Andrea Bocelli MGMT team: Almud & Maverick - Quest Artists Management
 
A production by Sugar Srl distributed by Decca Records
 
#AndreaBocelli #BELIEVE #NewAlbum",2020-12-10 05:00:01+00:00,142,170359,2033,108,False,PT5M22S,322,hd,false,True,Andrea Bocelli|Sugar s.r.l. under exclusive licence to Universal International Music B.V.|Classical Crossover,10,en,none,2020,2099,False,False,5.366666666666666,0.01193362252654688,0.0006339553531072617,81.16198189614101
8udEoT4Xd7I,"Andrea Bocelli - Oh, Madre Benedetta! (Adagio Di Albinoni) (Visualiser)","Andrea Bocelli ‘Oh, Madre Benedetta! (Adagio Di Albinoni)’ (Visualizer)
 
We are proud to present the music running through the core of Andrea Bocelli’s “Believe” album, and available to order here https://AndreaBocelli.lnk.to/BelieveID. #Believe is a collection of uplifting songs that have inspired and sustained Andrea over the years.
 
Follow Andrea Bocelli on:
Facebook - https://www.facebook.com/AndreaBocelli
Instagram - https://www.instagram.com/AndreaBocelli
Twitter - https://twitter.com/AndreaBocelli
YouTube - https://www.youtube.com/AndreaBocelli
 
ANDREA BOCELLI “BELIEVE”
Produced by  Steven Mercurio & Haydn Bendall
Czech National Symphony Orchestra 
Conductor and Music Director: Steven Mercurio
Artistic Director: Jan Hasenöhrl Orchestra Manager: Dušan Mihely
Czech National Symphony Orchestra Chorus
Kühn Children’s Chorus
Children’s choirmaster: Petr Loužensky
Recorded by Haydn Bendall at the ČNSO Studio Gallery (Prague)
Sound Engineer at the ČNSO Studio Gallery (Prague): Pierpaolo Guerrini
Pro Tools Engineer at the ČNSO Studio Gallery (Prague): Stefano Civetta
ČNSO Studio Gallery (Prague) engineers: Stanislav Baroch, Jan Kotzmann, Martin Maslowski, Cenda Kotzmann
Vocal recording and production: Pierpaolo Guerrini at PPG Studios (Pisa) Assistant: Giacomo Lorè
Cecilia Bartoli appears courtesy of Decca Classics.
Vocals recorded and engineered by Pierpaolo Guerrini at Bravo Montecarlo studio (MC)
Alison Krauss vocals recorded and engineered by Neil Cappellino
VOCES8 Foundation Choir vocals recorded at The VOCES8 Centre (London)
Directed and Produced by Barnaby Smith Members of VOCES8 appear courtesy of Decca Classics
Vocal assistant for Andrea Bocelli: Carlo Bernini
Musical Copy Services: David Murray, Subito Music
Musical Pre-Production Assistant: Ryland Angel
Spanish Vocal coach: Julia Lopez 
Additional programming Geoff Lawson
Mixed by Haydn Bendall at The Bunker (UK) Final Mix by Haydn Bendall at Pierpaolo Guerrini Studios (Pisa)
Mastering: Luca Matteucci and Pierpaolo Guerrini at PPG Studios - S.Pietro Belvedere (Pisa)
 
Andrea Bocelli MGMT team: Almud & Maverick - Quest Artists Management
 
A production by Sugar Srl distributed by Decca Records
 
#AndreaBocelli #BELIEVE #NewAlbum",2020-12-10 05:00:01+00:00,143,222341,2864,125,False,PT3M28S,208,hd,false,True,Andrea|Bocelli|Madre|Benedetta!|(Adagio|Albinoni)|(Visualiser)|Decca|(UMO)|(Classics)|Classical|Crossover,10,en,none,2020,2099,False,False,3.466666666666667,0.012881115044008977,0.0005621995043649169,105.92710814673654
K2cRsM5Por0,"Andrea Bocelli - Believe: Fratello Sole, Sorella Luna (Official Track by Track)","Fratello Sole, Sorella Luna (meaning 'brother sun, sister moon') is the second song on Believe, and features in our second behind the scenes video piece exploring all the music from the brand new album. Listen to Believe: https://AndreaBocelli.lnk.to/BelieveID

Subscribe to Andrea's YouTube:
https://www.youtube.com/c/AndreaBocelli?sub_confirmation=1
Listen to the Essentials playlist: https://andreabocelli.lnk.to/EssentialsID

Follow Andrea:
Facebook: https://www.facebook.com/AndreaBocelli
Instagram: https://www.instagram.com/AndreaBocelli
Twitter: https://twitter.com/AndreaBocelli
YouTube: https://www.youtube.com/AndreaBocelli
TikTok: https://www.tiktok.com/@andreabocelliof

#AndreaBocelli #Bocelli
 
Andrea Bocelli - Believe
Produced by  Steven Mercurio & Haydn Bendall
Czech National Symphony Orchestra 
Conductor and Music Director: Steven Mercurio
Artistic Director: Jan Hasenöhrl Orchestra Manager: Dušan Mihely
Czech National Symphony Orchestra Chorus
Kühn Children’s Chorus
Children’s choirmaster: Petr Loužensky
Recorded by Haydn Bendall at the ČNSO Studio Gallery (Prague)
Sound Engineer at the ČNSO Studio Gallery (Prague): Pierpaolo Guerrini
Pro Tools Engineer at the ČNSO Studio Gallery (Prague): Stefano Civetta
ČNSO Studio Gallery (Prague) engineers: Stanislav Baroch, Jan Kotzmann, Martin Maslowski, Cenda Kotzmann
Vocal recording and production: Pierpaolo Guerrini at PPG Studios (Pisa) Assistant: Giacomo Lorè
Cecilia Bartoli appears courtesy of Decca Classics.
Vocals recorded and engineered by Pierpaolo Guerrini at Bravo Montecarlo studio (MC)
Alison Krauss vocals recorded and engineered by Neil Cappellino
VOCES8 Foundation Choir vocals recorded at The VOCES8 Centre (London)
Directed and Produced by Barnaby Smith Members of VOCES8 appear courtesy of Decca Classics
Vocal assistant for Andrea Bocelli: Carlo Bernini
Musical Copy Services: David Murray, Subito Music
Musical Pre-Production Assistant: Ryland Angel
Spanish Vocal coach: Julia Lopez 
Additional programming Geoff Lawson
Mixed by Haydn Bendall at The Bunker (UK) Final Mix by Haydn Bendall at Pierpaolo Guerrini Studios (Pisa)
Mastering: Luca Matteucci and Pierpaolo Guerrini at PPG Studios - S.Pietro Belvedere (Pisa)
 
Andrea Bocelli MGMT team: Almud & Maverick - Quest Artists Management
 
A production by Sugar Srl distributed by Decca Records",2020-12-09 13:01:20+00:00,144,119482,3112,148,False,PT2M4S,124,hd,false,False,andrea|bocelli|andrea bocelli|stay home|believe|new album|andrea bocelli 2020|amazing grace|ave maria|agnus dei|padre nostro|nuovo album|Cecilia Bartoli|making of|behind the scene|Hallelujah|Leonard Cohen|cover|track by track|Fratello Sole|Sorella Luna,10,en,none,2020,2099,False,False,2.066666666666667,0.026045764215530374,0.001238680303309285,56.92329680800381
WmiSTgPtLyM,Andrea Bocelli - Ave Maria,"We are proud to present the fifth single ‘Ave Maria, running through the core of Andrea Bocelli’s brand new album, Believe, and available to order here: https://AndreaBocelli.lnk.to/BelieveID . 

#Believe is a collection of uplifting songs that have inspired and sustained Andrea over the years.

Follow Andrea Bocelli on:

Facebook - https://www.facebook.com/AndreaBocelli
Instagram - https://www.instagram.com/AndreaBocelli
Twitter - https://twitter.com/AndreaBocelli/
YouTube - https://www.youtube.com/AndreaBocelli

“I don’t consider myself to be a composer, however, I am a musician, and sometimes melodies come to my mind, with essentially complete harmonies... Music that knocks on the door of my soul and which I gladly welcome and then set free by putting pen to paper”. Thus, Andrea Bocelli has created this inspired arrangement for “Ave Maria, which was composed in March 2020. The song clearly displays the Tuscan tenor’s strong religious feeling, who draws strength not only from his spiritual journey and meditations on adulthood, but also from his childhood memories: from the first time he performed the sacred repertoire on the keys of an organ, the genuine devotion expressed by the community of churchgoers in the rural town where he grew up. 

AVE MARIA
Lyrics: Liturgical
Music by Andrea Bocelli
Publishing: Sugarmusic S.p.a. / Almud Edizioni Musicali S.r.l.
Orchestrated by Steven Mercurio 
Violin: Anastasia Petryshak

LYRIC
Ave Maria
Piena di grazia
Il Signore è con te
Tu sei benedetta fra le donne
E benedetto è il frutto del ventre tuo, Gesù
Santa Maria, Madre di Dio,
Prega per noi peccatori,
Ora e nell’ora della nostra morte
Amen
Santa Maria
Madre di Dio
Prega per noi peccatori
Ora e nell’ora della nostra morte 
Amen 


ANDREA BOCELLI “BELIEVE”
Produced by Steven Mercurio & Haydn Bendall
Czech National Symphony Orchestra 
Conductor and Music Director: Steven Mercurio
Artistic Director: Jan Hasenöhrl 
Orchestra Manager: Dušan Mihely
Czech National Symphony Orchestra Chorus
 
VIDEO CREDIT
 
Creative Director: Alberto Bartalini
Creative Director Assistant: Ilaria Bartalini
Produced by Strani Rumori Studio Multimedia
Executive Producer: Ivano Berti
Directors: Riccardo Guernieri e Luca Scota
Project Mgmt for Almud: Sara Formicola & Valentina Pianezzi 
International Project Mgmt for Maverick: Francesco Pasquero
DOP: Marco Bassano 
Edited by Riccardo Guernieri
Color Grading: Walter Cavatoi
Cameras: Jacopo Pietrucci, Diletta Fernandez, Nicolò Baronci
Ronin Operator: Gianni Gaudenzi
Jib by Nonnifilm
Camera Operator: Luca Nonni
Crane Technician: Kamel Kuri
Cameras Equipments by Strani Rumori Multimedia Srl
Drone operator: Aeroriprese by Emanuele Brambilla
Camera Drone’s Operator: Paolo Cafferati
Backstage by Diletta Fernandez
Light Equipment by Movieland
Gaffer: Delcarmine Ivo
Electrician: Carlo Virtù
Electrician: Massimiliano Agostini
Location Manager: Andrea Vaccarini
Videographics by SWA Smart Web Application
Personal Management Consultant for Strani Rumori Multimedia Graziano Tittarelli (Astral Music)
Location Consultant in Loreto's Abbey: Ugo Bogotto
Still photographers: Luca Rossetti, Alessandro Giannaccini
 
Violin: Anastasia Petryshak
Special appearance: Virginia Bocelli

Special thanks to Regione Marche and Comune di Loreto
www.turismo.marche.it 
www.comune.loreto.an.it
www.facebook.com/comuneloreto

Special thanks to Santuario della Santa Casa di Loreto
 
Andrea Bocelli wears Stefano Ricci
 
Andrea Bocelli MGMT team: Almud & Maverick - Quest Artists Management
 
A production by Almud & Maverick Quest Artist Management for Sugar Srl, distributed by Decca Records.
 
#AndreaBocelli #Believe #AveMaria #Loreto
#DestinazioneMarche @marchetourism",2020-12-07 05:00:16+00:00,145,4656302,55198,1740,False,PT5M12S,312,hd,false,True,Andrea|Bocelli|Ave|Maria|Decca|(UMO)|(Classics)|Classical|Crossover,10,it,none,2020,2102,False,False,5.2,0.011854471638652305,0.00037368710191048606,2215.176974310181
h8lJWj3R7ng,Andrea Bocelli - Silent Night (Piano Version / Lyric Video),"Listen to Andrea Bocelli’s Christmas album 'My Christmas (Fireside Edition)'  featuring 'Silent Night (Piano Version)' here: https://andreabocelli.lnk.to/MyChristmasFiresideID
And listen to the new Christmas album 'A Family Christmas' here: https://AndreaBocelli.lnk.to/FamilyChristmasDeluxeID
 
Reborn for this holiday season, the album is also available as a new white & gold LP: https://AndreaBocelli.lnk.to/MyChristmasFiresideID
 
Join Andrea’s mailing list to receive regular updates: https://AndreaBocelli.lnk.to/Newslett...
Subscribe to Andrea's YouTube Channel: https://www.youtube.com/c/AndreaBocel...
Listen to Andrea’s Essentials playlist: https://andreabocelli.lnk.to/Essentia...
 
Follow Andrea Bocelli:
Facebook - https://www.facebook.com/AndreaBocelli
Instagram - https://www.instagram.com/AndreaBocelli
Twitter - https://twitter.com/AndreaBocelli
YouTube - https://www.youtube.com/AndreaBocelli
TikTok: https://www.tiktok.com/@andreabocelliof
 
#AndreaBocelli #Bocelli #AndreaBocelliMyChristmas #SilentNight
Music video by Andrea Bocelli performing Silent Night (Piano Version / Lyric Video). A Decca Records Release; © 2020 Sugar Srl, under exclusive license to Universal Music Operations Limited

http://vevo.ly/DNNbgO",2020-12-04 12:00:13+00:00,146,348026,11962,395,False,PT2M45S,165,hd,false,True,Andrea|Bocelli|Silent|Night|(Piano|Version|Lyric|Video)|Decca|(UMO)|(Classics)|Classical|Crossover,10,en,none,2020,2104,False,False,2.75,0.034370995270468295,0.0011349726744553567,165.4115969581749
v_wxRY3v2Ik,Andrea Bocelli - Believe: You'll Never Walk Alone (Official Track by Track),"Sit back and enjoy the first of our #Believe song explorations, featuring interviews and behind the scenes footage from the recording process, and starting with the timeless classic, You'll Never Walk Alone. Listen to Believe: https://AndreaBocelli.lnk.to/BelieveID

Subscribe to Andrea's YouTube:
https://www.youtube.com/c/AndreaBocelli?sub_confirmation=1
Listen to the Essentials playlist: https://andreabocelli.lnk.to/EssentialsID

Follow Andrea:
Facebook: https://www.facebook.com/AndreaBocelli
Instagram: https://www.instagram.com/AndreaBocelli
Twitter: https://twitter.com/AndreaBocelli
YouTube: https://www.youtube.com/AndreaBocelli
TikTok: https://www.tiktok.com/@andreabocelliof

#AndreaBocelli #Bocelli
 
Andrea Bocelli - Believe
Produced by  Steven Mercurio & Haydn Bendall
Czech National Symphony Orchestra 
Conductor and Music Director: Steven Mercurio
Artistic Director: Jan Hasenöhrl Orchestra Manager: Dušan Mihely
Czech National Symphony Orchestra Chorus
Kühn Children’s Chorus
Children’s choirmaster: Petr Loužensky
Recorded by Haydn Bendall at the ČNSO Studio Gallery (Prague)
Sound Engineer at the ČNSO Studio Gallery (Prague): Pierpaolo Guerrini
Pro Tools Engineer at the ČNSO Studio Gallery (Prague): Stefano Civetta
ČNSO Studio Gallery (Prague) engineers: Stanislav Baroch, Jan Kotzmann, Martin Maslowski, Cenda Kotzmann
Vocal recording and production: Pierpaolo Guerrini at PPG Studios (Pisa) Assistant: Giacomo Lorè
Cecilia Bartoli appears courtesy of Decca Classics.
Vocals recorded and engineered by Pierpaolo Guerrini at Bravo Montecarlo studio (MC)
Alison Krauss vocals recorded and engineered by Neil Cappellino
VOCES8 Foundation Choir vocals recorded at The VOCES8 Centre (London)
Directed and Produced by Barnaby Smith Members of VOCES8 appear courtesy of Decca Classics
Vocal assistant for Andrea Bocelli: Carlo Bernini
Musical Copy Services: David Murray, Subito Music
Musical Pre-Production Assistant: Ryland Angel
Spanish Vocal coach: Julia Lopez 
Additional programming Geoff Lawson
Mixed by Haydn Bendall at The Bunker (UK) Final Mix by Haydn Bendall at Pierpaolo Guerrini Studios (Pisa)
Mastering: Luca Matteucci and Pierpaolo Guerrini at PPG Studios - S.Pietro Belvedere (Pisa)
 
Andrea Bocelli MGMT team: Almud & Maverick - Quest Artists Management
 
A production by Sugar Srl distributed by Decca Records",2020-12-03 17:00:48+00:00,147,114099,3608,208,False,PT1M39S,99,hd,false,False,andrea|bocelli|andrea bocelli|stay home|believe|new album|andrea bocelli 2020|amazing grace|ave maria|agnus dei|padre nostro|nuovo album|Cecilia Bartoli|making of|behind the scene|Hallelujah|Leonard Cohen|cover|track by track|You'll Never Walk Alone,10,en,none,2020,2105,False,False,1.65,0.03162166189011297,0.001822978290782566,54.20380047505938
Y7x78uxOZgs,Andrea Bocelli - Hallelujah (Behind The Scenes),"We are delighted to invite you to take a look behind the scenes of Hallelujah, from Andrea Bocelli’s album, Believe. Believe is a collection of uplifting songs that have inspired and sustained Andrea over the years.

Watch the full video: https://youtu.be/VFXdEQ4Yx2M

Produced by  Steven Mercurio & Haydn Bendall
Czech National Symphony Orchestra 
Conductor and Music Director: Steven Mercurio
Artistic Director: Jan Hasenöhrl Orchestra Manager: Dušan Mihely
Czech National Symphony Orchestra Chorus
Kühn Children’s Chorus
Children’s choirmaster: Petr Loužensky
Recorded by Haydn Bendall at the ČNSO Studio Gallery (Prague)
Sound Engineer at the ČNSO Studio Gallery (Prague): Pierpaolo Guerrini
Pro Tools Engineer at the ČNSO Studio Gallery (Prague): Stefano Civetta
ČNSO Studio Gallery (Prague) engineers: Stanislav Baroch, Jan Kotzmann, Martin Maslowski, Cenda Kotzmann
Vocal recording and production: Pierpaolo Guerrini at PPG Studios (Pisa) Assistant: Giacomo Lorè
Cecilia Bartoli appears courtesy of Decca Classics.
Vocals recorded and engineered by Pierpaolo Guerrini at Bravo Montecarlo studio (MC)
Alison Krauss vocals recorded and engineered by Neil Cappellino
VOCES8 Foundation Choir vocals recorded at The VOCES8 Centre (London)
Directed and Produced by Barnaby Smith Members of VOCES8 appear courtesy of Decca Classics
Vocal assistant for Andrea Bocelli: Carlo Bernini
Musical Copy Services: David Murray, Subito Music
Musical Pre-Production Assistant: Ryland Angel
Spanish Vocal coach: Julia Lopez 
Additional programming Geoff Lawson
Mixed by Haydn Bendall at The Bunker (UK) Final Mix by Haydn Bendall at Pierpaolo Guerrini Studios (Pisa)
Mastering: Luca Matteucci and Pierpaolo Guerrini at PPG Studios - S.Pietro Belvedere (Pisa)
 
Andrea Bocelli MGMT team: Almud & Maverick - Quest Artists Management
 
A production by Sugar Srl distributed by Decca Records
 
Subscribe to Andrea's YouTube:
https://www.youtube.com/c/AndreaBocelli?sub_confirmation=1
Listen to the Essentials playlist: https://andreabocelli.lnk.to/EssentialsID

Follow Andrea:
Facebook: https://www.facebook.com/AndreaBocelli
Instagram: https://www.instagram.com/AndreaBocelli
Twitter: https://twitter.com/AndreaBocelli
YouTube: https://www.youtube.com/AndreaBocelli
TikTok: https://www.tiktok.com/@andreabocelliof

#AndreaBocelli #Bocelli #Believe",2020-11-27 10:00:18+00:00,148,445375,16524,792,False,PT4M35S,275,hd,false,False,andrea|bocelli|andrea bocelli|stay home|believe|new album|andrea bocelli 2020|amazing grace|ave maria|agnus dei|padre nostro|nuovo album|Cecilia Bartoli|making of|behind the scene|Hallelujah|Leonard Cohen|cover,10,en,none,2020,2111,False,False,4.583333333333333,0.037101319113106934,0.0017782767330900926,210.978209379441
VFXdEQ4Yx2M,Andrea Bocelli - Hallelujah,"We are proud to present the fourth single ‘Hallelujah', which represents the messages of unity and hope that run through the core of Andrea Bocelli’s brand new album, Believe, available to order now: https://AndreaBocelli.lnk.to/BelieveID  

#Believe is a collection of uplifting songs that have inspired and sustained Andrea over the years.

Follow Andrea Bocelli on:
Facebook - https://www.facebook.com/AndreaBocelli
Instagram - https://www.instagram.com/AndreaBocelli
Twitter - https://twitter.com/AndreaBocelli/
YouTube - https://www.youtube.com/AndreaBocelli

HALLELUJAH
Lyrics and Music by Leonard Cohen
Publishing: Sony / ATV Music Publishing (UK) Ltd / Sony / ATV Songs LLC / Bad Monk Publishing Used by permission. All rights reserved.
Arranged and orchestrated by John Metcalfe Child vocal soloist: Markéta Kühnova

VIDEO CREDIT

Creative idea by Veronica Berti Bocelli and Luca Scota
Produced by Strani Rumori Studio Multimedia
Executive Producer: Ivano Berti
Directors: Riccardo Guernieri e Luca Scota
Dancers: Retropalco
Choreographer: Barbara Cardinetti
Project Mgmt for Almud: Sara Formicola
International Project Mgmt for Maverick: Francesco Pasquero
DOP: Fabrizio La Palombara
Edited by Riccardo Guernieri
Color Grading: Walter Cavatoi
Cameras: Cristian Alberini,  Nicolò Baronci
Marco Materazzi , Marco Tomaselli
Steadycam Operator: Marco Dardari
Focus puller: Simone Lunghi
Drone operator: Aeroriprese di Emanuele Brambilla
Camera Drone’s Operator: Davide Trotta
Video Backstage : Diletta Fernandez
Light Equipment by Movieland
Gaffer: Delcarmine Ivo
Electrician: Agostini Massimiliano
Electrician: Nebbiai Duccio
Church decorations: Davide Orsini with Magico & Mirò Allestimenti di Francesca Ferrari ceparana sp
Still Photographers: Luca Rossetti, Lorenzo Montanelli
 
The video has been shoot in Portovenere, Liguria. 
Special thanks to Regione Liguria and Comune di Portovenere.
Special thanks to Parrocchia di Portovenere.

Andrea Bocelli wears Stefano Ricci

Andrea Bocelli MGMT team: Almud & Maverick - Quest Artists Management

A production by Almud & Maverick Quest Artist Management for Sugar Srl distributed by Decca Records.
 
#AndreaBocelli #Halleluja #Portovenere #LaMiaLiguria #EventiPortovenere #OrgoglioLiguria",2020-11-21 05:00:03+00:00,149,6234280,114587,3645,False,PT4M53S,293,hd,true,True,Andrea|Bocelli|Hallelujah|Decca|(UMO)|(Classics)|Classical|Crossover,10,it,none,2020,2118,False,False,4.883333333333334,0.018380149752657886,0.0005846705634010664,2943.4749763928235
Mzs8XZ87EHI,"Andrea Bocelli, Alison Krauss - Amazing Grace (Good Morning America Performance)","Music video by Andrea Bocelli, Alison Krauss performing Amazing Grace (Good Morning America Performance).© 2020 Sugar s.r.l., under exclusive license to Universal Music Operations Ltd.",2020-11-18 16:33:30+00:00,150,250626,7860,406,False,PT3M2S,182,hd,false,True,Andrea|Bocelli|Alison|Krauss|Amazing|Grace|(Good|Morning|America|Performance)|Decca|(UMO)|(Classics)|Classical|Crossover|(Live|from|Good|America)|goodmorningamera,10,en,none,2020,2120,False,False,3.033333333333333,0.03136147087692418,0.001619943661072674,118.21981132075472
60euxXvw5aA,"Andrea Bocelli, Alison Krauss - Amazing Grace","Andrea Bocelli, Alison Krauss - Amazing Grace

Andrea Bocelli ‘Duets’ 30th Anniversary, 30 years of bringing people together.
The definitive collection of ‘Duets’ is released Friday 25th October.
Pre-Order 'Duets' here: https://AndreaBocelli.lnk.to/DuetsID

Subscribe to Andrea Bocelli’s YouTube channel & ring the bell to never miss a new video: https://AndreaBocelli.lnk.to/YTSignUpID

Sign up for Andrea Bocelli’s Email List: https://AndreaBocelli.lnk.to/MailingListSignUpID

Follow Andrea Bocelli: 
Instagram: https://www.instagram.com/andreabocelliofficial
Facebook: https://www.facebook.com/andreabocelli/YouTube
YouTube: https://www.youtube.com/channel/UCb4JB8-ZAeceuR7EPCPOPzg
TikTok:  https://www.tiktok.com/@andreabocelliof?lang=en
X: https://x.com/AndreaBocelliWebsite
Website: https://www.andreabocelli.com/
#AndreaBocelli #Bocelli

We are proud to present ‘Amazing Grace’ feat. Alison Krauss, the third single from Andrea Bocelli’s brand new album, Believe. An enduring message of unity and hope sung by the most beloved Tenor Andrea Bocelli duetting with legendary country singer Alison Krauss. These themes run through the core of Andrea Bocelli’s brand new album, Believe, out now and available to order here: https://AndreaBocelli.lnk.to/BelieveID
#Believe is a collection of uplifting songs that have inspired and sustained Andrea over the years. 

AMAZING GRACE duet with Alison Krauss
Lyrics by John Newton
Music by John Newton - William Walker - Arranged by Steven Mercurio
Publishing: Sugarmusic S.p.a. / Almud Edizioni Musicali S.r.l. / Subito Music
Orchestrated by Steven Mercurio

LYRICS

Andrea
Amazing Grace, how sweet the sound 
That saved a wretch like me.
I once was lost but now am found, 
Was blind but now I see.
 
Alison
T’was Grace that taught  my heart to fear,
And Grace my fears relieved.
How precious did that Grace appear,
The hour I first believed.
 
Andrea
Yea when this flesh and heart shall fail
And mortal life shall cease.
Andrea and Alison
I shall possess within the veil, 
A life of joy and peace.
 
Andrea & Alison
Amazing grace, how sweet the sound 
That saved a wretch like me.
I once was lost but now am found
Was blind but now I see,
Was blind but now I see…
 
AUDIO CREDIT
Produced by Steven Mercurio and Haydn Bendall
Orchestra: Czech National Symphony Orchestra
Conductor and Music Director: Steven Mercurio
Artistic Director: Jan Hasenöhrl 
Orchestra Manager: Dušan Mihely
 
Czech National Symphony Orchestra Chorus
Kühn Children’s Chorus
Children’s choirmaster: Petr Loužensky
 
Recorded by Haydn Bendall at the ČNSO Studio Gallery (Prague)
Sound Engineer at the ČNSO Studio Gallery (Prague): Pierpaolo Guerrini
Pro Tools Engineer at the ČNSO Studio Gallery (Prague): Stefano Civetta
ČNSO Studio Gallery (Prague) engineers: Stanislav Baroch, Jan Kotzmann, Martin Maslowski, Cenda Kotzmann
 
Vocal recording and production: Pierpaolo Guerrini at PPG Studios (Pisa)
Assistant: Giacomo Lorè
Vocals recorded and engineered by Haydn Bendall
 
Alison Krauss vocals recorded and engineered by Neil Cappellino
 
VIDEO 
 
Produced by Strani Rumori Studio Multimedia
Executive Producer: Ivano Berti
Director: Luca Scota
DOP: Cristian Alberini
Edited by Diletta Fernandez
Color Grading: Luca Scota for Strani Rumori Studio Multimedia
Cameras: Cristian Alberini, Riccardo Marianeschi, Lorenzo De Giorgi, Riccardo Guernieri
Drone operator for Strani Rumori Studio Srl: Nicolò Baronci
Audio Post Production: Vanni Tagliavento
International Mgmt for Maverick / Quest Artists management: Francesco Pasquero
 
A production by Strani Rumori for Sugar S.r.l. / Decca Records UK

Music video by Andrea Bocelli, Alison Krauss performing Amazing Grace (arr. Mercurio) (Believe Studio Session). © 2020 Sugar Srl, under exclusive license to Universal Music Operations Ltd.

http://vevo.ly/m2W9Ye",2020-11-13 14:00:02+00:00,151,2685428,41937,1529,False,PT3M58S,238,hd,true,True,Andrea|Bocelli|Alison|Krauss|Amazing|Grace|(arr.|Mercurio)|(Believe|Studio|Session)|Decca|(UMO)|(Classics)|Classical|Crossover|andrea bocelli|alison krauss|amazing grace|studio session|classical crossover|duets|opera|classical pop,10,en,none,2020,2125,False,False,3.966666666666667,0.015616505078520072,0.000569369202972487,1263.7308235294117
qkxOQaH3OJo,Andrea Bocelli & Cecilia Bartoli – Pianissimo (Behind The Scenes),"We are delighted to invite you to take a look behind the scenes of Pianissimo, the second single from Andrea Bocelli's album, Believe; a collection of uplifting songs that have inspired and sustained Andrea over the years: https://AndreaBocelli.lnk.to/BelieveID

Watch Pianissimo: https://youtu.be/e_rvQkM0_lU

Subscribe to Andrea's YouTube:
https://www.youtube.com/c/AndreaBocelli?sub_confirmation=1
Listen to the Essentials playlist: https://andreabocelli.lnk.to/EssentialsID

Follow Andrea:
Facebook: https://www.facebook.com/AndreaBocelli
Instagram: https://www.instagram.com/AndreaBocelli
Twitter: https://twitter.com/AndreaBocelli
YouTube: https://www.youtube.com/AndreaBocelli
TikTok: https://www.tiktok.com/@andreabocelliof

#AndreaBocelli #Bocelli #Believe

Pianissimo
Andrea Bocelli duet with Cecilia Bartoli
Lyrics and music by Mauro Malavasi
Publishing: Sugarmusic S.p.a. / Almud Edizioni Musicali S.r.l. 
Cecilia Bartoli appears courtesy of Decca Records U.K.

VIDEO CREDITS
Produced by Strani Rumori Studio Multimedia
Executive Producer: Ivano Berti
Directed by Riccardo Guernieri and Luca Scota
Creative Director: Alberto Bartalini
Creative Director assistant: Ilaria Bartalini
Project management for Almud: Sara Formicola and Valentina Pianezzi
International Project Mgmt for Maverick Quest Artists management: Francesco Pasquero
DOP: Fabrizio La Palombara
Edited by Riccardo Guernieri
Color Grading: Walter Cavatoi
Cameras: Cristian Alberini, Diletta Fernandez, Nicolò Baronci
Steadycam: Operator Marco Dardari
Focus puller: Simone Lunghi
Drone operator: Aeroriprese di Emanuele Brambilla
Camera Drone’s Operator: Paolo Cafferati
Video Backstage: Diletta Fernandez
Audio PD: Nicolò Baronci
Light Equipment by Movieland
Gaffer Delcarmine Ivo
Electrician: Agostini Massimiliano and Nebbiai Duccio
Colorist: Danilo Monte
 
The video has been recorded at Tenuta Corbinaia. Special thanks to Monica and Brunello Rindi
Steinway piano provided by Piano et Forte 
 
Andrea Bocelli wears Stefano Ricci
Cecilia Bartoli wears Eleonora Lastrucci 
 
Andrea Bocelli MGMT team: Almud & Maverick - Quest Artists Management
 
A production by Almud & Maverick Quest Artist Management for Sugar S.r.l. distributed by Decca Records",2020-11-11 12:00:11+00:00,152,400234,10782,570,False,PT4M27S,267,hd,false,False,andrea|bocelli|andrea bocelli|stay home|believe|new album|andrea bocelli 2020|amazing grace|ave maria|agnus dei|padre nostro|nuovo album|Cecilia Bartoli|making of|behind the scene,10,en,none,2020,2127,False,False,4.45,0.026939240544281595,0.0014241668623855045,188.1683121767748
a3jfIcCCaq0,Andrea Bocelli - Believe (Making Of),"Through the words of the team guided by Creative Director Stefano Scozzese, we look at some emotional moments in the ""making of"" the new album artwork.
Believe is out now: https://andreabocelli.lnk.to/Believe
Subscribe to Andrea's YouTube:
https://www.youtube.com/c/AndreaBocelli?sub_confirmation=1
Listen to the Essentials playlist: https://andreabocelli.lnk.to/EssentialsID

Follow Andrea:
Facebook: https://www.facebook.com/AndreaBocelli
Instagram: https://www.instagram.com/AndreaBocelli
Twitter: https://twitter.com/AndreaBocelli
YouTube: https://www.youtube.com/AndreaBocelli
TikTok: https://www.tiktok.com/@andreabocelliof

#AndreaBocelli #Bocelli",2020-11-10 14:48:19+00:00,153,221434,7367,386,False,PT3M38S,218,hd,false,False,andrea|bocelli|andrea bocelli|stay home|believe|new album|andrea bocelli 2020|amazing grace|ave maria|agnus dei|padre nostro|nuovo album|making of|behind the scene,10,en,none,2020,2128,False,False,3.6333333333333333,0.03326950694112015,0.0017431830703505333,104.05733082706767
e_rvQkM0_lU,"Andrea Bocelli, Cecilia Bartoli - Pianissimo (Official Music Video)","Andrea Bocelli, Cecilia Bartoli - Pianissimo (Official Music Video)

Andrea Bocelli ‘Duets’ 30th Anniversary, 30 years of bringing people together.
The definitive collection of ‘Duets’ is released Friday 25th October.
Pre-Order 'Duets' here: https://AndreaBocelli.lnk.to/DuetsID

Andrea Bocelli & Cecilia Bartoli - Pianissimo (Official Music Video)
Stream Andrea Bocelli: https://AndreaBocelli.lnk.to/streamID
Subscribe to Andrea Bocelli’s YouTube channel & ring the bell to never miss a new video: https://AndreaBocelli.lnk.to/YTSignUpID

Sign up for Andrea Bocelli’s Email List: https://AndreaBocelli.lnk.to/MailingListSignUpID

Follow Andrea Bocelli: 
Instagram: https://www.instagram.com/andreabocelliofficial
Facebook: https://www.facebook.com/andreabocelli/YouTube
YouTube: https://www.youtube.com/channel/UCb4JB8-ZAeceuR7EPCPOPzg
TikTok:  https://www.tiktok.com/@andreabocelliof?lang=en
X: https://x.com/AndreaBocelliWebsite
Website: https://www.andreabocelli.com/

#AndreaBocelli #CeciliaBartoli #Pianissimo
 
Lyrics and music by Mauro Malavasi
Publishing: Sugarmusic S.p.a. / Almud Edizioni Musicali S.r.l. 
Cecilia Bartoli appears courtesy of Decca Records U.K.",2020-10-29 12:00:17+00:00,154,10472300,80779,3255,False,PT4M30S,270,hd,true,True,Andrea|Bocelli|Cecilia|Bartoli|Pianissimo|Decca|(UMO)|(Classics)|Classical|Crossover|The Piano|#ThePiano|Easy piano song|easy piano music|piano music|The Piano channel|keyboard music|easy keyboard music|andrea bocelli|cecilia bartoli|classical pop|opera|official music video|duets,10,en,none,2020,2140,False,False,4.5,0.007713587273091871,0.000310819972689858,4893.598130841122
BLZtT1ogViA,Andrea Bocelli - You'll Never Walk Alone (Believe Studio Session),"Andrea Bocelli - You'll Never Walk Alone (Believe Studio Session)

Subscribe to Andrea Bocelli’s YouTube channel & ring the bell to never miss a new video: https://AndreaBocelli.lnk.to/YTSignUpID

Sign up for Andrea Bocelli’s Email List: https://AndreaBocelli.lnk.to/MailingListSignUpID

Follow Andrea Bocelli: 
Instagram: https://www.instagram.com/andreabocelliofficial
Facebook: https://www.facebook.com/andreabocelli/YouTube
YouTube: https://www.youtube.com/channel/UCb4JB8-ZAeceuR7EPCPOPzg
TikTok:  https://www.tiktok.com/@andreabocelliof?lang=en
X: https://x.com/AndreaBocelliWebsite
Website: https://www.andreabocelli.com/
#AndreaBocelli #Bocelli #You'llNeverWalkAlone #BelieveStudioSession

We are so proud to present this brand new recording of ‘You’ll Never Walk Alone’: an enduring message of unity and companionship. These themes run through the core of Andrea Bocelli’s brand new album, Believe, out 13th November 2020 and available to order now: https://AndreaBocelli.lnk.to/BelieveID

#Believe is a collection of uplifting songs that have inspired and sustained Andrea over the years, including a never before heard track from Maestro Ennio Morricone.

Follow Andrea Bocelli on:
Facebook - https://www.facebook.com/AndreaBocelli
Instagram - https://www.instagram.com/AndreaBocelli
Twitter - https://twitter.com/AndreaBocelli/
YouTube - https://www.youtube.com/AndreaBocelli

YOU WILL NEVER WALK ALONE
This hugely successful song is imbued with an innate charisma that elevates it to a composition that unites and warms the hearts of huge crowds. A kind of declaration of love and collective solidarity, this track reassures us that a “golden sky” awaits us after the storm. It was penned by the New York playwright Oscar Hammerstein (1895 – 1960) and the composer Richard Rodgers (1902 – 1979) for the musical “Carousel” which made its debut on Broadway in 1945. Due to the story of the musical that is inextricably linked to the song, in the United States it soon became a standard song sung at graduations. In the years that followed, it also arrived in the United Kingdom, with the Liverpudlian group “Gerry and The Pacemakers” recording a cover of the song in 1963. However, many other famous voices have also tackled this enthralling melody, which would also go on to become one of the most beloved songs in the history of soccer. 

AUDIO
Lyrics by Oscar Hammerstein II
Music by Richard Rodgers
Publishing: Williamson Music, A division of Rodgers & Hammerstein: A Concord Company Copyright Renewed.
Arranged and orchestrated by Steven Mercurio

VIDEO
Produced by Strani Rumori Studio Multimedia
Executive Producer: Ivano Berti
Director: Luca Scota
DOP: Cristian Alberini
Edited by Diletta Fernandez
Color Grading: Luca Scota for Strani Rumori Studio Multimedia
Cameras: Cristian Alberini, Riccardo Marianeschi, Lorenzo De Giorgi, Riccardo Guernieri
Drone operator for Strani Rumori Studio Srl: Nicolò Baronci
Audio Post Production: Vanni Tagliavento
International Mgmt for Maverick / Quest Artists management: Francesco Pasquero",2020-10-09 07:00:04+00:00,155,2618633,36935,1772,False,PT3M25S,205,hd,false,True,Andrea|Bocelli|You'll|Never|Walk|Alone|(Believe|Studio|Session)|Decca|(UMO)|(Classics)|Classical|Crossover|Andrea Bocelli|You'll Never Walk Alone|(Believe Studio Session)|Studio Session),10,en,none,2020,2161,False,False,3.4166666666666665,0.014104687445701631,0.0006766889441934017,1211.7690883850069
dgZeqgQCCCc,Andrea Bocelli - Believe (Official Album Trailer),"We are delighted to announce Believe; a deeply personal new record celebrating the power of music to soothe the soul. A collection of uplifting songs that have inspired and sustained Andrea over the years, including a never before heard track from maestro Ennio Morricone.

Available now: https://andreabocelli.lnk.to/Believe
https://www.youtube.com/c/AndreaBocelli?sub_confirmation=1
Listen to the Essentials playlist: https://andreabocelli.lnk.to/EssentialsID

Follow Andrea:
Facebook: https://www.facebook.com/AndreaBocelli
Instagram: https://www.instagram.com/AndreaBocelli
Twitter: https://twitter.com/AndreaBocelli
YouTube: https://www.youtube.com/AndreaBocelli
TikTok: https://www.tiktok.com/@andreabocelliof

#AndreaBocelli #Bocelli #Believe",2020-09-30 12:00:09+00:00,156,707538,14622,638,False,PT50S,50,hd,false,False,andrea|bocelli|andrea bocelli|stay home|believe|new album|andrea bocelli 2020|amazing grace|ave maria|agnus dei|padre nostro|nuovo album,10,en,none,2020,2169,False,True,0.8333333333333334,0.0206660278317207,0.0009017183529365207,326.2047026279391
uvhWrGFnXEs,Andrea Bocelli - Gratia Plena (Soundtrack from FATIMA – The Movie),"‘Gratia Plena’, the new hit single from Andrea Bocelli, written by Paolo Buonvino, from the feature film ‘Fatima’. 

Subscribe to Andrea Bocelli’s YouTube channel & ring the bell to never miss a new video: https://AndreaBocelli.lnk.to/YTSignUpID

Sign up for Andrea Bocelli’s Email List: https://AndreaBocelli.lnk.to/MailingListSignUpID

Follow Andrea Bocelli: 
Instagram: https://www.instagram.com/andreabocelliofficial
Facebook: https://www.facebook.com/andreabocelli/YouTube
YouTube: https://www.youtube.com/channel/UCb4JB8-ZAeceuR7EPCPOPzg
TikTok:  https://www.tiktok.com/@andreabocelliof?lang=en
X: https://x.com/AndreaBocelliWebsite
Website: https://www.andreabocelli.com/
#AndreaBocelli #Bocelli 

A powerful and uplifting drama about the power of faith, this movie tells the story of a 10-year-old shepherdess and her two young cousins in Fátima, Portugal, who report seeing visions of the Virgin Mary. Their revelations inspire believers but anger officials of both the Church and secular government, who try to force them to recant their story. As word of their prophecy spreads, tens of thousands of religious pilgrims flock to the site in hopes of witnessing a miracle. What they experience will change their lives forever.
___
 
FATIMA – The Movie
Official website https://www.fatimathemovie.com/ 
Watch the Fatima trailer here https://www.youtube.com/watch?v=8Fp-1yEaf5w 
Listen to the full soundtrack here: https://fatima.lnk.to/OSTSo 
 
___
 
GRATIA PLENA LYRICS

CHILDREN CHOIR
Ave mater
Gegrüsset seist du, Maria
Ndakuramutsa Mariya
Plena de Gràcia
…uhorana n’Imana,
Weesgegroet, Maria,
ΧαίρεΜαρία, Rérre Maria
…Shu wa anata to
Je vous salue, Marie,
A salamu alaiki ia
Gratia plena dominus tecum
Zdrowaś Maryjo,
plena de Gràcia
uhorana n’Imana,
ΧαίρεΜαρία, Rérre Maria,
Shu wa anata to
Je vous salue, Marie,
A salamu alaiki ia - Mariam
Gratia plena dominus tecum
Zdrowaś Maryjo,
Mari mari, María Mapudungún
Tupâ nemo maitei María
 
ANDREA BOCELLI
Hail Mary, full of Grace,
The Lord is with Thee.
Je vous salue, Marie,
le Seigneur est avec vous.
Shalom lach Miriam
Bruchat ha chesed
Gratia plena Dominus tecum
Ave Maria
Gratia plena Dominus tecum
Hail Mary, full of Grace,
The Lord is with Thee.
 
___
 
VIDEO CREDIT
Video Director: Marco Pontecorvo  
Video Producer: James T. Volk , Stefano Buono, Maribel Lopera Sierra, Marco Pontecorvo 
Production Company: Fatima Lcc, Sugar
Service: Panorama Films
For Almud: Veronica Berti Bocelli
Production Manager for Maverick / Quests Mgmt: Francesco Pasquero
Andrea Bocelli’s stylist: Ilaria Bartalini
Andrea Bocelli’s wardbrode by Stefano Ricci
Andrea Bocelli shot at Teatro Romano in Volterra, Tuscany, Italy
 
___
 
AUDIO CREDIT
 
Gratia Plena
(GoodLab Music S.r.l. / Fatima Music / Sugar Music S.p.A / Almud Ed. Mus. S.r.l.) 
Vocals: Andrea Bocelli
Produced by Paolo Buonvino
Recorded by Davide Palmiotto
Mix Engineer: Vincenzo Cavalli
Mastering Engineer: Maurizio Biancani
Assistant Recording Engineer: Davide Dell'Amore
Mix Engineer: Davide Palmiotto
Conductor: Paolo Buonvino
Orchestra Italiana Del Cinema
Concertmaster: Prisca Amori
Solo Violin: Vincenzo Bolognese, Prisca Amori
Solo Cello: Angelo Maria Santisi, Luca Pincini
Clarinet: Gennarino Amato
Bass Clarinet: Alice Iannarilli
Flute: Luca Lombardi
Piano: Paolo Buonvino
Violin: Daniel Myskiv
Viola: Francesco Negroni
Double Bass: Massimo Ceccarelli
Recorded by Fabio Venturi
Cello: Kung Me Lee, Francesco Marquez, Matteo Scarpelli, Claudio Aiello
Soprano: Rossella Ruini
Cello: Marco Simonacci
Boy Soprano: Voxart Choir
Cello: You Rina
Voxart Choir
Music Programming: Paolo Buonvino
Chorus Master: Fabrizio Palma
Musical Assistant: Silvia Barbera

A production by Sugar S.r.l. licensed internationally to Decca Records UK",2020-08-28 14:00:30+00:00,157,4331990,72407,2718,False,PT2M50S,170,hd,true,True,Paolo|Buonvino|Andrea|Bocelli|Gratia|Plena|(From|''Fatima''|Soundtrack)|Decca|(UMO)|(Classics)|Soundtrack,10,en,none,2020,2202,False,False,2.8333333333333335,0.01671448918395472,0.0006274252710647993,1967.297910990009
qQwRBqdznEo,Andrea Bocelli & Na Ying - Remembering - 苏州河（无字幕）,"Andrea Bocelli & Na Ying - Remembering - 苏州河（无字幕）from The Eight Hundred OST
The Eight Hundred from Director Guan Hu. The highly-anticipated closing track 'Remembering', adapted from the well-known Irish folk tune 'Londonderry Air', is released worldwide on August 11, 2020 featuring global superstar tenor Andrea Bocelli and Chinese pop diva Na Ying who perform together for the very first time. The single was produced by Bocelli's long-time collaborator Bob Ezrin, together with film music producer Yu Fei, intertwining vocals and orchestra to create a poignant and moving piece of music.

VIDEO
Video Director: Jinghao Jin
Video Producer: Wen bo Xu
Production Company: HALL OF FAME
 
AUDIO
Vocalist: Andrea Bocelli／Na Ying
Lyrics by Cheng Zhang, Isabel Yue Yin, Bob Ezrin, Shridhar Solank
Music by Bob Ezrin, John Metcalfe, Andrew Kawczynski
Music produced by Bob Ezrin／Fei Yu
Mixed by Toby Alington @ Abbey Road Studios
Mastering Engineer: Marc Theriault @ Le Lab Mastering, Montreal
Orchestra: Czech National Symphony Orchestra
Orchestra arranged and produced by John Metcalfe
Orchestra recorded by Lewis Jones at ČNSO Studio
Andrea Bocelli vocals engineered by Pierpaolo Guerini for PPG Studio in S.Pietro Belvedere, Pisa, Italy @Stella Del Norte Studio
Na Ying vocal recorded by Han Wen Ni @ 55 TEC ／Studio 21
Additional engineering: Julian Shank at Anarchy Studios
Synthesizer: Andrew Kawczynski 
Additional programming: John Metcalfe and Bob Ezrin
A&R consultant: Ross Cullum
Text editing: Kezia Yao

Published by Sugarmusic S.P.A ／Almud Edizioni Musicali s.r.l., ／Dream Studio Music Production US, Inc ／Touch Music Publishing Co.Ltd , Beijing

Subscribe to Andrea's YouTube:
https://www.youtube.com/c/AndreaBocelli?sub_confirmation=1
Listen to the Essentials playlist: https://andreabocelli.lnk.to/EssentialsID

Follow Andrea:
Facebook: https://www.facebook.com/AndreaBocelli
Instagram: https://www.instagram.com/AndreaBocelli
Twitter: https://twitter.com/AndreaBocelli
YouTube: https://www.youtube.com/AndreaBocelli
TikTok: https://www.tiktok.com/@andreabocelliof

#AndreaBocelli #Bocelli",2020-08-20 14:00:14+00:00,158,1570519,31401,1838,False,PT5M35S,335,hd,false,False,andrea|bocelli|andrea bocelli|苏州河|Na Ying|Remembering|The Eight Hundred|OST|original sound track|China|movie,10,en,none,2020,2210,False,False,5.583333333333333,0.019994027452071576,0.0011703137625205427,710.6420814479638
8MW5PyWDGFQ,"Andrea Bocelli - Live at Teatro del Silenzio 2020 (Waiting For ""Il Mistero Della Bellezza 2021"")","Andrea Bocelli - Live at Teatro del Silenzio 2020 (Waiting For ""Il Mistero Della Bellezza 2021"")

""The Teatro del Silenzio lives on. It lives in the imagination and in the hopes of tens of thousands of spectators, who anxiously await 2021. Ideally, its wonderful audience is already here, embodied by multicolored flags from around the world as a reminder of the festive atmosphere and the cultural elevation of the kermesse, which has been going on for fifteen years now. People is an evocative installation, fruit of the creative vitality of Alberto Bartalini, a strong message of confidence and positivity in the certainty of carrying on in the very near future."" - Andrea Bocelli

Tracklist:
01. Ave Maria (Franz Schubert)
02. La Bohème, O Soave Fanciulla (Giacomo Puccini)
03. Non Ti Scordar Di Me (Ernesto De Curtis)
04. Parlami D’amore Mariù (Cesare Andrea Bixio)
05. Inno D’Italia (Inno di Mameli) (Goffredo Mameli)

Artists:
Andrea Bocelli: Tenor
Alessandra Marianelli: Soprano
Carlo Bernini: Piano
Brittany O' Connor: Dancer

Produced by City Sound&Events and Almud
Executive Producers: Vittorio Quattrone and Veronica Berti
Assisted by Francesco Pasquero for Maverick and Sara Formicola for Almud
Associate Producer: Marco Marchesi Morselli

Main sponsor: illycaffè

Thanks to: Sugar Music

Alberto Bartalini: Artistic Director
Ilaria Bartalini: Assistant Director
Alessandra Panzavolta: Choreographer

Luca Scota: Video Director
Riccardo Guernieri: Associate Video Director
Camera Operators: Franco Palumbo, Giovanni Troiano, Giuseppe Costante, Camera Operators
Tiziano Rossi: Camera Tech Support
Nicolò Baronci: Assistant Camera Operators
Emanuele Brambilla: Drone Operator
Emanuele Cafferati: Assistant Drone Operator
Luca Scota: Video Editor
Diletta Fernandez: Assistant Video Editor
Pierpaolo Guerrini: Sound Audio Producer
Sound Assistants: Luciano Spera, Giacomo Lorè
Jonathan Baragatti: Production Manager
Marco Molesti: Construction Engineer
Lucaino Maloggi: Electrician

Sofia Stiglio: Assistant to the Executive Producer
Mara Gerace: Ticketing & Promotion City Sounds
Ilaria Cremoni: Logistic Coordinator
Massimiliano Spedo: Administration

Luca Oldani: Media Management at Scozzese Agency

Stage Assistants: Sabrina Fulceri, Martina Mariottini, Delia Granfatti, Elda Battaglia, Francesco Mazzei

Antonella Melani: Hair Stylist & Make up
Stefano Marinari: Photographer

""Gabriel"" Opera by Daniele Basso
Curated by Matteo Graniti
Sponsored by Laseryacht

""People""  Land Art Installation
Ppera by Alberto Bartalini
Sponsored by Banca Popolare di Lajatico and in collaboration with Comune di Pontedera, Toscana Energia, BRACASS Bracaloni Assicurazioni, Reica Luminarie, Reica Group, Giannoni&Santoni, Gruppo Giardini, Cartoons, Ideal Forme 2000, Raco Illuminazione, FuoriLuogo, Parco delle Rose e Willsal

Almud - Andrea Bocelli Business Management Office
Alberto Bocelli: President
Veronica Berti: CEO and Event Coordinator
Amos Bocelli and Massimiliano Ballanti: Member of the board of directors
Sara Formicola: Events Coordinator
Valentina Pianezzi: Assistant to CEO
Giorgio De Martino: Consultant
Renate Bausch: Web Coordinator

Maverick / Quest Artists Management – International Management
Scott Rodger: Artist Manager
Francesco Pasquero: Artist Manager
Lucie Panton: Production Manager
Jay Barbour: Legal and Business Affair

Ufficio Stampa MN Italia: Marianna Petruzzi
Wardrobe Andrea Bocelli: Stefano Ricci

Skydivers in lancio con la bandiera tricolore più grande del mondo.
Porta bandiera: Paolo Filippini
Video: Enzo Muro e Fabio Filippini

Extras by Centro Danza Classica Città di Volterra diretto da Pascale Piscina.
Special thanks to Cinzia de Felice/Compagnia della Fortezza di Volterra

Technical Sponsors:
STS Communication
Stranirumori
Fazioli

Special thanks to:
Teatro del Silenzio
Andrea Bocelli: Honorary President
Alessio Barbafieri: President
Alberto Bocelli: Vice-president
Alberto Bartalini: Artistic Director
Fabio Tedeschi: General Affairs
Daniele Salvadori: General Affairs
Enrico Fabbri: General Affairs
Luca Giglioli: Consultant
Stefano Paperini: Consultant
Ilaria Bartalini: Consultant
Massimo Ripanucci & Az. Agricola Il Colle
Sugar & Sugar Music

Video repertory: Art+Vibes srl

The Town of Lajatico
Major: Alessio Barbafieri
Luca & Sergio Giglioli
 
ANDREA BOCELLI FOUNDATION
ABF joins the Maestro in his universal message of courage and love for this year’s edition of the Teatro del Silenzio. Since its founding in 2011 by the Maestro and his family to “give back” after being inspired by the positivity received from fans and partners around the world, the Foundation has been present every year at this special moment Lajatico to spread its mission of empowering people and communities.
Discover more about the independent non-profit organization’s work in Italy and abroad and how to support it: https://www.andreabocellifoundation.org

#AndreaBocelli #Bocelli

https://www.andreabocelli.com
https://www.teatrodelsilenzio.it/eventi",2020-07-26 17:00:05+00:00,159,1086321,34209,2207,False,PT22M16S,1336,hd,false,False,andrea|bocelli|andrea bocelli|Andrea Bocelli Teatro del Silenzio|TDS|Lajatico|Tuscany|Andrea Bocelli Tuscany|Bocelli Ave Maria|Bocelli Bohème|Bocelli opera|live Teatro del Silenzio|Inno d'Italia|Bocelli Inno italiano|Inno Mameli|bigger flag record|Parlami d'Amore Mariù|Non ti scordar di me|Bocelli cover|Franz Schubert Ave Maria,10,it,none,2020,2235,False,False,22.266666666666666,0.03149069197778557,0.0020316278521726083,486.0496644295302
nexnnrYyTmc,Andrea Bocelli - The Prayer (Lyric Video) ft. Céline Dion,"Music video by Andrea Bocelli performing The Prayer (Lyric Video).© 2020 Sugar s.r.l., under exclusive licence to Universal International Music BV",2020-04-29 14:00:25+00:00,160,2164309,29131,956,False,PT4M29S,269,hd,false,True,Andrea|Bocelli|The|Prayer|(Lyric|Video)|Decca/Sugar|Classical,10,en,none,2020,2323,False,False,4.483333333333333,0.01345972317261537,0.0004417114192104732,931.6870426173052
bpXwOSHTwsY,Andrea Bocelli - Amazing Grace: Music For Hope (Live From Duomo di Milano),"Andrea Bocelli - Amazing Grace: Music For Hope (Live From Duomo di Milano), including new footage from our world’s silent cities. From Andrea Bocelli’s Easter Sunday performance on April 12th 2020 from the Duomo Cathedral, Milan.
 
Watch the full event here: https://AndreaBocelli.lnk.to/LiveFromDuomoID
Listen to full event here: https://AndreaBocelli.lnk.to/MusicForHope1ID
 
Andrea Bocelli, with the Foundation that carries his name, is currently involved in an emergency COVID-19 campaign. The Andrea Bocelli Foundation (ABF) has started a fundraiser to help hospitals purchase all the instrumentation and equipment necessary to protect their medical staff. It is possible to donate through the GoFundMe campaign: https://www.gofundme.com/f/abfxcovid19
 
The event is promoted by the City of Milan and the Veneranda Fabbrica del Duomo, produced by Sugar Music, Universal Music Group and Decca Records, thanks to the generous contribution of YouTube with the complimentary participation of Andrea Bocelli, Almud and Maverick.
 
Video Director: Chris Myhre
Video Producer: Francesco Uboldi
Audio Producer: Pierpaolo Guerrini
Production Company: Groovy Gecko
 
With thanks to: Giuseppe Sala: Mayor of Milan, Fedele Confalonieri:  President of the Veneranda Fabbrica Del Duomo, Monisgnore Borgonovo: Archpriest of the Veneranda Fabbrica Del Duomo, Maverick, Almud.
  
Follow Andrea:
Facebook: https://www.facebook.com/AndreaBocelli
Instagram: https://www.instagram.com/AndreaBocelli
Twitter: https://twitter.com/AndreaBocelli
YouTube: https://www.youtube.com/AndreaBocelli
TikTok: https://www.tiktok.com/@andreabocelliof
 
#AndreaBocelli #Bocelli #MusicForHope #StayHome #WithMe
 
https://AndreaBocelli.lnk.to/AmazingGraceLive",2020-04-16 14:00:09+00:00,161,8548280,136879,4500,False,PT4M58S,298,hd,false,False,andrea|bocelli|andrea bocelli|andrea bocelli music for hope|music for hope|music for hope andrea bocelli|Duomo di Milano|live from duomo di milano|andrea bocelli duomo di milano|duomo di milano andrea bocelli|andrea bocelli duomo|stay home|stayathome|bocelli stayathome|stayathome bocelli|bocelli easter|easter bocelli|amazing grace|andrea bocelli amazing grace|amazing grace andrea bocelli|amazing grace cover|bocelli amazing grace|amazing grace bocelli,10,en,none,2020,2336,False,False,4.966666666666667,0.016012460986303677,0.0005264216895094686,3659.3664383561645
huTUOek4LgU,Andrea Bocelli: Music For Hope - Live From Duomo di Milano,"On Easter Sunday (April 12, 2020), by invitation of the City and of the Duomo cathedral of Milan, Italian global music icon Andrea Bocelli gave a solo performance representing a message of love, healing and hope to Italy and the world. 

Download the hymn sheet and sing along here: https://AndreaBocelli.lnk.to/Hymnsheet

Track list:
Panis Angelicus (from “Messe Solennelle” Op. 12, FWV 61) César Franck
 
Ave Maria, CG 89a (arr. from Johann Sebastian Bach, “Prelude” no. 1, BWV 846)
Charles-François Gounod
 
Sancta Maria (arr. from “Cavalleria Rusticana”, Intermezzo)
Pietro Mascagni
 
Domine Deus (from “Petite Messe Solennelle”)
Gioachino Antonio Rossini

Amazing Grace
John Newton

“On the day in which we celebrate the trust in a life that triumphs, I’m honored and happy to answer ‘Sì’ to the invitation of the City and the Duomo of Milan. I believe in the strength of praying together; I believe in the Christian Easter, a universal symbol of rebirth that everyone – whether they are believers or not – truly needs right now. Thanks to music, streamed live, bringing together millions of clasped hands everywhere in the world, we will hug this wounded Earth’s pulsing heart, this wonderful international forge that is reason for Italian pride. The generous, courageous, proactive Milan and the whole of Italy will be again, and very soon, a winning model, engine of a renaissance that we all hope for. It will be a joy to witness it, in the Duomo, during the Easter celebration which evokes the mystery of birth and rebirth” Andrea Bocelli
 
Andrea Bocelli, with the Foundation that carries his name, is currently involved in an emergency COVID-19 campaign. The Andrea Bocelli Foundation (ABF) has started a fundraiser to help hospitals purchase all the instrumentation and equipment necessary to protect their medical staff. It is possible to donate through the GoFundMe campaign: https://www.gofundme.com/f/wk67wc-abfxcamerino

Stay home and live stream this performance exclusively on YouTube. The event is promoted by the City of Milan and the Veneranda Fabbrica del Duomo, produced by Sugar Music and Universal Music Group, thanks to the generous contribution of YouTube. 

Production Groovy Gecko & Prince Production
Producers: Francesco Uboldi, Filippo Sugar, Celine Joshua, Kade Speiser 
Strategy & Ops: Celine Joshua, Kade Speiser, Derek Torng
Label names Decca Records (Rebecca Allen, Laura Monks, Sophie Hilton), Sugar Music (Filippo Sugar, Lorena Pizzi, Alessia Porcari).
Management: Maverick (Francesco Pasquero, Scott Rodger) and Almud (Veronica Berti)
Director: Chris Myhre
Photography: Luca Rossetti
Location Duomo di Milano
Sound Audio Producer: Pierpaolo Guerrini
Sound audio engineer: Andrea Taglia 
Creative director: Stefano Scozzese
 
With thanks to: Giuseppe Sala: Mayor of Milan, Fedele Confaloniere:  President of the Veneranda Fabbrica Del Duomo, Monisgnore Borgonovo: Archpriest of the Veneranda Fabbrica Del Duomo, Maverick, Almud.

Follow Andrea Bocelli:
Facebook - https://www.facebook.com/andreabocelli/
Instagram - https://www.instagram.com/andreabocelliofficial/
Twitter - https://twitter.com/AndreaBocelli/
YouTube - https://www.youtube.com/andreabocelli
https://www.andreabocelli.com/
 
#AndreaBocelli
#MusicForHope
#StayHome #WithMe",2020-04-12 17:37:35+00:00,162,44493031,944982,24700,False,PT24M57S,1497,hd,false,False,andrea|bocelli|andrea bocelli|andrea bocelli livestream|andrea bocelli live stream|andrea bocelli music for hope|music for hope|music for hope andrea bocelli|Duomo di Milano|live from duomo di milano|andrea bocelli duomo di milano|duomo di milano andrea bocelli|livestream andrea bocelli|andrea bocelli duomo|panis angelicus|stay home|stayathome|bocelli stayathome|stayathome bocelli|easter livestream|easter songs|bocelli easter|easter sunday|easter bocelli,10,en,none,2020,2340,False,False,24.95,0.021238876713074457,0.0005551431189302433,19014.11581196581
-RsFBP7L93o,Andrea Bocelli - Con Te Partirò (Piano & Voice / 2016 Version),"""The world’s best loved tenor celebrates the 20th anniversary of his chart topping album with brand new versions of the legendary Con Te Partirò (Time To Say Goodbye).
Order now on Amazon: http://po.st/Romanza20YTDAmz

Watch the Music for Hope full event here : https://andreabocelli.lnk.to/LiveFromDuomoID
Listen to the Music for Hope full event here: https://andreabocelli.lnk.to/MusicForHope1ID

We are delighted to announce that on 18th November Andrea Bocelli will release a new, fully remastered edition of his greatest album, Romanza. This special 20th anniversary release features brand new versions of his most iconic song Con Te Partirò (Time To Say Goodbye). It was famously performed by Andrea Bocelli and Sarah Brightman in 1996 at the final boxing match of light heavyweight champion Henry Maske, and soared to the top of charts becoming the fastest selling single of all time, selling over 12 million copies.

""""For me ... Romanza is first and foremost the compendium of my personal history and my history as an artist - it is a piece of my heart which, through the miracle of music, I have been able to share with the world."""" – Andrea Bocelli""

http://vevo.ly/cQfemc",2020-03-08 01:01:01+00:00,163,503055,17118,693,False,PT4M6S,246,hd,false,True,Andrea|Bocelli|Con|Partirò|Decca|Classical|Crossover,10,en,none,2020,2376,False,False,4.1,0.03402808837999821,0.001377582968065122,211.72348484848484
LfFJaU-CeH4,Andrea Bocelli - Ragazzo Mio (Danny Boy) (Live from Manchester / 2019),"Andrea Bocelli - Ragazzo Mio [Danny Boy] (Live from Manchester / 2019)

Listen or buy ""Sì Forever"", the new album from Andrea Bocelli, here: https://andreabocelli.lnk.to/SiForever
 

Subscribe to Andrea Bocelli’s YouTube channel & ring the bell to never miss a new video: https://AndreaBocelli.lnk.to/YTSignUpID

Sign up for Andrea Bocelli’s Email List: https://AndreaBocelli.lnk.to/MailingListSignUpID

Follow Andrea Bocelli: 
Instagram: https://www.instagram.com/andreabocelliofficial
Facebook: https://www.facebook.com/andreabocelli/YouTube
YouTube: https://www.youtube.com/channel/UCb4JB8-ZAeceuR7EPCPOPzg
TikTok:  https://www.tiktok.com/@andreabocelliof?lang=en
X: https://x.com/AndreaBocelliWebsite
Website: https://www.andreabocelli.com/
#AndreaBocelli #Bocelli #Ragazzo Mio #DannyBoy #LiveFromManchester

Recorded at Manchester Arena, UK, during the Sì World Tour 2019                        
VIDEO Produced by Strani Rumori Studio Director: Ivano Berti                  
Switcher Operator: Sandro Bruni  Edited by Luca Scota                 
Production Management for Maverick: Francesco Pasquero                      
Color Grading: Diletta Fernandez                            
Cameras: Riccardo Marianeschi, Daniele Bartoli, Giovanni Adorni, Cristian Alberini, Gianluca Mazza, Diletta Fernandez, Adam Pitts                         
                              
AUDIO                
Live Audio Recording: Andrea Taglia                      
FOH Audio Engineer: Francesco La camera                         
Audio Post Production: Vanni Tagliavento                          
                              
Special thanks to Kilimanjaro Live and Harvey Goldsmith Production",2020-01-14 16:00:02+00:00,164,638898,8255,417,False,PT5M,300,hd,false,True,Andrea Bocelli|sì forever|andrea bocelli sì forever|andrea bocelli live|Sì World Tour 2019|andrea bocelli Manchester Arena|bocelli|boceli|andrea bocelli UK tour|Ragazzo Mio danny boy|andrea bocelli ragazzo mio|Ragazzo Mio danny boy video|Andrea Bocelli Ragazzo Mio [Danny Boy] (Live from Manchester 2019)|Ragazzo Mio|[Danny Boy]|(Live from Manchester|2019)|DANNY BOY ITALIAN|Danny boy italian version,10,it,none,2020,2429,False,False,5.0,0.012920685305009564,0.00065268634429909,263.02923013585837
kmKaBYZgxpY,Andrea Bocelli - Return to Love (Christmas Version),"Andrea Bocelli - Return to Love (Christmas Version)

Listen or buy ‘Return To Love (Christmas Version)’ here: https://AndreaBocelli.lnk.to/ReturnToLoveXmas
Listen or buy ""Sì Forever"", the new album from Andrea Bocelli, here: https://andreabocelli.lnk.to/SiForever

Subscribe to Andrea Bocelli’s YouTube channel & ring the bell to never miss a new video: https://AndreaBocelli.lnk.to/YTSignUpID

Sign up for Andrea Bocelli’s Email List: https://AndreaBocelli.lnk.to/MailingListSignUpID

Follow Andrea Bocelli: 
Instagram: https://www.instagram.com/andreabocelliofficial
Facebook: https://www.facebook.com/andreabocelli/YouTube
YouTube: https://www.youtube.com/channel/UCb4JB8-ZAeceuR7EPCPOPzg
TikTok:  https://www.tiktok.com/@andreabocelliof?lang=en
X: https://x.com/AndreaBocelliWebsite
Website: https://www.andreabocelli.com/
#AndreaBocelli #Bocelli 

Produced by Strani Rumori Studio for Sugar S.r.l. and UMG
 
Executive Producer: Ivano Berti
Director: Luca Scota
DOP: Cristian Alberini
International Production Manager for Maverick: Francesco Pasquero
Artistic Direction: Alberto Bartalini
Assisted by: Ilaria Bartalini
 
Edited by Diletta Fernandez
Color Grading: Luca Scota at Strani Rumori Studio
DOP: Cristian Alberini
Cameras: Cristian Alberini, Lorenzo De Giorgi
Operatore Camera Gimbal: Lorenzo Marzocca
Phone operator: Sara Formicola, Alessia Navarino
Drone operator for Strani Rumori Studio: Nicolò Baronci
Audio Post Production: Vanni Tagliavento
Driver Tesla: Luca Giglioli
Set up and Stage design: L’Arte del Fiore Ykebana, Silvia Bigliotto
Make up & Hair Stylist: Antonella Melani e Chiara Marinosci
Photography: Stefano Marinari
Choir: Simone Valeri, Katiuscia Baldini , Silvia Barsotti, Sara Giusti, Valentina Perini, Sara Parri, Alessandra Morandin, Christian Contessa, Daniele Romano, Michele Taddei.",2019-12-10 16:00:10+00:00,165,11316782,122949,3012,False,PT5M54S,354,hd,false,True,Andrea Bocelli|Return To Love|bocelli christmas|andrea bocelli video|Sugar music|andrea bocelli sì deluxe|return to love video|return to love christmas edition|andrea bocelli christmas 2019|bocelli video|CLASSICAL|CHRISTMAS,10,en,none,2019,2464,False,False,5.9,0.01086430753901595,0.0002661533994381088,4592.849837662337
X-9c0vL1on8,"Andrea Bocelli, Ellie Goulding - Return to Love (Making Of The Song)","Andrea Bocelli, Ellie Goulding - Return to Love (Making of the Song)


Subscribe to Andrea Bocelli’s YouTube channel & ring the bell to never miss a new video: https://AndreaBocelli.lnk.to/YTSignUpID

Sign up for Andrea Bocelli’s Email List: https://AndreaBocelli.lnk.to/MailingListSignUpID

Follow Andrea Bocelli: 
Instagram: https://www.instagram.com/andreabocelliofficial
Facebook: https://www.facebook.com/andreabocelli/YouTube
YouTube: https://www.youtube.com/channel/UCb4JB8-ZAeceuR7EPCPOPzg
TikTok:  https://www.tiktok.com/@andreabocelliof?lang=en
X: https://x.com/AndreaBocelliWebsite
Website: https://www.andreabocelli.com/
#AndreaBocelli #Bocelli #Return to Love #BehindTheScenes

Listen ""Return to Love"" here: https://AndreaBocelli.lnk.to/ReturnToLoveID
""Sì Forever"", the new album from Andrea Bocelli, here: https://andreabocelli.lnk.to/SiForever

VIDEO
Edited by Luca Scota for Strani Rumori Studio
Executive Producer: Ivano Berti
Cameras: Strani Rumori Studio Crew for Andrea Bocelli, Adams Pitts for Ellie Goulding, Angel Torreulla for A Great Big World.

Special thanks to Andrea Bocelli, Ellie Goulding, Bob Ezrin, Ian Axel, Chad King, Hannah Winkler.

A production by Sugar S.r.l. under exclusive license to Decca Records, a division of Universal Music Operations Ltd",2019-11-04 15:00:08+00:00,166,193173,3407,146,False,PT4M1S,241,hd,false,True,Sugar music|andrea bocelli|sì diamonds|sì deluxe|sì forever|Ellie Goulding|return to love|return to love making of|bocelli goulding|Andrea Bocelli|Ellie Goulding Return to Love (Making of the Song)|Return to Love|(Making of the Song)|Behind The Scenes,10,en,none,2019,2500,False,False,4.016666666666667,0.01763704037313703,0.0007557992058931631,77.2692
C_EHqpvQwg8,Andrea Bocelli - Dormi Dormi Lullaby (Audio) ft. Jennifer Garner,"Music video by Andrea Bocelli performing Dormi Dormi Lullaby (Audio).© 2019 Sugar s.r.l., under exclusive licence to Decca Records, Universal Music Operations Limited",2019-11-01 04:00:00+00:00,167,547548,10695,506,False,PT4M8S,248,hd,false,True,Andrea|Bocelli|Dormi|Lullaby|(Audio)|Decca/Sugar|Classical|Crossover|Jennifer|Garner,10,en,none,2019,2504,False,False,4.133333333333334,0.019532534133993733,0.0009241198945115314,218.66932907348243
gB-Yxy5BTGQ,"Andrea Bocelli, Ellie Goulding - Return To Love (Official Lyric Video)","Andrea Bocelli, Ellie Goulding - Return To Love (Official Lyric Video)


Subscribe to Andrea Bocelli’s YouTube channel & ring the bell to never miss a new video: https://AndreaBocelli.lnk.to/YTSignUpID

Sign up for Andrea Bocelli’s Email List: https://AndreaBocelli.lnk.to/MailingListSignUpID

Follow Andrea Bocelli: 
Instagram: https://www.instagram.com/andreabocelliofficial
Facebook: https://www.facebook.com/andreabocelli/YouTube
YouTube: https://www.youtube.com/channel/UCb4JB8-ZAeceuR7EPCPOPzg
TikTok:  https://www.tiktok.com/@andreabocelliof?lang=en
X: https://x.com/AndreaBocelliWebsite
Website: https://www.andreabocelli.com/
#AndreaBocelli #Bocelli #EllieGoulding #ReturnToLove #OfficialLyricVideo

Listen or buy ""Return to Love"" here: https://AndreaBocelli.lnk.to/ReturnToLoveID
Pre-order ""Sì Forever"", the new album from Andrea Bocelli, here: https://andreabocelli.lnk.to/SiForever
 
VIDEO
Production: DueOtto Film
Directed by Paolo Caselli e Francesco Ferri
Production Assistant: Elena Brunello
Focus Puller: Patrick Giacomelli
Graphics and animation: Giacomo Ribaudo
 
AUDIO
Lyrics and Music by Ian Axel / Chad Vaccarino / Josh Kear
Italian lyrics by Matteo Curallo
Publishing: Ian Axel Music / Chad Vaccarino Publishing / Big Yellow Dog Music / Sugarmusic S.p.a. / Almud Edizioni Musicali S.r.l.
 
Produced and mixed by Bob Ezrin                  
Orchestra arranged and conducted by John Metcalfe                        
Andrea Bocelli vocals recorded by Pierpaolo Guerrini at Stella Del Nord Studio, La Spezia, Italy 
Ellie Goulding vocals produced and programmed by Lorna Blackwood for Echo Beach Management Ltd and engineered by Jason Elliot at British Grove Studios, London, England                      
Orchestra recorded by Fiona Cruikshank at Abbey Road Studios, London, EnglandMix engineered by Jason Elliott at British Grove Studios and Justin Cortelyou and Justin Francis at Anarchy Studios, Nashville, TN, USA                           
Programming and Keyboards: Thomas “Tawgs” Salter                      
Piano: Tom Cawley                  
Orchestra Leader: Everton Nelson                  
Additional keyboards: Bob Ezrin                      
Librarian: Dave Foster                           
Assistant Engineer, British Grove Studios: Andy Cook                        
Additional Drum Programming by Matt Bubel                        
Mastered by Eric Boulanger at The Bakery - Culver City, CA, USA                
                           
Ellie Goulding appears courtesy of Polydor Records, a division of Universal Music Operations Limited
 
A production by Sugar S.r.l. licensed internationally to Decca Records UK",2019-10-11 15:00:07+00:00,168,7705826,72754,1858,False,PT4M44S,284,hd,false,True,Andrea Bocelli|Ellie Goulding|Pop|Sì Forever|andrea bocelli duet|Andrea Bocelli Ellie Goulding|return to love lyrics|return to love testo|andrea boceli|elly gouding|Ellie Goulding Return To Love (Official Lyric Video)|Ellie Goulding Return To Love|Return To Love (Official Lyric Video)|(Official Lyric Video),10,en,none,2019,2524,False,False,4.733333333333333,0.009441427823571411,0.0002411162670945334,3053.0213946117274
tLCdOc3IzCY,"Andrea Bocelli, Ellie Goulding - Return To Love (Official Music Video)","Andrea Bocelli, Ellie Goulding - Return To Love (Official Music Video)

Andrea Bocelli ‘Duets’ 30th Anniversary, 30 years of bringing people together.
The definitive collection of ‘Duets’ is released Friday 25th October.
Pre-Order 'Duets' here: https://AndreaBocelli.lnk.to/DuetsID

Andrea Bocelli & Ellie Golding - Return To Love (Official Music Video)
Stream Andrea Bocelli: https://AndreaBocelli.lnk.to/streamID
Subscribe to Andrea Bocelli’s YouTube channel & ring the bell to never miss a new video: https://AndreaBocelli.lnk.to/YTSignUpID

Sign up for Andrea Bocelli’s Email List: https://AndreaBocelli.lnk.to/MailingListSignUpID

Follow Andrea Bocelli: 
Instagram: https://www.instagram.com/andreabocelliofficial
Facebook: https://www.facebook.com/andreabocelli/YouTube
YouTube: https://www.youtube.com/channel/UCb4JB8-ZAeceuR7EPCPOPzg
TikTok:  https://www.tiktok.com/@andreabocelliof?lang=en
X: https://x.com/AndreaBocelliWebsite
Website: https://www.andreabocelli.com/

#AndreaBocelli #EllieGoulding #ReturnToLove

VIDEO
Produced by Strani Rumori Studio
Executive Producer: Ivano Berti
Director: Luca Scota
Edited by Francesco Locci
Production Management for Maverick: Francesco Pasquero
Color Grading: Francis Barbarossa
Cameras: Riccardo Marianeschi, Daniele Bartoli, Giovanni Adorni, Cristian Alberini, Gianluca Mazza, Diletta Fernandez, Adam Pitts
Drone operator for Strani Rumori Studio: Nicolò Baronci
Audio Post Production: Vanni Tagliavento
 
 
AUDIO
Lyrics and Music by Ian Axel / Chad Vaccarino / Josh Kear
Italian lyrics by Matteo Curallo
Publishing: Ian Axel Music / Chad Vaccarino Publishing / Big Yellow Dog Music / Sugarmusic S.p.a. / Almud Edizioni Musicali S.r.l.
 
Produced and mixed by Bob Ezrin                  
Orchestra arranged and conducted by John Metcalfe                        
Andrea Bocelli vocals recorded by Pierpaolo Guerrini at Stella Del Nord Studio, La Spezia, Italy 
Ellie Goulding vocals produced and programmed by Lorna Blackwood for Echo Beach Management Ltd and engineered by Jason Elliot at British Grove Studios, London, England                      
Orchestra recorded by Fiona Cruikshank at Abbey Road Studios, London, England
Mix engineered by Jason Elliott at British Grove Studios and Justin Cortelyou and Justin Francis at Anarchy Studios, Nashville, TN, USA                           
Programming and Keyboards: Thomas “Tawgs” Salter                      
Piano: Tom Cawley                  
Orchestra Leader: Everton Nelson                  
Additional keyboards: Bob Ezrin                      
Librarian: Dave Foster                           
Assistant Engineer, British Grove Studios: Andy Cook                        
Additional Drum Programming by Matt Bubel                        
Mastered by Eric Boulanger at The Bakery - Culver City, CA, USA                
                           
Ellie Goulding appears courtesy of Polydor Records, a division of Universal Music Operations Limited
 
A production by Sugar S.r.l. licensed internationally to Decca Records UK",2019-10-04 13:30:11+00:00,169,17692714,155657,3682,False,PT4M33S,273,hd,true,True,Andrea Bocelli|Ellie Golding|Return To Love|bocelli|andrea and ellie|ellie goulding|classical crossover|classical pop|opera|classical,10,en,none,2019,2531,False,False,4.55,0.0087978023043836,0.00020810826422673197,6990.404583168708
dfYim4E2t5M,"Andrea Bocelli, Matteo Bocelli - Fall On Me (Live At Portovenere, Italy / 2018)","Andrea Bocelli, Matteo Bocelli - Fall On Me (Live At Portovenere, Italy / 2018)

""Anyone who is a parent, anyone who knows the precious responsibility of being a mother or a father, will fully grasp the meaning of this piece. ‘Fall On Me’ is the first time I have duetted with my son Matteo Bocelli"".

Subscribe to Andrea Bocelli’s YouTube channel & ring the bell to never miss a new video: https://AndreaBocelli.lnk.to/YTSignUpID

Sign up for Andrea Bocelli’s Email List: https://AndreaBocelli.lnk.to/MailingListSignUpID

Follow Andrea Bocelli: 
Instagram: https://www.instagram.com/andreabocelliofficial
Facebook: https://www.facebook.com/andreabocelli/YouTube
YouTube: https://www.youtube.com/channel/UCb4JB8-ZAeceuR7EPCPOPzg
TikTok:  https://www.tiktok.com/@andreabocelliof?lang=en
X: https://x.com/AndreaBocelliWebsite
Website: https://www.andreabocelli.com/
#AndreaBocelli #Bocelli 

Watch the Music for Hope full event here : https://andreabocelli.lnk.to/LiveFromDuomoID
Listen to the Music for Hope full event here: https://andreabocelli.lnk.to/MusicForHope1ID

Listen or buy ""Fall on Me"" here: https://andreabocelli.lnk.to/BocelliFallOnMeYT
Listen or buy the album ""Si"" here: https://andreabocelli.lnk.to/SiAlbumYT",2019-06-11 10:00:08+00:00,170,3809948,44695,1394,False,PT4M1S,241,hd,false,True,#EllieGoulding #ReturnToLove #AndreaBocelli #SiForever #NewAlbum|Andrea|Bocelli|Matteo|Fall|(Live|Portovenere|Italy|2018)|classical|pop,10,en,none,2019,2646,False,False,4.016666666666667,0.011731131238536589,0.000365884258787784,1439.8896447467876
CZeciQCNU4c,"Andrea Bocelli, Ed Sheeran - Amo Soltanto Te (Official Music Video) ft. Ed Sheeran","Andrea Bocelli & Ed Sheeran - Amo Soltanto Te
Listen to 'Amo Soltanto Te' here: https://AndreaBocelli.lnk.to/AmoSoltantoTeID

Stream Andrea Bocelli: https://AndreaBocelli.lnk.to/streamID
Subscribe to Andrea Bocelli’s YouTube channel & ring the bell to never miss a new video: https://AndreaBocelli.lnk.to/YTSignUpID

Sign up for Andrea Bocelli’s Email List: https://AndreaBocelli.lnk.to/MailingListSignUpID

Follow Andrea Bocelli: 
Instagram: https://www.instagram.com/andreabocelliofficial
Facebook: https://www.facebook.com/andreabocelli/YouTube
YouTube: https://www.youtube.com/channel/UCb4JB8-ZAeceuR7EPCPOPzg
TikTok:  https://www.tiktok.com/@andreabocelliof?lang=en
X: https://x.com/AndreaBocelliWebsite
Website: https://www.andreabocelli.com/

#AndreaBocelli #EdSheeran

MUSIC 
Music by: Matt Sheeran, Ed Sheeran
Lyrics by: Ed Sheeran, Tiziano Ferro
Published by: Sugarmusic Spa, Ed Sheeran Limited, Sony/ATV Music Publishing (UK) Limited, BMG Rights Management (UK) Ltd. 
Produced and Mixed by Bob Ezrin 
Arranged by Matthew Sheeran
AB vocals engineered by Pierpaolo Guerini at AB Studio, Forte Dei Marmi, Italy
Additional engineering by Justin Cortelyou
Ed Sheeran vocals engineered by Joe Rubel at Gingerbread Man Studios, London, UK
Mix engineered by Justin Cortelyou at Anarchy Studios, Nashville, Tennessee, USA
Assistant mix engineer: Kyle Blunt
Orchestra conducted by John Metcalfe
Orchestra recorded by Fiona Cruickshank and Jonathan Allen at Air Lynhurst Studios, London, UK
Assistant recording engineer: Alex Fergusson
Recordist: Adam Miller
Orchestra Contractor: Lucy Whalley for Isobel Griffiths Ltd.
Orchestra Leader: Everton Nelson
Librarian: Dave Foster
Additional Musicians: John Metcalfe - programming 
Bob Ezrin - keyboards 
Programming by Matthew Sheeran
Ed Sheeran appears courtesy of Asylum Records UK, a division of Warner Music UK Ltd

VIDEO
Produded by: Run Multimedia for Sugar S.r.l and Deccar Records U.K.
Director / D.o.P.: Gaetano Morbioli
International Production Manager: Francesco Pasquero for Sugar S.r.l.

Editing: Gaetano Morbioli 
Director Assistant: Peter Facchetti
Producer: Marianna Bellamoli and Carlotta de Conti
Production Assistant: Anna Zavatteri, Anna dalla Bona and Irene Venturi
Set Assistant: Alberto Bonturi and Alessio Stefenato
Tools: Nicola Ricci and Marco Boldrini
Runner: Alberto Olivieri
Casting: Centro Danza by Sara and Elisa Gregori and Urban Dancefloor di Barbara Mariano
Make-up and hair: Michela dalla Brea
Make-up and hair assistant: Matilde Maraia and Zoe Venturi
Stylist: Lisa Crescioli
Stylist assistant: Olivia Lucchesi, Barbara Simoni and Franca Passalacqua
Special Thanks to: Magnani Bridal Couture – Atelier abiti da sposa, Street Doing Couture, Agenzia Mira Project
Scenografie: Centri Giardinaggio Flover, Fratelli Tregnaghi Catering e Museo Nicolis
Location: Villa Arvedi, Grezzana (Verona) – Italia

Main Actors:
Andrea Bocelli: Leonardo Sommacampagna
Ed Sheeran: Stanley Hebblethwaite
Baby Bride: Sofia Wallner
Adult Bride: Anja Meyer
Baby Groom: Mattia Schiavo
Adult Groom: Marco Zanella

A production by Sugar Srl and Decca Records Music 
© 2019 Sugar S.r.l., under exclusive licence to Universal Music Operations Ltd",2019-02-22 16:57:45+00:00,171,27166772,321025,4925,False,PT4M51S,291,hd,false,True,ed sheeran|andrea bocelli|Amo Soltanto Te,10,en,none,2019,2755,False,False,4.85,0.01181682534826,0.0001812876406516019,9860.897277676951
9XtCuQv0VDA,"Andrea Bocelli, Matteo Bocelli - Fall On Me (Commentary)","Andrea Bocelli, Matteo Bocelli - Fall On Me (Commentary)

Subscribe to Andrea Bocelli’s YouTube channel & ring the bell to never miss a new video: https://AndreaBocelli.lnk.to/YTSignUpID

Sign up for Andrea Bocelli’s Email List: https://AndreaBocelli.lnk.to/MailingListSignUpID

Follow Andrea Bocelli: 
Instagram: https://www.instagram.com/andreabocelliofficial
Facebook: https://www.facebook.com/andreabocelli/YouTube
YouTube: https://www.youtube.com/channel/UCb4JB8-ZAeceuR7EPCPOPzg
TikTok:  https://www.tiktok.com/@andreabocelliof?lang=en
X: https://x.com/AndreaBocelliWebsite
Website: https://www.andreabocelli.com/
#AndreaBocelli #Bocelli#MatteoBocelli #FallOnMe 

© 2018 Sugar S.r.l., under exclusive license to Decca Records, a division of Universal Music Operations Ltd

""Sì"", the new album from Andrea Bocelli, available here: https://andreabocelli.lnk.to/SiAlbumYT

Follow Andrea Bocelli on:
Facebook - https://www.facebook.com/andreabocelli
Instagram - https://www.instagram.com/andreabocelliofficial
Twitter - https://twitter.com/AndreaBocelli/
YouTube - https://www.youtube.com/andreabocelli

“Sì” Andrea Bocelli Official Commentary

Videos produced by Strani Rumori Studio for Sugar S.r.l. Under exclusive license to Decca Records, a division of Universal Music Operations Ltd

©&(P) 2018 Sugar S.r.l.
Executive Producer: Ivano Berti
Director: Luca Scota
Edited by Diletta Fernandez
Color Grading: Tiziano Fioriti
Cameras: Riccardo Marianeschi, Cristian Alberini, Gianluca Mazza, Diletta Fernandez, Tiziano Fioriti, Ragni Michele, Antonio Cozzari
Drone operator for Strani Rumori Studio: Nicolò Baronci
Audio Post Production: Vanni Tagliavento",2019-02-15 05:00:00+00:00,172,353416,7398,290,False,PT2M43S,163,hd,false,True,andrea bocelli|opera|matteo bocelli|billboard|tenor|classic music|bocelli 2018|bocelli interview|bocelli commentary|ed sheeran|dua lipa|josh groban|Andrea Bocelli|Matteo Bocelli Fall on Me (Commentary)|Fall on Me (Commentary)|Fall on Me|(Commentary),10,en,none,2019,2763,False,False,2.716666666666667,0.020932838354800008,0.0008205627362654776,127.91024249004705
KZDBTAdRV1o,Andrea Bocelli & Helene Fischer - If Only (Live at Schlager Champions),"Andrea Bocelli and Helene Fisher sing If Only at Schlager Champions as part of his birthday celebration in Melbourne, 2014.

Subscribe to Andrea's YouTube:
https://www.youtube.com/c/AndreaBocelli?sub_confirmation=1
Listen to the Essentials playlist: https://andreabocelli.lnk.to/EssentialsID

Follow Andrea:
Facebook: https://www.facebook.com/AndreaBocelli
Instagram: https://www.instagram.com/AndreaBocelli
Twitter: https://twitter.com/AndreaBocelli
YouTube: https://www.youtube.com/AndreaBocelli
TikTok: https://www.tiktok.com/@andreabocelliof

#AndreaBocelli #Bocelli #HeleneFisher #SchlagerChampions
 
With permission of MDR / ARD",2019-01-16 14:55:11+00:00,173,1632403,15078,579,False,PT3M45S,225,hd,false,False,Andrea Bocelli|Helene Fischer|Schlager Champions|If only|tv show|andrea bocelli live|andrea bocelli sì,10,en,none,2019,2792,False,False,3.75,0.009236689714488395,0.0003546918254867211,584.6715616045846
KSl2rGTS-LY,Andrea Bocelli - Ali Di Libertà (Commentary),"Andrea Bocelli - Ali Di Libertà (Commentary)

Subscribe to Andrea Bocelli’s YouTube channel & ring the bell to never miss a new video: https://AndreaBocelli.lnk.to/YTSignUpID

Sign up for Andrea Bocelli’s Email List: https://AndreaBocelli.lnk.to/MailingListSignUpID

Follow Andrea Bocelli: 
Instagram: https://www.instagram.com/andreabocelliofficial
Facebook: https://www.facebook.com/andreabocelli/YouTube
YouTube: https://www.youtube.com/channel/UCb4JB8-ZAeceuR7EPCPOPzg
TikTok:  https://www.tiktok.com/@andreabocelliof?lang=en
X: https://x.com/AndreaBocelliWebsite
Website: https://www.andreabocelli.com/
#AndreaBocelli #Bocelli #AliDiLibertà #Commentary

© 2018 Sugar S.r.l., under exclusive license to Decca Records, a division of Universal Music Operations Ltd

""Sì"", the new album from Andrea Bocelli, available here: https://andreabocelli.lnk.to/SiAlbumYT

Follow Andrea Bocelli on:
Facebook - https://www.facebook.com/andreabocelli
Instagram - https://www.instagram.com/andreabocelliofficial
Twitter - https://twitter.com/AndreaBocelli/
YouTube - https://www.youtube.com/andreabocelli

“Sì” Andrea Bocelli Official Commentary

Videos produced by Strani Rumori Studio for Sugar S.r.l. Under exclusive license to Decca Records, a division of Universal Music Operations Ltd

©&(P) 2018 Sugar S.r.l.
Executive Producer: Ivano Berti
Director: Luca Scota
Edited by Diletta Fernandez
Color Grading: Tiziano Fioriti
Cameras: Riccardo Marianeschi, Cristian Alberini, Gianluca Mazza, Diletta Fernandez, Tiziano Fioriti, Ragni Michele, Antonio Cozzari
Drone operator for Strani Rumori Studio: Nicolò Baronci
Audio Post Production: Vanni Tagliavento",2019-01-16 05:00:02+00:00,174,17061,414,7,False,PT1M47S,107,hd,false,True,andrea bocelli|opera|matteo bocelli|billboard|tenor|classic music|bocelli 2018|bocelli interview|bocelli commentary|ed sheeran|dua lipa|josh groban|Andrea Bocelli Ali Di Libertà (Commentary)|Andrea Bocelli|Ali Di Libertà|(Commentary),10,en,none,2019,2793,False,False,1.7833333333333334,0.024265869526991383,0.00041029247992497507,6.108485499462943
6qDPEbSjkE4,Andrea Bocelli - Dormi Dormi (Commentary),"Andrea Bocelli - Dormi Dormi (Commentary)


Subscribe to Andrea Bocelli’s YouTube channel & ring the bell to never miss a new video: https://AndreaBocelli.lnk.to/YTSignUpID

Sign up for Andrea Bocelli’s Email List: https://AndreaBocelli.lnk.to/MailingListSignUpID

Follow Andrea Bocelli: 
Instagram: https://www.instagram.com/andreabocelliofficial
Facebook: https://www.facebook.com/andreabocelli/YouTube
YouTube: https://www.youtube.com/channel/UCb4JB8-ZAeceuR7EPCPOPzg
TikTok:  https://www.tiktok.com/@andreabocelliof?lang=en
X: https://x.com/AndreaBocelliWebsite
Website: https://www.andreabocelli.com/
#AndreaBocelli #Bocelli #Dormi Dormi #Commentary

© 2018 Sugar S.r.l., under exclusive license to Decca Records, a division of Universal Music Operations Ltd

""Sì"", the new album from Andrea Bocelli, available here: https://andreabocelli.lnk.to/SiAlbumYT

Follow Andrea Bocelli on:
Facebook - https://www.facebook.com/andreabocelli
Instagram - https://www.instagram.com/andreabocelliofficial
Twitter - https://twitter.com/AndreaBocelli/
YouTube - https://www.youtube.com/andreabocelli

“Sì” Andrea Bocelli Official Commentary

Videos produced by Strani Rumori Studio for Sugar S.r.l. Under exclusive license to Decca Records, a division of Universal Music Operations Ltd

©&(P) 2018 Sugar S.r.l.
Executive Producer: Ivano Berti
Director: Luca Scota
Edited by Diletta Fernandez
Color Grading: Tiziano Fioriti
Cameras: Riccardo Marianeschi, Cristian Alberini, Gianluca Mazza, Diletta Fernandez, Tiziano Fioriti, Ragni Michele, Antonio Cozzari
Drone operator for Strani Rumori Studio: Nicolò Baronci
Audio Post Production: Vanni Tagliavento",2019-01-09 05:00:00+00:00,175,254535,3266,108,False,PT1M20S,80,hd,false,True,andrea bocelli|opera|matteo bocelli|billboard|tenor|classic music|bocelli 2018|bocelli interview|bocelli commentary|ed sheeran|dua lipa|josh groban|Andrea Bocelli Dormi Dormi (Commentary)|Andrea Bocelli|Dormi Dormi|(Commentary),10,en,none,2019,2800,False,False,1.3333333333333333,0.012831241283124128,0.0004243031410218634,90.90535714285714
CfsZpmw1j_g,Andrea Bocelli - Vivo (Commentary),"Andrea Bocelli - Vivo (Commentary)

Subscribe to Andrea Bocelli’s YouTube channel & ring the bell to never miss a new video: https://AndreaBocelli.lnk.to/YTSignUpID

Sign up for Andrea Bocelli’s Email List: https://AndreaBocelli.lnk.to/MailingListSignUpID

Follow Andrea Bocelli: 
Instagram: https://www.instagram.com/andreabocelliofficial
Facebook: https://www.facebook.com/andreabocelli/YouTube
YouTube: https://www.youtube.com/channel/UCb4JB8-ZAeceuR7EPCPOPzg
TikTok:  https://www.tiktok.com/@andreabocelliof?lang=en
X: https://x.com/AndreaBocelliWebsite
Website: https://www.andreabocelli.com/
#AndreaBocelli #Bocelli #Vivo #Commentary

© 2018 Sugar S.r.l., under exclusive license to Decca Records, a division of Universal Music Operations Ltd

""Sì"", the new album from Andrea Bocelli, available here: https://andreabocelli.lnk.to/SiAlbumYT

Follow Andrea Bocelli on:
Facebook - https://www.facebook.com/andreabocelli
Instagram - https://www.instagram.com/andreabocelliofficial
Twitter - https://twitter.com/AndreaBocelli/
YouTube - https://www.youtube.com/andreabocelli

“Sì” Andrea Bocelli Official Commentary

Videos produced by Strani Rumori Studio for Sugar S.r.l. Under exclusive license to Decca Records, a division of Universal Music Operations Ltd

©&(P) 2018 Sugar S.r.l.
Executive Producer: Ivano Berti
Director: Luca Scota
Edited by Diletta Fernandez
Color Grading: Tiziano Fioriti
Cameras: Riccardo Marianeschi, Cristian Alberini, Gianluca Mazza, Diletta Fernandez, Tiziano Fioriti, Ragni Michele, Antonio Cozzari
Drone operator for Strani Rumori Studio: Nicolò Baronci
Audio Post Production: Vanni Tagliavento",2019-01-04 05:00:00+00:00,176,491088,3924,139,False,PT2M52S,172,hd,false,True,andrea bocelli|opera|matteo bocelli|billboard|tenor|classic music|bocelli 2018|bocelli interview|bocelli commentary|ed sheeran|dua lipa|josh groban|Andrea Bocelli Vivo (Commentary)|Vivo (Commentary)|Vivo|(Commentary),10,en,none,2019,2805,False,False,2.8666666666666667,0.007990421268693187,0.00028304499397256705,175.075935828877
8hWNNvuaJ2c,Andrea Bocelli - Vertigo (Commentary),"Andrea Bocelli - Vertigo (Commentary)

Subscribe to Andrea Bocelli’s YouTube channel & ring the bell to never miss a new video: https://AndreaBocelli.lnk.to/YTSignUpID

Sign up for Andrea Bocelli’s Email List: https://AndreaBocelli.lnk.to/MailingListSignUpID

Follow Andrea Bocelli: 
Instagram: https://www.instagram.com/andreabocelliofficial
Facebook: https://www.facebook.com/andreabocelli/YouTube
YouTube: https://www.youtube.com/channel/UCb4JB8-ZAeceuR7EPCPOPzg
TikTok:  https://www.tiktok.com/@andreabocelliof?lang=en
X: https://x.com/AndreaBocelliWebsite
Website: https://www.andreabocelli.com/
#AndreaBocelli #Bocelli #Vertigo #Commentary

© 2018 Sugar S.r.l., under exclusive license to Decca Records, a division of Universal Music Operations Ltd

""Sì"", the new album from Andrea Bocelli, available here: https://andreabocelli.lnk.to/SiAlbumYT

Follow Andrea Bocelli on:
Facebook - https://www.facebook.com/andreabocelli
Instagram - https://www.instagram.com/andreabocelliofficial
Twitter - https://twitter.com/AndreaBocelli/
YouTube - https://www.youtube.com/andreabocelli

“Sì” Andrea Bocelli Official Commentary

Videos produced by Strani Rumori Studio for Sugar S.r.l. Under exclusive license to Decca Records, a division of Universal Music Operations Ltd

©&(P) 2018 Sugar S.r.l.
Executive Producer: Ivano Berti
Director: Luca Scota
Edited by Diletta Fernandez
Color Grading: Tiziano Fioriti
Cameras: Riccardo Marianeschi, Cristian Alberini, Gianluca Mazza, Diletta Fernandez, Tiziano Fioriti, Ragni Michele, Antonio Cozzari
Drone operator for Strani Rumori Studio: Nicolò Baronci
Audio Post Production: Vanni Tagliavento",2018-12-30 05:00:02+00:00,177,81493,1510,58,False,PT58S,58,hd,false,True,andrea bocelli|opera|matteo bocelli|billboard|tenor|classic music|bocelli 2018|bocelli interview|bocelli commentary|ed sheeran|dua lipa|josh groban|Andrea Bocelli Vertigo (Commentary)|Andrea Bocelli|Vertigo|(Commentary)|classical|classical pop,10,en,none,2018,2810,False,True,0.9666666666666667,0.018529198826893106,0.0007117175708343048,29.001067615658364
blsPHetoI0k,Andrea Bocelli - Miele Impuro (Commentary),"Andrea Bocelli - Miele Impuro (Commentary)

Subscribe to Andrea Bocelli’s YouTube channel & ring the bell to never miss a new video: https://AndreaBocelli.lnk.to/YTSignUpID

Sign up for Andrea Bocelli’s Email List: https://AndreaBocelli.lnk.to/MailingListSignUpID

Follow Andrea Bocelli: 
Instagram: https://www.instagram.com/andreabocelliofficial
Facebook: https://www.facebook.com/andreabocelli/YouTube
YouTube: https://www.youtube.com/channel/UCb4JB8-ZAeceuR7EPCPOPzg
TikTok:  https://www.tiktok.com/@andreabocelliof?lang=en
X: https://x.com/AndreaBocelliWebsite
Website: https://www.andreabocelli.com/
#AndreaBocelli #Bocelli #MieleImpuro #Commentary

© 2018 Sugar S.r.l., under exclusive license to Decca Records, a division of Universal Music Operations Ltd

""Sì"", the new album from Andrea Bocelli, available here: https://andreabocelli.lnk.to/SiAlbumYT

Follow Andrea Bocelli on:
Facebook - https://www.facebook.com/andreabocelli
Instagram - https://www.instagram.com/andreabocelliofficial
Twitter - https://twitter.com/AndreaBocelli/
YouTube - https://www.youtube.com/andreabocelli

“Sì” Andrea Bocelli Official Commentary

Videos produced by Strani Rumori Studio for Sugar S.r.l. Under exclusive license to Decca Records, a division of Universal Music Operations Ltd

©&(P) 2018 Sugar S.r.l.
Executive Producer: Ivano Berti
Director: Luca Scota
Edited by Diletta Fernandez
Color Grading: Tiziano Fioriti
Cameras: Riccardo Marianeschi, Cristian Alberini, Gianluca Mazza, Diletta Fernandez, Tiziano Fioriti, Ragni Michele, Antonio Cozzari
Drone operator for Strani Rumori Studio: Nicolò Baronci
Audio Post Production: Vanni Tagliavento",2018-12-28 05:00:03+00:00,178,191762,2342,96,False,PT1M24S,84,hd,false,True,andrea bocelli|opera|matteo bocelli|billboard|tenor|classic music|bocelli 2018|bocelli interview|bocelli commentary|ed sheeran|dua lipa|josh groban|Andrea Bocelli Miele Impuro (Commentary)|Andrea Bocelli|Miele Impuro|(Commentary)|classical|classical opera|classical pop,10,en,none,2018,2812,False,False,1.4,0.012213055767044565,0.0005006205609036201,68.19416785206259
4wWEwKV-pXQ,Andrea Bocelli - I Am Here (English Version of Sono Qui) [Commentary],"I Am Here (Sono Qui) (Commentary)
© 2018 Sugar S.r.l., under exclusive license to Decca Records, a division of Universal Music Operations Ltd

""Sì"", the new album from Andrea Bocelli, available here: https://andreabocelli.lnk.to/SiAlbumYT

Follow Andrea Bocelli on:
Facebook - https://www.facebook.com/andreabocelli
Instagram - https://www.instagram.com/andreabocelliofficial
Twitter - https://twitter.com/AndreaBocelli/
YouTube - https://www.youtube.com/andreabocelli

“Sì” Andrea Bocelli Official Commentary

Videos produced by Strani Rumori Studio for Sugar S.r.l. Under exclusive license to Decca Records, a division of Universal Music Operations Ltd

©&(P) 2018 Sugar S.r.l.
Executive Producer: Ivano Berti
Director: Luca Scota
Edited by Diletta Fernandez
Color Grading: Tiziano Fioriti
Cameras: Riccardo Marianeschi, Cristian Alberini, Gianluca Mazza, Diletta Fernandez, Tiziano Fioriti, Ragni Michele, Antonio Cozzari
Drone operator for Strani Rumori Studio: Nicolò Baronci
Audio Post Production: Vanni Tagliavento",2018-12-21 05:00:00+00:00,179,12028,294,7,False,PT2M27S,147,hd,false,True,andrea bocelli|opera|matteo bocelli|billboard|tenor|classic music|bocelli 2018|bocelli interview|bocelli commentary|ed sheeran|dua lipa|josh groban,10,en,none,2018,2819,False,False,2.45,0.02444296641170602,0.0005819753907549052,4.26676126285917
9Xg6WxYv13w,Andrea Bocelli - If Only (Qualcosa Più Dell'Oro) (Commentary),"Andrea Bocelli - If Only (Qualcosa Più Dell'Oro) (Commentary)


Subscribe to Andrea Bocelli’s YouTube channel & ring the bell to never miss a new video: https://AndreaBocelli.lnk.to/YTSignUpID

Sign up for Andrea Bocelli’s Email List: https://AndreaBocelli.lnk.to/MailingListSignUpID

Follow Andrea Bocelli: 
Instagram: https://www.instagram.com/andreabocelliofficial
Facebook: https://www.facebook.com/andreabocelli/YouTube
YouTube: https://www.youtube.com/channel/UCb4JB8-ZAeceuR7EPCPOPzg
TikTok:  https://www.tiktok.com/@andreabocelliof?lang=en
X: https://x.com/AndreaBocelliWebsite
Website: https://www.andreabocelli.com/
#AndreaBocelli #Bocelli #IfOnly #QualcosaPiùDell'Oro #Commentary

© 2018 Sugar S.r.l., under exclusive license to Decca Records, a division of Universal Music Operations Ltd

""Sì"", the new album from Andrea Bocelli, available here: https://andreabocelli.lnk.to/SiAlbumYT

Follow Andrea Bocelli on:
Facebook - https://www.facebook.com/andreabocelli
Instagram - https://www.instagram.com/andreabocelliofficial
Twitter - https://twitter.com/AndreaBocelli/
YouTube - https://www.youtube.com/andreabocelli

“Sì” Andrea Bocelli Official Commentary

Videos produced by Strani Rumori Studio for Sugar S.r.l. Under exclusive license to Decca Records, a division of Universal Music Operations Ltd

©&(P) 2018 Sugar S.r.l.
Executive Producer: Ivano Berti
Director: Luca Scota
Edited by Diletta Fernandez
Color Grading: Tiziano Fioriti
Cameras: Riccardo Marianeschi, Cristian Alberini, Gianluca Mazza, Diletta Fernandez, Tiziano Fioriti, Ragni Michele, Antonio Cozzari
Drone operator for Strani Rumori Studio: Nicolò Baronci
Audio Post Production: Vanni Tagliavento",2018-12-18 05:00:00+00:00,180,222216,2533,77,False,PT1M28S,88,hd,false,True,andrea bocelli|opera|matteo bocelli|billboard|tenor|classic music|bocelli 2018|bocelli interview|bocelli commentary|ed sheeran|dua lipa|josh groban|Andrea Bocelli If Only (Qualcosa Più Dell'Oro) (Commentary)|If Only (Qualcosa Più Dell'Oro) (Commentary)|If Only|(Qualcosa Più Dell'Oro)|(Commentary),10,en,none,2018,2822,False,False,1.4666666666666666,0.011398819166936674,0.0003465097022716636,78.74415308291991
WECD1l0r0EQ,Andrea Bocelli - Gloria the Gift of Life (Commentary),"Gloria (Commentary)
© 2018 Sugar S.r.l., under exclusive license to Decca Records, a division of Universal Music Operations Ltd

""Sì"", the new album from Andrea Bocelli, available here: https://andreabocelli.lnk.to/SiAlbumYT


Subscribe to Andrea Bocelli’s YouTube channel & ring the bell to never miss a new video: https://AndreaBocelli.lnk.to/YTSignUpID

Sign up for Andrea Bocelli’s Email List: https://AndreaBocelli.lnk.to/MailingListSignUpID

Follow Andrea Bocelli: 
Instagram: https://www.instagram.com/andreabocelliofficial
Facebook: https://www.facebook.com/andreabocelli/YouTube
YouTube: https://www.youtube.com/channel/UCb4JB8-ZAeceuR7EPCPOPzg
TikTok:  https://www.tiktok.com/@andreabocelliof?lang=en
X: https://x.com/AndreaBocelliWebsite
Website: https://www.andreabocelli.com/
#AndreaBocelli #Bocelli #Sì #OfficialCommentary

Videos produced by Strani Rumori Studio for Sugar S.r.l. Under exclusive license to Decca Records, a division of Universal Music Operations Ltd

©&(P) 2018 Sugar S.r.l.
Executive Producer: Ivano Berti
Director: Luca Scota
Edited by Diletta Fernandez
Color Grading: Tiziano Fioriti
Cameras: Riccardo Marianeschi, Cristian Alberini, Gianluca Mazza, Diletta Fernandez, Tiziano Fioriti, Ragni Michele, Antonio Cozzari
Drone operator for Strani Rumori Studio: Nicolò Baronci
Audio Post Production: Vanni Tagliavento

http://vevo.ly/ns2mBJ",2018-12-14 05:00:02+00:00,181,414621,4314,133,False,PT1M56S,116,hd,false,True,andrea bocelli|opera|matteo bocelli|billboard|tenor|classic music|bocelli 2018|bocelli interview|bocelli commentary|ed sheeran|dua lipa|josh groban|Andrea Bocelli Gloria the Gift of Life (Commentary)|Gloria the Gift of Life (Commentary)|commentary,10,en,none,2018,2826,False,False,1.9333333333333333,0.010404682830826224,0.0003207748763328437,146.71656050955414
EO6vE814n6s,Andrea Bocelli - Un'Anima (Commentary),"Andrea Bocelli - Un'Anima (Commentary)
© 2018 Sugar S.r.l., under exclusive license to Decca Records, a division of Universal Music Operations Ltd

""Sì"", the new album from Andrea Bocelli, available here: https://andreabocelli.lnk.to/SiAlbumYT

Subscribe to Andrea Bocelli’s YouTube channel & ring the bell to never miss a new video: https://AndreaBocelli.lnk.to/YTSignUpID

Sign up for Andrea Bocelli’s Email List: https://AndreaBocelli.lnk.to/MailingListSignUpID

Follow Andrea Bocelli: 
Instagram: https://www.instagram.com/andreabocelliofficial
Facebook: https://www.facebook.com/andreabocelli/YouTube
YouTube: https://www.youtube.com/channel/UCb4JB8-ZAeceuR7EPCPOPzg
TikTok:  https://www.tiktok.com/@andreabocelliof?lang=en
X: https://x.com/AndreaBocelliWebsite
Website: https://www.andreabocelli.com/
#AndreaBocelli #Bocelli #Un'Anima #Commentary

Videos produced by Strani Rumori Studio for Sugar S.r.l. Under exclusive license to Decca Records, a division of Universal Music Operations Ltd
©&(P) 2018 Sugar S.r.l.
Executive Producer: Ivano Berti
Director: Luca Scota
Edited by Diletta Fernandez
Color Grading: Tiziano Fioriti
Cameras: Riccardo Marianeschi, Cristian Alberini, Gianluca Mazza, Diletta Fernandez, Tiziano Fioriti, Ragni Michele, Antonio Cozzari
Drone operator for Strani Rumori Studio: Nicolò Baronci
Audio Post Production: Vanni Tagliavento
International Production Manager for Sugar S.r.l.: Francesco Pasquero",2018-12-11 05:00:00+00:00,182,225519,2582,103,False,PT2M14S,134,hd,false,True,Sugarmusic|Andrea Bocelli|Pop|andrea bocelli|opera|matteo bocelli|billboard|un’anima|andrea bocelli commentary|Un'Anima #Commentary,10,en,none,2018,2829,False,False,2.2333333333333334,0.01144914619167343,0.0004567242671349199,79.7168610816543
Zs6UixTGmNU,"Andrea Bocelli, Aida Garifullina - Ave Maria Pietas (Commentary)","Andrea Bocelli, Aida Garifullina - Ave Maria Pietas (Commentary)

Subscribe to Andrea Bocelli’s YouTube channel & ring the bell to never miss a new video: https://AndreaBocelli.lnk.to/YTSignUpID

Sign up for Andrea Bocelli’s Email List: https://AndreaBocelli.lnk.to/MailingListSignUpID

Follow Andrea Bocelli: 
Instagram: https://www.instagram.com/andreabocelliofficial
Facebook: https://www.facebook.com/andreabocelli/YouTube
YouTube: https://www.youtube.com/channel/UCb4JB8-ZAeceuR7EPCPOPzg
TikTok:  https://www.tiktok.com/@andreabocelliof?lang=en
X: https://x.com/AndreaBocelliWebsite
Website: https://www.andreabocelli.com/
#AndreaBocelli #Bocelli #Aida Garifullina #AveMariaPietas #Commentary

Ave Maria Pietas (Commentary)
© 2018 Sugar S.r.l., under exclusive license to Decca Records, a division of Universal Music Operations Ltd

""Sì"" from Andrea Bocelli, available here: https://andreabocelli.lnk.to/SiAlbumYT
“Sì” Andrea Bocelli Official Commentary

Videos produced by Strani Rumori Studio for Sugar S.r.l. Under exclusive license to Decca Records, a division of Universal Music Operations Ltd
©&(P) 2018 Sugar S.r.l.
Executive Producer: Ivano Berti
Director: Luca Scota
Edited by Diletta Fernandez
Color Grading: Tiziano Fioriti
Cameras: Riccardo Marianeschi, Cristian Alberini, Gianluca Mazza, Diletta Fernandez, Tiziano Fioriti, Ragni Michele, Antonio Cozzari
Drone operator for Strani Rumori Studio: Nicolò Baronci
Audio Post Production: Vanni Tagliavento
International Production Manager for Sugar S.r.l.: Francesco Pasquero",2018-12-07 05:00:04+00:00,183,120133,2220,104,False,PT2M13S,133,hd,false,True,Sugarmusic|Andrea Bocelli|Pop|andrea bocelli|opera|matteo bocelli|billboard|aida garifullina|ave maria|Aida Garifullina Ave Maria Pietas (Commentary)|Aida Garifullina|Ave Maria Pietas|(Commentary)|INTERVIEW,10,en,none,2018,2833,False,False,2.216666666666667,0.01847951853362523,0.0008657071745482091,42.404871161313096
H0wLwUQ-WdM,"Andrea Bocelli, Aida Garifullina - Ave Maria Pietas (Official Music Video)","Andrea Bocelli, Aida Garifullina - Ave Maria Pietas (Official Music Video)

Subscribe to Andrea Bocelli’s YouTube channel & ring the bell to never miss a new video: https://AndreaBocelli.lnk.to/YTSignUpID

Sign up for Andrea Bocelli’s Email List: https://AndreaBocelli.lnk.to/MailingListSignUpID

Follow Andrea Bocelli: 
Instagram: https://www.instagram.com/andreabocelliofficial
Facebook: https://www.facebook.com/andreabocelli/YouTube
YouTube: https://www.youtube.com/channel/UCb4JB8-ZAeceuR7EPCPOPzg
TikTok:  https://www.tiktok.com/@andreabocelliof?lang=en
X: https://x.com/AndreaBocelliWebsite
Website: https://www.andreabocelli.com/
#AndreaBocelli #Bocelli #AidaGarifullina #AveMariaPietas 

Get your copy of ""Sì"", the new album from Andrea Bocelli, here: https://andreabocelli.lnk.to/SiAlbumYT

Follow Andrea Bocelli on:
Facebook - https://www.facebook.com/andreabocelli
Instagram - https://www.instagram.com/andreabocelliofficial
Twitter - https://twitter.com/AndreaBocelli/
YouTube - https://www.youtube.com/andreabocelli

©&(P) 2018 Sugar S.r.l.
Under exclusive license to Decca Records, a division of Universal Music Operations Ltd

AUDIO
Lyrics: liturgical / Music by Danijel Vuletic - Mauro Malavasi
Publishing: Sugarmusic S.p.a. / Almud Ed. Mus. S.r.l.
Produced by Bob Ezrin and Mauro Malavasi
Mixed by Bob Ezrin
Andrea Bocelli voice recorded by Pierpaolo Guerrini at San Leonardo Abatate Church in Lajatico, Tuscany, Italy
AB vocals engineered by Pierpaolo Guerrini at AB Studio, Forte dei Marmi, Italy and PPG Studio in S. Pietro Belvedere, Pisa, Italy
Additional engineering by Justin Cortelyou
Aida vocals engineered by Pierpaolo Guerrini at Studio26, Antibes, France, assisted by Fred Bètin
Mix engineered by Justin Cortelyou at Anarchy Studios, Nashville, Tennessee, USA
Assistant mix engineer: Kyle Blunt
Orchestra arranged and conducted by John Metcalfe
Orchestra recorded by Jonathan Allen at Air Lyndhurst Studios London, UK
Assistant recording engineer: Alex Fergusson
Recordist: Adam Miller
Orchestra Contractor: Lucy Whalley for Isobel Griffiths Ltd.
Orchestra Leader: Everton Nelson
Additional piano by Andrea Bocelli
Librarian: Dave Foster
Flute: Andrea Bocelli
Mastered by Bob Ludwig at Gateway Mastering Studios Inc, Portland, Maine, USA
Aida Garifullina appears courtesy of Decca Music Group Limited

VIDEO
A production by Sugar S.r.l. licensed internationally to Decca Records UK
International Production Manager for Sugar Srl: Francesco Pasquero
Director, DOP: Gaetano Morbioli
Editing and motion graphic: Mauro Pittarello
Production House: Run Multimedia
Director Assistant: Peter Facchetti
Producer: Carlotta De Conti
Production Assistant: Anna Zavatteri and Silvia Bertucco
Technical Manager: Guglielmo Magagna
Set’s assistant: Alberto Bonturi and Luca Orlandi
Male Dancer: Sergei Pollunin
Female Dancer: Francesca Malacarne
Coreographer: Kristian Cellini
Styling: Alberto e Ilaria Bartalini
Make up and Hair style AB and Female Dancer: Antonella Melani and Chiara Marinosci
Make up AG and Male Dancer: Michela Dalla Brea
Hair style AG and Male Dancer: Laura Scandurra
Location: Chiesa di S. Anastasia, Verona Italy

Special thanks to Aida Garifullina, Associazione Chiese Vive di Verona, Sergei Pollunin and Francesca Malacarne.",2018-11-26 23:01:00+00:00,184,2689583,24157,895,False,PT4M28S,268,hd,false,True,andrea bocelli|opera|matteo bocelli|billboard|aida garifullina|ave maria|Andrea Bocelli|Aida Garifullina Ave Maria Pietas (Official Music Video)|Aida Garifullina|-Ave Maria Pietas (Official Music Video)|(Official Music Video)|Ave Maria Pietas,10,en,none,2018,2843,False,False,4.466666666666667,0.00898168972662305,0.00033276533945968573,946.0369328174463
xQVz_kmZxWU,Andrea Bocelli - Sì - Behind the Scenes Part.5,"Andrea Bocelli - Sì - Behind the Scenes Part.5

Buy or stream ""Sì"", the new album from Andrea Bocelli, here: https://andreabocelli.lnk.to/SiAlbumYT

Subscribe to Andrea Bocelli’s YouTube channel & ring the bell to never miss a new video: https://AndreaBocelli.lnk.to/YTSignUpID

Sign up for Andrea Bocelli’s Email List: https://AndreaBocelli.lnk.to/MailingListSignUpID

Follow Andrea Bocelli: 
Instagram: https://www.instagram.com/andreabocelliofficial
Facebook: https://www.facebook.com/andreabocelli/YouTube
YouTube: https://www.youtube.com/channel/UCb4JB8-ZAeceuR7EPCPOPzg
TikTok:  https://www.tiktok.com/@andreabocelliof?lang=en
X: https://x.com/AndreaBocelliWebsite
Website: https://www.andreabocelli.com/
#AndreaBocelli #Bocelli #Sì #Behind the Scenes

“Sì” Andrea Bocelli Official EPK
A Project by Sugar S.r.l. licensed to Decca Records UK

Produced by Strani Rumori Studio for Sugar S.r.l.
Director: Luca Scota
Edited by Diletta Fernandez
International Production Manager: Francesco Pasquero
Executive Producer: Ivano Berti
Color Grading: Tiziano Fioriti
Cameras: Riccardo Marianeschi, Cristian Alberini, Gianluca Mazza, Diletta Fernandez, Tiziano Fioriti, Ragni Michele, Antonio Cozzari
Drone operator for Strani Rumori Studio: Nicolò Baronci
Audio Post Production: Vanni Tagliavento

© 2018 Sugar S.r.l., under exclusive license to Decca Records, a division of Universal Music Operations Ltd",2018-11-20 09:00:10+00:00,185,252605,3044,152,False,PT1M11S,71,hd,false,True,Andrea bocelli|fall on me|andrea bocelli ed sheeran live|matteo bocelli|vivo per lei|time to say goodbye|con te partirò|andrea bocelli ariana grande|andrea bocelli live|nessun dorma|full album|por ti volarè|ave maria|the prayer|Andrea Bocelli Sì Behind the Scenes Part.5|Andrea Bocelli|Sì|Behind the Scenes|Part.5,10,en,none,2018,2849,False,False,1.1833333333333333,0.012050434472793492,0.0006017299736743137,88.66444366444367
KfmbLMguiE0,Andrea Bocelli - Sì - Behind the Scenes Part. 4,"Andrea Bocelli - Sì - Behind the Scenes Part. 4

Buy or stream ""Sì"", the new album from Andrea Bocelli, here: https://andreabocelli.lnk.to/SiAlbumYT

Subscribe to Andrea Bocelli’s YouTube channel & ring the bell to never miss a new video: https://AndreaBocelli.lnk.to/YTSignUpID

Sign up for Andrea Bocelli’s Email List: https://AndreaBocelli.lnk.to/MailingListSignUpID

Follow Andrea Bocelli: 
Instagram: https://www.instagram.com/andreabocelliofficial
Facebook: https://www.facebook.com/andreabocelli/YouTube
YouTube: https://www.youtube.com/channel/UCb4JB8-ZAeceuR7EPCPOPzg
TikTok:  https://www.tiktok.com/@andreabocelliof?lang=en
X: https://x.com/AndreaBocelliWebsite
Website: https://www.andreabocelli.com/
#AndreaBocelli #Bocelli #Sì #Behind the Scenes 

“Sì” Andrea Bocelli Official EPK
A Project by Sugar S.r.l. licensed to Decca Records UK

Produced by Strani Rumori Studio for Sugar S.r.l.
Director: Luca Scota
Edited by Diletta Fernandez
International Production Manager: Francesco Pasquero
Executive Producer: Ivano Berti
Color Grading: Tiziano Fioriti
Cameras: Riccardo Marianeschi, Cristian Alberini, Gianluca Mazza, Diletta Fernandez, Tiziano Fioriti, Ragni Michele, Antonio Cozzari
Drone operator for Strani Rumori Studio: Nicolò Baronci
Audio Post Production: Vanni Tagliavento

© 2018 Sugar S.r.l., under exclusive license to Decca Records, a division of Universal Music Operations Ltd",2018-11-16 09:00:02+00:00,186,194186,2781,89,False,PT2M12S,132,hd,false,True,Andrea bocelli|fall on me|andrea bocelli ed sheeran live|matteo bocelli|vivo per lei|time to say goodbye|con te partirò|andrea bocelli ariana grande|andrea bocelli live|nessun dorma|full album|por ti volarè|ave maria|the prayer|Andrea Bocelli Sì Behind the Scenes Part.|Andrea Bocelli|Sì|Behind the Scenes|Part.,10,en,none,2018,2853,False,False,2.2,0.014321320795525939,0.0004583234630714882,68.06379249912374
h2OrGcwBRjM,Andrea Bocelli - Sì - Behind the Scenes Part.3,"Andrea Bocelli - Sì - Behind the Scenes Part.3

Buy or stream ""Sì"", the new album from Andrea Bocelli, here: https://andreabocelli.lnk.to/SiAlbumYT

Sign up for Andrea Bocelli’s Email List: https://AndreaBocelli.lnk.to/MailingListSignUpID

Follow Andrea Bocelli: 
Instagram: https://www.instagram.com/andreabocelliofficial
Facebook: https://www.facebook.com/andreabocelli/YouTube
YouTube: https://www.youtube.com/channel/UCb4JB8-ZAeceuR7EPCPOPzg
TikTok:  https://www.tiktok.com/@andreabocelliof?lang=en
X: https://x.com/AndreaBocelliWebsite
Website: https://www.andreabocelli.com/
#AndreaBocelli #Bocelli #Sì #BehindTheScenes

 
“Sì” Andrea Bocelli Official EPK
A Project by Sugar S.r.l. licensed to Decca Records UK

Produced by Strani Rumori Studio for Sugar S.r.l.
Director: Luca Scota
Edited by Diletta Fernandez
International Production Manager: Francesco Pasquero
Executive Producer: Ivano Berti
Color Grading: Tiziano Fioriti
Cameras: Riccardo Marianeschi, Cristian Alberini, Gianluca Mazza, Diletta Fernandez, Tiziano Fioriti, Ragni Michele, Antonio Cozzari
Drone operator for Strani Rumori Studio: Nicolò Baronci
Audio Post Production: Vanni Tagliavento

© 2018 Sugar S.r.l., under exclusive license to Decca Records, a division of Universal Music Operations Ltd",2018-11-13 09:00:04+00:00,187,339785,4341,126,False,PT3M10S,190,hd,false,True,Andrea bocelli|fall on me|andrea bocelli ed sheeran live|matteo bocelli|vivo per lei|time to say goodbye|con te partirò|andrea bocelli ariana grande|andrea bocelli live|nessun dorma|full album|por ti volarè|ave maria|the prayer|BehindTheScenes|BEHIND THE SCENES,10,en,none,2018,2856,False,False,3.1666666666666665,0.01277572582662566,0.0003708227261356446,118.97233893557423
aR_GmI-mdgU,Andrea Bocelli - Sì - Behind the Scenes Part. 2,"Andrea Bocelli - Sì - Behind the Scenes Part. 2

Sign up for Andrea Bocelli’s Email List: https://AndreaBocelli.lnk.to/MailingListSignUpID

Follow Andrea Bocelli: 
Instagram: https://www.instagram.com/andreabocelliofficial
Facebook: https://www.facebook.com/andreabocelli/YouTube
YouTube: https://www.youtube.com/channel/UCb4JB8-ZAeceuR7EPCPOPzg
TikTok:  https://www.tiktok.com/@andreabocelliof?lang=en
X: https://x.com/AndreaBocelliWebsite
Website: https://www.andreabocelli.com/
#AndreaBocelli #Bocelli #Sì #BehindTheScenes


Buy or stream ""Sì"", the new album from Andrea Bocelli, here: https://andreabocelli.lnk.to/SiAlbumYT
----
“Sì” Andrea Bocelli Official EPK
A Project by Sugar S.r.l. licensed to Decca Records UK

Produced by Strani Rumori Studio for Sugar S.r.l.
Director: Luca Scota
Edited by Diletta Fernandez
International Production Manager: Francesco Pasquero
Executive Producer: Ivano Berti
Color Grading: Tiziano Fioriti
Cameras: Riccardo Marianeschi, Cristian Alberini, Gianluca Mazza, Diletta Fernandez, Tiziano Fioriti, Ragni Michele, Antonio Cozzari
Drone operator for Strani Rumori Studio: Nicolò Baronci
Audio Post Production: Vanni Tagliavento
 
© 2018 Sugar S.r.l., under exclusive license to Decca Records, a division of Universal Music Operations Ltd",2018-11-06 09:00:00+00:00,188,380317,4644,142,False,PT2M18S,138,hd,false,True,Andrea bocelli|fall on me|andrea bocelli ed sheeran live|matteo bocelli|vivo per lei|time to say goodbye|con te partirò|andrea bocelli ariana grande|andrea bocelli live|nessun dorma|full album|por ti volarè|ave maria|the prayer|BehindTheScenes|bts,10,en,none,2018,2863,False,False,2.3,0.012210866198460757,0.00037337273905715495,132.83863080684597
f6HM7-va_1I,"Andrea Bocelli, Dua Lipa - If Only (Backstage)","Andrea Bocelli, Dua Lipa - If Only (Backstage)

Subscribe to Andrea Bocelli’s YouTube channel & ring the bell to never miss a new video: https://AndreaBocelli.lnk.to/YTSignUpID

Sign up for Andrea Bocelli’s Email List: https://AndreaBocelli.lnk.to/MailingListSignUpID

Follow Andrea Bocelli: 
Instagram: https://www.instagram.com/andreabocelliofficial
Facebook: https://www.facebook.com/andreabocelli/YouTube
YouTube: https://www.youtube.com/channel/UCb4JB8-ZAeceuR7EPCPOPzg
TikTok:  https://www.tiktok.com/@andreabocelliof?lang=en
X: https://x.com/AndreaBocelliWebsite
Website: https://www.andreabocelli.com/
#AndreaBocelli #Bocelli Andrea #Dua Lipa #IfOnly 


Listen now to ""Sì"", the new album from Andrea Bocelli: https://andreabocelli.lnk.to/SiAlbumYT

Follow Andrea Bocelli on:
Facebook - https://www.facebook.com/andreabocelli/
Instagram - https://www.instagram.com/andreabocelliofficial/
Twitter - https://twitter.com/AndreaBocelli/
YouTube - https://www.youtube.com/andreabocelli/

---

A production by Sugar S.r.l. Under exclusive license to Decca Records UK
International Coordination for Sugar: Francesco Pasquero
International Production Manager for Decca UK: Sophie Hilton

Video credits
Director and D.O.P: Gaetano Morbioli
Ass.nt Director: Peter Facchetti
Editing: Gaetano Morbioli and Mauro Pittarello
Graphic Motion: Mauro Pittarello
Producer: Carlotta De Conti
Production Assistant: Anna Zavatteri
Technical Director: Guglielmo Magagna
Set Assistant: Alberto Bonturi
Andrea’s Make Up & Hair: Antonella Melani
For Dua Lipa:
Video Director - Jackson Ducasse
Exec Producer for Dua Lipa - Josh Connolly and Kenny Kavey
Director Of Photography - Emile Kelly
1st AC - Alex Neaves
Gaffer - Craig Gambell
Spark - Milo Cosemans
Trainee - Sam Baker
Runner - John Bell

Audio credits
QUALCOSA PIÙ DELL’ORO Lyrics by Lucio Quarantotto · Music by Francesco Sartori
English adaptation by Shridhar Solanki
Publishing: Sugarmusic S.p.a. / Almud Ed. Mus. S.r.l.
Produced by Bob Ezrin and Mauro Malavasi
Mixed by Bob Ezrin
AB vocals engineered by Pierpaolo Guerrini at AB Studio, Forte dei Marmi, Italy and PPG Studio in S. Pietro Belvedere, Pisa, Italy
Dua Lipa vocal recording by Cameron Gower Poole
Studio assistant: Rob Brinkmann
Recorded at RAK Studios, London
Vocal production assistant: Jess Lee
Additional engineering by Justin Cortelyou
Sound engineer & Synth programming: Alessandro Magri
Keyboards and pre-production: Francesco Sartori
Piano and arrangement: Mauro Malavasi
Mix engineered by Justin Cortelyou at Anarchy Studios, Nashville, Tennessee, USA
Assistant mixing engineer: Kyle Blunt
Orchestra arranged and conducted by John Metcalfe
Orchestra recorded by Jonathan Allen at AIR Studios, Lyndhurst Hall, London, UK
Assistant recording engineer: Alex Fergusson
Recordist: Adam Miller
Orchestra contractor: Lucy Whalley for Isobel Griffiths Ltd
Orchestra leader: Everton Nelson
Librarian: Dave Foster
Violin: Anastasiya Petryshak recorded by Pierpaolo Guerrini at AB Studio, Forte dei Marmi, Italy
Keyboards and programming: Thomas ‘Tawgs’ Salter
English vocals recorded by Pierpaolo Guerrini at AB Studio, Forte dei Marmi, Italy and PPG Studio in S. Pietro Belvedere, Pisa, Italy
Mastered by Bob Ludwig at Gateway Mastering Studios Inc., Portland, Maine, USA
Dua Lipa appears courtesy of Warner Bros. Records and Urban, a division of UMG Germany",2018-11-02 10:00:08+00:00,189,8216033,105296,1848,False,PT2M56S,176,hd,false,True,Andrea bocelli|fall on me|andrea bocelli ed sheeran live|matteo bocelli|vivo per lei|time to say goodbye|con te partirò|andrea bocelli ariana grande|andrea bocelli live|nessun dorma|full album|por ti volarè|ave maria|the prayer|Andrea Bocelli|Dua Lipa If Only (Backstage)|Andrea Bocelli Dua Lipa|If Only (Backstage)|If Only|recording studio,10,en,none,2018,2867,False,False,2.933333333333333,0.012815917365473094,0.00022492606833492514,2865.7247994419254
Jd6HfKGTIIY,"Andrea Bocelli, Dua Lipa - If Only (Official Music Video)","Andrea Bocelli & Dua Lipa - If Only (Official Music Video)
Andrea Bocelli ‘Duets’ 30th Anniversary, 30 years of bringing people together.
The definitive collection of ‘Duets’ is released Friday 25th October.
Pre-Order 'Duets' here: https://AndreaBocelli.lnk.to/DuetsID

Stream Andrea Bocelli: https://AndreaBocelli.lnk.to/streamID
Subscribe to Andrea Bocelli’s YouTube channel & ring the bell to never miss a new video: https://AndreaBocelli.lnk.to/YTSignUpID

Sign up for Andrea Bocelli’s Email List: https://AndreaBocelli.lnk.to/MailingListSignUpID

Follow Andrea Bocelli: 
Instagram: https://www.instagram.com/andreabocelliofficial
Facebook: https://www.facebook.com/andreabocelli/YouTube
YouTube: https://www.youtube.com/channel/UCb4JB8-ZAeceuR7EPCPOPzg
TikTok:  https://www.tiktok.com/@andreabocelliof?lang=en
X: https://x.com/AndreaBocelliWebsite
Website: https://www.andreabocelli.com/

#AndreaBocelli #DuaLipa #IfOnly

---

A production by Sugar S.r.l. Under exclusive license to Decca Records UK
International Coordination for Sugar: Francesco Pasquero
International Production Manager for Decca UK: Sophie Hilton

Video credits
Director and D.O.P: Gaetano Morbioli
Ass.nt Director: Peter Facchetti
Editing: Gaetano Morbioli and Mauro Pittarello
Graphic Motion: Mauro Pittarello
Producer: Carlotta De Conti
Production Assistant: Anna Zavatteri
Technical Director: Guglielmo Magagna
Set Assistant: Alberto Bonturi
Andrea’s Make Up & Hair: Antonella Melani
For Dua Lipa:
Video Director - Jackson Ducasse
Exec Producer for Dua Lipa - Josh Connolly and Kenny Kavey
Director Of Photography - Emile Kelly
1st AC - Alex Neaves
Gaffer - Craig Gambell
Spark - Milo Cosemans
Trainee - Sam Baker
Runner - John Bell

Audio credits
QUALCOSA PIÙ DELL’ORO Lyrics by Lucio Quarantotto · Music by Francesco Sartori
English adaptation by Shridhar Solanki
Publishing: Sugarmusic S.p.a. / Almud Ed. Mus. S.r.l.
Produced by Bob Ezrin and Mauro Malavasi
Mixed by Bob Ezrin
AB vocals engineered by Pierpaolo Guerrini at AB Studio, Forte dei Marmi, Italy and PPG Studio in S. Pietro Belvedere, Pisa, Italy
Dua Lipa vocal recording by Cameron Gower Poole
Studio assistant: Rob Brinkmann
Recorded at RAK Studios, London
Vocal production assistant: Jess Lee
Additional engineering by Justin Cortelyou
Sound engineer & Synth programming: Alessandro Magri
Keyboards and pre-production: Francesco Sartori
Piano and arrangement: Mauro Malavasi
Mix engineered by Justin Cortelyou at Anarchy Studios, Nashville, Tennessee, USA
Assistant mixing engineer: Kyle Blunt
Orchestra arranged and conducted by John Metcalfe
Orchestra recorded by Jonathan Allen at AIR Studios, Lyndhurst Hall, London, UK
Assistant recording engineer: Alex Fergusson
Recordist: Adam Miller
Orchestra contractor: Lucy Whalley for Isobel Griffiths Ltd
Orchestra leader: Everton Nelson
Librarian: Dave Foster
Violin: Anastasiya Petryshak recorded by Pierpaolo Guerrini at AB Studio, Forte dei Marmi, Italy
Keyboards and programming: Thomas ‘Tawgs’ Salter
English vocals recorded by Pierpaolo Guerrini at AB Studio, Forte dei Marmi, Italy and PPG Studio in S. Pietro Belvedere, Pisa, Italy
Mastered by Bob Ludwig at Gateway Mastering Studios Inc., Portland, Maine, USA
Dua Lipa appears courtesy of Warner Bros. Records and Urban, a division of UMG Germany",2018-11-02 10:00:01+00:00,190,16643916,160008,4105,False,PT3M39S,219,hd,false,True,Andrea bocelli|fall on me|andrea bocelli ed sheeran live|matteo bocelli|vivo per lei|time to say goodbye|con te partirò|andrea bocelli ariana grande|andrea bocelli live|nessun dorma|full album|por ti volarè|ave maria|the prayer|dua lipa|dua lipa live|if only|andrea bocelli and dua lipa|official music video|duets,10,en,none,2018,2867,False,False,3.65,0.009613602952574383,0.00024663666891854057,5805.342169515173
7C8j7rhvnhE,Andrea Bocelli - Sì - Behind the Scenes Part.1,"Andrea Bocelli - Sì - Behind the Scenes Part.1

Listen or buy ""Fall on Me"" here: https://andreabocelli.lnk.to/BocelliFallOnMeYT
Listen ""Sì"", the new album from Andrea Bocelli, here: https://andreabocelli.lnk.to/SiAlbumYT
Sign up for Andrea Bocelli’s Email List: https://AndreaBocelli.lnk.to/MailingListSignUpID
Follow Andrea Bocelli: 
Instagram: https://www.instagram.com/andreabocelliofficial
Facebook: https://www.facebook.com/andreabocelli/YouTube
YouTube: https://www.youtube.com/channel/UCb4JB8-ZAeceuR7EPCPOPzg
TikTok:  https://www.tiktok.com/@andreabocelliof?lang=en
X: https://x.com/AndreaBocelliWebsite
Website: https://www.andreabocelli.com/
#AndreaBocelli #Bocelli #Sì #Behind the Scenes

“Sì” Andrea Bocelli Official EPK
A Project by Sugar S.r.l. licensed to Decca Records UK

Produced by Strani Rumori Studio for Sugar S.r.l.
Director: Luca Scota
Edited by Diletta Fernandez
International Production Manager: Francesco Pasquero
Executive Producer: Ivano Berti
Color Grading: Tiziano Fioriti
Cameras: Riccardo Marianeschi, Cristian Alberini, Gianluca Mazza, Diletta Fernandez, Tiziano Fioriti, Ragni Michele, Antonio Cozzari
Drone operator for Strani Rumori Studio: Nicolò Baronci
Audio Post Production: Vanni Tagliavento

© 2018 Sugar S.r.l., under exclusive license to Decca Records, a division of Universal Music Operations Ltd",2018-10-30 09:00:00+00:00,191,245562,2829,109,False,PT2M6S,126,hd,false,True,Andrea bocelli|fall on me|andrea bocelli ed sheeran live|matteo bocelli|vivo per lei|time to say goodbye|con te partirò|andrea bocelli ariana grande|andrea bocelli live|nessun dorma|full album|por ti volarè|ave maria|the prayer|Sì Behind the Scenes Part.1|Behind the Scenes,10,en,none,2018,2870,False,False,2.1,0.011520512131355829,0.00044387975338203796,85.5616724738676
7pZLa9D0tzE,"Andrea Bocelli, Raphael Gualazzi - Vertigo (Audio)","Andrea Bocelli - Vertigo (feat. Raphael Gualazzi At The Piano) [Audio]

Listen now to ""Sì"", the new album from Andrea Bocelli: https://andreabocelli.lnk.to/SiAlbumYT 

Sign up for Andrea Bocelli’s Email List: https://AndreaBocelli.lnk.to/MailingListSignUpID
Follow Andrea Bocelli: 
Instagram: https://www.instagram.com/andreabocelliofficial
Facebook: https://www.facebook.com/andreabocelli/YouTube
YouTube: https://www.youtube.com/channel/UCb4JB8-ZAeceuR7EPCPOPzg
TikTok:  https://www.tiktok.com/@andreabocelliof?lang=en
X: https://x.com/AndreaBocelliWebsite
Website: https://www.andreabocelli.com/
#AndreaBocelli #Bocelli #Sì #Vertigo#RaphaelGualazzi 

© 2018 Sugar S.r.l., under exclusive license to Decca Records, a division of Universal Music Operations Ltd and Disney Enterprises, Inc.

Lyrics and Music by Raffaele Gualazzi
Publishing: Peermusic Italy S.r.l. / Sugarmusic S.p.a. / Almud Ed. Mus. S.r.l.

Produced by Mauro Malavasi
Mixed by Bob Ezrin and Justin Cortelyou
Assistant mix engineer: Kyle Blunt
Piano by Raphael Gualazzi
Orchestra ensemble: VU Session 
Conductor and viola solo: Valentino Corvino
Recorded at Fonoprint Studio (Bologna, Italy)
AB vocals recorded by Pierpaolo Guerrini at PPG Studio in S. Pietro Belvedere, Pisa, Italy
Mastered by Bob Ludwig at Gateway Mastering Studios Inc, Portland, Maine, USA

http://vevo.ly/RCZtfW",2018-10-26 13:44:06+00:00,192,520178,2900,110,False,PT4M36S,276,hd,false,True,Andrea bocelli|fall on me|andrea bocelli ed sheeran live|matteo bocelli|vivo per lei|time to say goodbye|con te partirò|andrea bocelli ariana grande|andrea bocelli live|nessun dorma|full album|por ti volarè|ave maria|the prayer|Vertigo|Raphael Gualazzi|Raphael Gualazzi PIANO,10,en,none,2018,2874,False,False,4.6,0.005575014706504312,0.00021146607507430148,180.9944328462074
nV9WJqx5CTg,"Andrea Bocelli, Aida Garifullina - Ave Maria Pietas (Audio)","Andrea Bocelli, Aida Garifullina - Ave Maria Pietas (Audio)

Listen now to ""Sì"", the new album from Andrea Bocelli: https://andreabocelli.lnk.to/SiAlbumYT 
Sign up for Andrea Bocelli’s Email List: https://AndreaBocelli.lnk.to/MailingListSignUpID
Follow Andrea Bocelli: 
Instagram: https://www.instagram.com/andreabocelliofficial
Facebook: https://www.facebook.com/andreabocelli/YouTube
YouTube: https://www.youtube.com/channel/UCb4JB8-ZAeceuR7EPCPOPzg
TikTok:  https://www.tiktok.com/@andreabocelliof?lang=en
X: https://x.com/AndreaBocelliWebsite
Website: https://www.andreabocelli.com/
#AndreaBocelli #Bocelli #Sì #AidaGarifullina #AveMariaPietas

© 2018 Sugar S.r.l., under exclusive license to Decca Records, a division of Universal Music Operations Ltd and Disney Enterprises, Inc.

Lyrics: liturgical / Music by Danijel Vuletic - Mauro Malavasi
Publishing: Sugarmusic S.p.a. / Almud Ed. Mus. S.r.l.

Produced by Bob Ezrin and Mauro Malavasi
Mixed by Bob Ezrin 
Andrea Bocelli voice recorded by Pierpaolo Guerrini at San Leonardo Abatate Church in Lajatico, Tuscany, Italy
AB vocals engineered by Pierpaolo Guerrini at AB Studio, Forte dei Marmi, Italy and PPG Studio in S. Pietro Belvedere, Pisa, Italy
Additional engineering by Justin Cortelyou 
Aida vocals engineered by Pierpaolo Guerrini at Studio26, Antibes, France, assisted by Fred Bètin
Mix engineered by Justin Cortelyou at Anarchy Studios, Nashville, Tennessee, USA
Assistant mix engineer: Kyle Blunt
Orchestra arranged and conducted by John Metcalfe
Orchestra recorded by Jonathan Allen at Air Lyndhurst Studios London, UK
Assistant recording engineer: Alex Fergusson
Recordist: Adam Miller
Orchestra Contractor: Lucy Whalley for Isobel Griffiths Ltd.
Orchestra Leader: Everton Nelson
Additional piano by Andrea Bocelli
Librarian: Dave Foster
Flute: Andrea Bocelli
Mastered by Bob Ludwig at Gateway Mastering Studios Inc, Portland, Maine, USA

Aida Garifullina appears courtesy of Decca Music Group Limited

http://vevo.ly/BX4bti",2018-10-26 09:00:10+00:00,193,299615,1661,69,False,PT4M13S,253,hd,false,True,Andrea bocelli|fall on me|andrea bocelli ed sheeran live|matteo bocelli|vivo per lei|time to say goodbye|con te partirò|andrea bocelli ariana grande|andrea bocelli live|nessun dorma|full album|por ti volarè|ave maria|the prayer|Aida Garifullina Ave Maria Pietas (Audio)|Aida Garifullina|Ave Maria Pietas|Audio),10,en,none,2018,2874,False,False,4.216666666666667,0.00554378118585518,0.00023029554595063666,104.25017397355602
nhIhcdKUUBc,Andrea Bocelli - Miele impuro (audio),"Andrea Bocelli - Miele impuro (audio)

Listen now to ""Sì"", the new album from Andrea Bocelli: https://andreabocelli.lnk.to/SiAlbumYT 

Subscribe to Andrea Bocelli’s YouTube channel & ring the bell to never miss a new video: https://AndreaBocelli.lnk.to/YTSignUpID

Sign up for Andrea Bocelli’s Email List: https://AndreaBocelli.lnk.to/MailingListSignUpID
Follow Andrea Bocelli: 
Instagram: https://www.instagram.com/andreabocelliofficial
Facebook: https://www.facebook.com/andreabocelli/YouTube
YouTube: https://www.youtube.com/channel/UCb4JB8-ZAeceuR7EPCPOPzg
TikTok:  https://www.tiktok.com/@andreabocelliof?lang=en
X: https://x.com/AndreaBocelliWebsite
Website: https://www.andreabocelli.com/
#AndreaBocelli #Bocelli #MieleImpuro #Sì

© 2018 Sugar S.r.l., under exclusive license to Decca Records, a division of Universal Music Operations Ltd and Disney Enterprises, Inc.

Lyrics by Emilio Rentocchini / Music by Francesco Sartori
Publishing: Sugarmusic S.p.a. / Almud Ed. Mus. S.r.l.

Produced and mixed by Bob Ezrin 
AB vocals engineered by Pierpaolo Guerrini at AB Studio, Forte dei Marmi, Italy and PPG Studio in S. Pietro Belvedere, Pisa, Italy
Additional engineering by Justin Cortelyou 
Mix engineered by Justin Cortelyou at Anarchy Studios, Nashville, Tennessee, USA
Assistant mix engineer: Kyle Blunt
Orchestra arranged and conducted by John Metcalfe
Orchestra recorded by Jonathan Allen at Air Lyndhurst Studios London, UK
Assistant recording engineer: Alex Fergusson
Recordist: Adam Miller
Orchestra Contractor: Lucy Whalley for Isobel Griffiths Ltd.
Orchestra Leader: Everton Nelson
Librarian: Dave Foster
Keyboards and programming: Thomas “Tawgs” Salter
Keybords and piano preproduction: Francesco Sartori
Mastered by Bob Ludwig at Gateway Mastering Studios Inc, Portland, Maine, USA

http://vevo.ly/yOw6iC",2018-10-26 09:00:10+00:00,194,393739,2095,80,False,PT3M10S,190,hd,false,True,Andrea bocelli|fall on me|andrea bocelli ed sheeran live|matteo bocelli|vivo per lei|time to say goodbye|con te partirò|andrea bocelli ariana grande|andrea bocelli live|nessun dorma|full album|por ti volarè|ave maria|the prayer|Miele Impuro|#Sì,10,en,none,2018,2874,False,False,3.1666666666666665,0.0053207835647472055,0.000203180279322089,137.00034794711203
swBiCtezKZ8,"Andrea Bocelli, Josh Groban - We Will Meet Once Again (Audio)","Andrea Bocelli, Josh Groban - We Will Meet Once Again (Audio)

Listen now to ""Sì"", the new album from Andrea Bocelli: https://andreabocelli.lnk.to/SiAlbumYT 

Sign up for Andrea Bocelli’s Email List: https://AndreaBocelli.lnk.to/MailingListSignUpID

Follow Andrea Bocelli: 
Instagram: https://www.instagram.com/andreabocelliofficial
Facebook: https://www.facebook.com/andreabocelli/YouTube
YouTube: https://www.youtube.com/channel/UCb4JB8-ZAeceuR7EPCPOPzg
TikTok:  https://www.tiktok.com/@andreabocelliof?lang=en
X: https://x.com/AndreaBocelliWebsite
Website: https://www.andreabocelli.com/
#AndreaBocelli #Bocelli #Sì #JoshGroban #WeWillMeetOnceAgain

© 2018 Sugar S.r.l., under exclusive license to Decca Records, a division of Universal Music Operations Ltd and Disney Enterprises, Inc.

Lyrics by Marco Guazzone – Andrea Bocelli
Music by Josh Groban – Bernie Herms – Toby Gad – Jacqueline Nemorin 
Publishing: 2018 Josh Groban Music (BMI)/ Works by Pure Note Songs / Xeva Music (BMI) on behalf of itself/Atlas Music Publishing on behalf of itself and Gadfly Songs (ASCAP)/ Jacqueline Nemorin Publishing Designee /Sugarmusic S.p.a. / Almud Ed. Mus. S.r.l./ Metatron S.r.l.

Produced by Bernie Herms for SoulFuel Productions
Vocals and Piano Recorded by Jorge Vivo at Westlake Studios (Los Angeles, CA) 
Andrea Bocelli Vocal Recorded by Pierpaolo Guerrini, sound engineer at the PPG Studios (Italy, Pisa)
Orchestra Recorded by Geoff Foster at AIR Studios, Lyndhurst Hall (London)
ProTools Operator: Alex Ferguson
Orchestra Arranged by Bernie Herms
Orchestrated by Bernie Herms and David Hamilton
Additional Arranging: David Hamilton
Edited by Jorge Vivo, Andy Selby
Mixed by Andy Selby and Bernie Herms at SouFuel Studio (Nashville, TN)
Mastered by Chris Gehringer at Sterling Sound (New York, NY)
Production Manager: Ken Johnson / kjproservices.com
Piano, Programming: Bernie Herms
Orchestra: London Studio Orchestra, contracted by Isobel Griffiths and Susie Gillis
Concertmaster: Everton Nelson
Conducted by Gavin Greenaway
Librarian: David Hage

Josh Groban appears courtesy of Reprise Records

http://vevo.ly/cLffUA",2018-10-26 09:00:08+00:00,195,1051117,6436,230,False,PT3M56S,236,hd,false,True,Andrea bocelli|fall on me|andrea bocelli ed sheeran live|matteo bocelli|vivo per lei|time to say goodbye|con te partirò|andrea bocelli ariana grande|andrea bocelli live|nessun dorma|full album|por ti volarè|ave maria|the prayer|Josh Groban|We Will Meet Once Again,10,en,none,2018,2874,False,False,3.933333333333333,0.006123010093072417,0.00021881484173503045,365.73312456506613
kjCQOr35mQk,Andrea Bocelli - Gloria the Gift of Life (Audio),"Andrea Bocelli - Gloria the Gift of Life (Audio)

Listen now to ""Sì"", the new album from Andrea Bocelli: https://andreabocelli.lnk.to/SiAlbumYT 

Sign up for Andrea Bocelli’s Email List: https://AndreaBocelli.lnk.to/MailingListSignUpID
Follow Andrea Bocelli: 
Instagram: https://www.instagram.com/andreabocelliofficial
Facebook: https://www.facebook.com/andreabocelli/YouTube
YouTube: https://www.youtube.com/channel/UCb4JB8-ZAeceuR7EPCPOPzg
TikTok:  https://www.tiktok.com/@andreabocelliof?lang=en
X: https://x.com/AndreaBocelliWebsite
Website: https://www.andreabocelli.com/
#AndreaBocelli #Bocelli #GloriatheGiftofLife #Sì

© 2018 Sugar S.r.l., under exclusive license to Decca Records, a division of Universal Music Operations Ltd and Disney Enterprises, Inc.

Lyrics and Music by Jonas Myrin / Robert Alan Ezrin / Ed Cash 
Publishing: Songs of Universal, Inc. / Duva Island Songs / Ezrin Music / McKittrick Music (Adm. at CapitolCMGPublishing.com) / Sugarmusic S.p.a. / Almud Ed. Mus. S.r.l. 

Produced and mixed by Bob Ezrin 
AB vocals engineered by Pierpaolo Guerrini at AB Studio, Forte dei Marmi, Italy and PPG Studio in S. Pietro Belvedere, Pisa, Italy
Additional engineering by Justin Cortelyou 
Mix engineered by Justin Cortelyou at Anarchy Studios, Nashville, Tennessee, USA
Assistant mix engineer: Kyle Blunt
Orchestra arranged and conducted by John Metcalfe
Orchestra recorded by Jonathan Allen at Air Lyndhurst Studios London, UK
Assistant recording engineer: Alex Fergusson
Recordist: Adam Miller
Orchestra Contractor: Lucy Whalley for Isobel Griffiths Ltd.
Orchestra Leader: Everton Nelson
Librarian: Dave Foster
Percussion: Ed Cash
Keyboards and programming: Thomas “Tawgs” Salter
Choirs: 
- Voices of Haiti choir recorded at Frost School of Music, Miami University
Recording engineer: Dana Salminen and Trevor Anderson
Assistant engineers: Prathmesh Matodkar, Matthew Chetcuti 
-The Regent Park School of Music Choir
Recorded by Trevor Anderson at Noble St. Studios, Toronto, Canada 
-Società Corale Pisana, Choir Conductor M° Gian Paolo Mazzoli 
Recorded at PPG Studio in S. Pietro Belvedere, Pisa, Italy
Spanish AB vocals engineered by Pierpaolo Guerrini at AB Studio, Forte dei Marmi, Italy and PPG Studio in S. Pietro Belvedere, Pisa, Italy
Mastered by Bob Ludwig at Gateway Mastering Studios Inc, Portland, Maine, USA

http://vevo.ly/5lXa69",2018-10-26 09:00:06+00:00,196,1714633,12515,590,False,PT3M48S,228,hd,false,True,Andrea bocelli|fall on me|andrea bocelli ed sheeran live|matteo bocelli|vivo per lei|time to say goodbye|con te partirò|andrea bocelli ariana grande|andrea bocelli live|nessun dorma|full album|por ti volarè|ave maria|the prayer|gloria the gift of life,10,en,none,2018,2874,False,False,3.8,0.007298938023472078,0.00034409695835785266,596.6016005567154
Ztw7iRCLTY4,Andrea Bocelli - Ali Di Libertà (Acoustic Version) [Audio],"Andrea Bocelli - Ali Di Libertà (Acoustic Version) [Audio]

Listen now to ""Sì"", the new album from Andrea Bocelli: https://andreabocelli.lnk.to/SiAlbumYT 

Sign up for Andrea Bocelli’s Email List: https://AndreaBocelli.lnk.to/MailingListSignUpID
Follow Andrea Bocelli: 
Instagram: https://www.instagram.com/andreabocelliofficial
Facebook: https://www.facebook.com/andreabocelli/YouTube
YouTube: https://www.youtube.com/channel/UCb4JB8-ZAeceuR7EPCPOPzg
TikTok:  https://www.tiktok.com/@andreabocelliof?lang=en
X: https://x.com/AndreaBocelliWebsite
Website: https://www.andreabocelli.com/
#AndreaBocelli #Bocelli #Sì #AliDiLibertà  #AcousticVersion

© 2018 Sugar S.r.l., under exclusive license to Decca Records, a division of Universal Music Operations Ltd and Disney Enterprises, Inc.


Lyrics and Music by Davide Esposito
Publishing: Peermusic France / Sugarmusic S.p.a. / Almud Ed. Mus. S.r.l.

Produced and mixed by Bob Ezrin 
AB vocals engineered by Pierpaolo Guerrini at AB Studio, Forte dei Marmi, Italy and PPG Studio in S. Pietro Belvedere, Pisa, Italy
Additional engineering by Justin Cortelyou 
Mix engineered by Justin Cortelyou at Anarchy Studios, Nashville, Tennessee, USA
Assistant mix engineer: Kyle Blunt
Orchestra arranged and conducted by John Metcalfe
Orchestra recorded by Jonathan Allen at Air Lyndhurst Studios London, UK
Assistant recording engineer: Alex Fergusson
Recordist: Adam Miller
Orchestra Contractor: Lucy Whalley for Isobel Griffiths Ltd.
Orchestra Leader: Everton Nelson
Librarian: Dave Foster
Bass: Bob Ezrin
Keyboards and programming: Thomas “Tawgs” Salter 
Spanish and French vocals recorded by Pierpaolo Guerrini at AB Studio, Forte dei Marmi, Italy and PPG Studio in S. Pietro Belvedere, Pisa, Italy
Mastered by Bob Ludwig at Gateway Mastering Studios Inc, Portland, Maine, USA

http://vevo.ly/bbTJoV",2018-10-26 09:00:03+00:00,197,420707,3031,147,False,PT3M34S,214,hd,false,True,Andrea bocelli|fall on me|andrea bocelli ed sheeran live|matteo bocelli|vivo per lei|time to say goodbye|con te partirò|andrea bocelli ariana grande|andrea bocelli live|nessun dorma|full album|por ti volarè|ave maria|the prayer|Ali Di Libertà|(Acoustic Version) [Audio]|Ali Di Libertà (Acoustic Version)|(Acoustic Version)|audio,10,en,none,2018,2874,False,False,3.566666666666667,0.007204539025972945,0.00034941182343055854,146.383785664579
iYqjcIgU-wM,"Andrea Bocelli, Matteo Bocelli - Fall On Me (audio)","Andrea Bocelli, Matteo Bocelli - Fall On Me (audio)

Listen now to ""Sì"", the new album from Andrea Bocelli: https://andreabocelli.lnk.to/SiAlbumYT 
Sign up for Andrea Bocelli’s Email List: https://AndreaBocelli.lnk.to/MailingListSignUpID
Follow Andrea Bocelli: 
Instagram: https://www.instagram.com/andreabocelliofficial
Facebook: https://www.facebook.com/andreabocelli/YouTube
YouTube: https://www.youtube.com/channel/UCb4JB8-ZAeceuR7EPCPOPzg
TikTok:  https://www.tiktok.com/@andreabocelliof?lang=en
X: https://x.com/AndreaBocelliWebsite
Website: https://www.andreabocelli.com/
#AndreaBocelli #MatteoBocelli #Bocelli #Sì #Fall On Me 
 
© 2018 Sugar S.r.l., under exclusive license to Decca Records, a division of Universal Music Operations Ltd and Disney Enterprises, Inc.


Lyrics by Ian Axel - Chad Vaccarino - Matteo Bocelli - Fortunato Zampaglione
Music by Ian Axel - Chad Vaccarino
Publishing: Songs of Universal, Inc. / Ian Axel Music / Chad Vaccarino Publishing / Sugarmusic S.p.a. / Almud Ed. Mus. S.r.l.

Produced and mixed by Bob Ezrin 
AB and MB vocals engineered by Pierpaolo Guerrini at AB Studio, Forte dei Marmi, Italy and PPG Studio in S. Pietro Belvedere, Pisa, Italy
Additional engineering by Justin Cortelyou 
Mix engineered by Justin Cortelyou at Anarchy Studios, Nashville, Tennessee, USA
Assistant mix engineer: Kyle Blunt
Orchestra arranged and conducted by John Metcalfe
Orchestra recorded by Jonathan Allen at Air Lyndhurst Studios London, UK
Assistant recording engineer: Alex Fergusson
Recordist: Adam Miller
Orchestra Contractor: Lucy Whalley for Isobel Griffiths Ltd.
Orchestra Leader: Everton Nelson
Librarian: Dave Foster
Spanish vocals recorded by Pierpaolo Guerrini at AB Studio, Forte dei Marmi, Italy and PPG Studio in S. Pietro Belvedere, Pisa, Italy
Mastered by Bob Ludwig at Gateway Mastering Studios Inc, Portland, Maine, USA

http://vevo.ly/TZypp4",2018-10-26 09:00:03+00:00,198,236967,2111,84,False,PT4M19S,259,hd,false,True,Andrea bocelli|fall on me|andrea bocelli ed sheeran live|matteo bocelli|vivo per lei|time to say goodbye|con te partirò|andrea bocelli ariana grande|andrea bocelli live|nessun dorma|full album|por ti volarè|ave maria|the prayer|Fall On Me,10,en,none,2018,2874,False,False,4.316666666666666,0.008908413407774079,0.00035447973768499414,82.45198329853862
JbJN5jJnvZg,Andrea Bocelli - Dormi Dormi (audio),"Andrea Bocelli - Dormi Dormi (audio)

Listen now to ""Sì"", the new album from Andrea Bocelli: https://andreabocelli.lnk.to/SiAlbumYT 
Subscribe to Andrea Bocelli’s YouTube channel & ring the bell to never miss a new video: https://AndreaBocelli.lnk.to/YTSignUpID

Sign up for Andrea Bocelli’s Email List: https://AndreaBocelli.lnk.to/MailingListSignUpID
Follow Andrea Bocelli: 
Instagram: https://www.instagram.com/andreabocelliofficial
Facebook: https://www.facebook.com/andreabocelli/YouTube
YouTube: https://www.youtube.com/channel/UCb4JB8-ZAeceuR7EPCPOPzg
TikTok:  https://www.tiktok.com/@andreabocelliof?lang=en
X: https://x.com/AndreaBocelliWebsite
Website: https://www.andreabocelli.com/
#AndreaBocelli #Bocelli #Sì #Dormi Dormi

© 2018 Sugar S.r.l., under exclusive license to Decca Records, a division of Universal Music Operations Ltd and Disney Enterprises, Inc.

Lyrics and Music by Mauro Malavasi 
Publishing: Sugarmusic S.p.a. / Almud Ed. Mus. S.r.l.

Produced by Bob Ezrin and Mauro Malavasi
Mixed by Bob Ezrin 
Piano and arrangement: Mauro Malavasi
AB vocals engineered by Pierpaolo Guerrini at AB Studio, Forte dei Marmi, Italy and PPG Studio in S. Pietro Belvedere, Pisa, Italy
Additional engineering by Justin Cortelyou and Luca Leprotti
Mix engineered by Justin Cortelyou at Anarchy Studios, Nashville, Tennessee, USA
Assistant mix engineer: Kyle Blunt
Orchestra arranged and conducted by John Metcalfe
Orchestra recorded by Jonathan Allen at Air Lyndhurst Studios London, UK
Assistant recording engineer: Alex Fergusson
Recordist: Adam Miller
Orchestra Contractor: Lucy Whalley for Isobel Griffiths Ltd.
Orchestra Leader: Everton Nelson
Librarian: Dave Foster
Keyboards and programming: Thomas “Tawgs” Salter
Choirs: 
- Voices of Haiti recorded at Frost School of Music, Miami University
Recording engineer: Dana Salminen and Trevor Anderson
Assistant engineers: Prathmesh Matodkar, Matthew Chetcuti 
-The Regent Park School of Music Choir
Recorded by Trevor Anderson at Noble St. Studios, Toronto, Canada 
Programming: Nico Dalla Vecchia and Marco Biscarini
Preproduction at Studio Modulab 
Additional Mixing: Alessandro Magri
VU Session Orchestra 
Primo violin: Valentino Corvino 
Spanish vocals recorded by Pierpaolo Guerrini at AB Studio, Forte dei Marmi, Italy and at PPG Studio, Italy.
Mastered by Bob Ludwig at Gateway Mastering Studios Inc, Portland, Maine, USA

http://vevo.ly/knZwlv",2018-10-26 09:00:02+00:00,199,693441,2965,114,False,PT4M7S,247,hd,false,True,Andrea bocelli|fall on me|andrea bocelli ed sheeran live|matteo bocelli|vivo per lei|time to say goodbye|con te partirò|andrea bocelli ariana grande|andrea bocelli live|nessun dorma|full album|por ti volarè|ave maria|the prayer|Dormi Dormi|italian|italian lullaby,10,en,none,2018,2874,False,False,4.116666666666666,0.004275778328653772,0.00016439754788078582,241.28079331941544
K27jLbiNDUU,Andrea Bocelli - I Am Here (English Version of Sono Qui) [Audio],"Andrea Bocelli - I Am Here (English Version of Sono Qui) [Audio]

Listen now to ""Sì"", the new album from Andrea Bocelli: https://andreabocelli.lnk.to/SiAlbumYT 

Sign up for Andrea Bocelli’s Email List: https://AndreaBocelli.lnk.to/MailingListSignUpID
Follow Andrea Bocelli: 
Instagram: https://www.instagram.com/andreabocelliofficial
Facebook: https://www.facebook.com/andreabocelli/YouTube
YouTube: https://www.youtube.com/channel/UCb4JB8-ZAeceuR7EPCPOPzg
TikTok:  https://www.tiktok.com/@andreabocelliof?lang=en
X: https://x.com/AndreaBocelliWebsite
Website: https://www.andreabocelli.com/
#AndreaBocelli #Bocelli #Sì #IAmHere #SonoQui

© 2018 Sugar S.r.l., under exclusive license to Decca Records, a division of Universal Music Operations Ltd and Disney Enterprises, Inc.


 ‘Sono Qui’ English Version
Lyrics and Music by Pierpaolo Guerrini 
English adaptation by Shridhar Solanki
Publishing: Sugarmusic S.p.a. / Almud Ed. Mus. S.r.l.

Produced and mixed by Bob Ezrin
Additional musical production by Pierpaolo Guerrini
Engineered by Pierpaolo Guerrini at AB Studio, Forte dei Marmi, Italy
AB vocals engineered by Pierpaolo Guerrini at AB Studio, Forte dei Marmi, Italy and PPG Studio in S. Pietro Belvedere, Pisa, Italy
Additional engineering by Justin Cortelyou 
Mix engineered by Justin Cortelyou at Anarchy Studios, Nashville, Tennessee, USA
Assistant mix engineer: Kyle Blunt
Orchestra arranged and conducted by John Metcalfe
Orchestra recorded by Jonathan Allen at Air Lyndhurst Studios London, UK
Assistant recording engineer: Alex Fergusson
Recordist: Adam Miller
Orchestra Contractor: Lucy Whalley for Isobel Griffiths Ltd.
Orchestra Leader: Everton Nelson
Electric Bass: Lorenzo Forti 
Pianoforte: Pierpaolo Guerrini  
Librarian: Dave Foster
Drums: Greg Morrow
English and Spanish vocals engineered by Pierpaolo Guerrini at AB Studio, Forte dei Marmi, Italy and PPG Studio in S. Pietro Belvedere, Pisa, Italy
Mastered by Bob Ludwig at Gateway Mastering Studios Inc., Portland, Maine, USA

http://vevo.ly/DDhUN2",2018-10-26 09:00:02+00:00,200,970522,3837,131,False,PT3M50S,230,hd,false,True,Andrea bocelli|fall on me|andrea bocelli ed sheeran live|matteo bocelli|vivo per lei|time to say goodbye|con te partirò|andrea bocelli ariana grande|andrea bocelli live|nessun dorma|full album|por ti volarè|ave maria|the prayer|Am Here|English Version of Sono Qui|Sono Qui,10,en,none,2018,2874,False,False,3.8333333333333335,0.003953542526599088,0.00013497890825761808,337.6903270702853
-ppBkXpZQIc,Andrea Bocelli - Vivo (Audio),"Andrea Bocelli - Vivo (Audio)

Listen now to ""Sì"", the new album from Andrea Bocelli: https://andreabocelli.lnk.to/SiAlbumYT 

Sign up for Andrea Bocelli’s Email List: https://AndreaBocelli.lnk.to/MailingListSignUpID
Follow Andrea Bocelli: 
Instagram: https://www.instagram.com/andreabocelliofficial
Facebook: https://www.facebook.com/andreabocelli/YouTube
YouTube: https://www.youtube.com/channel/UCb4JB8-ZAeceuR7EPCPOPzg
TikTok:  https://www.tiktok.com/@andreabocelliof?lang=en
X: https://x.com/AndreaBocelliWebsite
Website: https://www.andreabocelli.com/
#AndreaBocelli #Bocelli #Sì #Vivo 

© 2018 Sugar S.r.l., under exclusive license to Decca Records, a division of Universal Music Operations Ltd and Disney Enterprises, Inc.

Lyrics and Music by Riccardo Del Turco 
Publishing: Sugarmusic S.p.a. / Almud Ed. Mus. S.r.l.

Produced by Pierpaolo Guerrini
Mixed by Bob Ezrin 
AB vocals engineered by Pierpaolo Guerrini at AB Studio, Forte dei Marmi, Italy and PPG Studio in S. Pietro Belvedere, Pisa, Italy
Acoustic and classic guitar: Daniele Bonaviri 
Drums and percussion: Fabrizio Morganti 
Piano: Pierpaolo Guerrini
Electric bass: Lorenzo Forti 
Sound design: Jurij Ricotti 
Programming and keyboards: Pierpaolo Guerrini
Pre-mix assistant: Giacomo Lorè 
Additional engineering by Justin Cortelyou 
Mix engineered by Justin Cortelyou at Anarchy Studios, Nashville, Tennessee, USA
Assistant mix engineer: Kyle Blunt
Orchestra arranged by Pierpaolo Guerrini
Orchestra conductor: John Metcalfe
Orchestra recorded by Jonathan Allen at Air Lyndhurst Studios London, UK
Assistant recording engineer: Alex Fergusson
Recordist: Adam Miller
Orchestra Contractor: Lucy Whalley for Isobel Griffiths Ltd.
Orchestra Leader: Everton Nelson
Librarian: Dave Foster
Spanish AB vocals engineered by Pierpaolo Guerrini at AB Studio, Forte dei Marmi, Italy and PPG Studio in S. Pietro Belvedere, Pisa, Italy
Mastered by Bob Ludwig at Gateway Mastering Studios Inc, Portland, Maine, USA

http://vevo.ly/1v4zXB",2018-10-26 09:00:01+00:00,201,649839,2762,147,False,PT4M23S,263,hd,false,True,Andrea bocelli|fall on me|andrea bocelli ed sheeran live|matteo bocelli|vivo per lei|time to say goodbye|con te partirò|andrea bocelli ariana grande|andrea bocelli live|nessun dorma|full album|por ti volarè|ave maria|the prayer|Vivo (Audio)|Vivo|(Audio),10,en,none,2018,2874,False,False,4.383333333333334,0.0042502835317671,0.00022620987660020405,226.10960334029227
4uj8bLek5UI,"Andrea Bocelli, Ed Sheeran - Amo Soltanto Te (Audio)","Andrea Bocelli, Ed Sheeran - Amo Soltanto Te (Audio)

Listen now to ""Sì"", the new album from Andrea Bocelli: https://andreabocelli.lnk.to/SiAlbumYT 

Sign up for Andrea Bocelli’s Email List: https://AndreaBocelli.lnk.to/MailingListSignUpID
Follow Andrea Bocelli: 
Instagram: https://www.instagram.com/andreabocelliofficial
Facebook: https://www.facebook.com/andreabocelli/YouTube
YouTube: https://www.youtube.com/channel/UCb4JB8-ZAeceuR7EPCPOPzg
TikTok:  https://www.tiktok.com/@andreabocelliof?lang=en
X: https://x.com/AndreaBocelliWebsite
Website: https://www.andreabocelli.com/
#AndreaBocelli #Bocelli #Sì  #AmoSoltantoTe #EdSheeran

© 2018 Sugar S.r.l., under exclusive license to Decca Records, a division of Universal Music Operations Ltd and Disney Enterprises, Inc.


Lyrics by Ed Sheeran - Tiziano Ferro / Music by Matt Sheeran
Publishing: Ed Sheeran Limited -Sony/ATV Music (UK) Limited – BMG Rights Management (UK) LTD / Sugarmusic S.p.a.

Produced and Mixed by Bob Ezrin 
Arranged by Matthew Sheeran
AB vocals engineered by Pierpaolo Guerini at AB Studio, Forte Dei Marmi, Italy
Additional engineering by Justin Cortelyou
Ed Sheeran vocals engineered by Joe Rubel at Gingerbread Man Studios, London, UK
Mix engineered by Justin Cortelyou at Anarchy Studios, Nashville, Tennessee, USA
Assistant mix engineer: Kyle Blunt
Orchestra conducted by John Metcalfe
Orchestra recorded by Fiona Cruickshank and Jonathan Allen at Air Lynhurst Studios, London, UK
Assistant recording engineer: Alex Fergusson
Recordist: Adam Miller
Orchestra Contractor: Lucy Whalley for Isobel Griffiths Ltd.
Orchestra Leader: Everton Nelson
Librarian: Dave Foster
Additional Musicians: John Metcalfe - programming 
Bob Ezrin - keyboards 
Programming by Matthew Sheeran

Ed Sheeran appears courtesy of Asylum Records UK, a division of Warner Music UK Ltd

http://vevo.ly/UycqL9",2018-10-26 09:00:01+00:00,202,4875168,36866,896,False,PT3M21S,201,hd,false,True,Andrea bocelli|fall on me|andrea bocelli ed sheeran live|matteo bocelli|vivo per lei|time to say goodbye|con te partirò|andrea bocelli ariana grande|andrea bocelli live|nessun dorma|full album|por ti volarè|ave maria|the prayer|Amo Soltanto Te (Audio)|Amo Soltanto Te|(Audio)|ed sheeran|ed sheeran andrea bocelli,10,en,none,2018,2874,False,False,3.35,0.00756199581224688,0.00018378853815909525,1696.3006263048017
aD6oRyqMjiQ,Andrea Bocelli - Sono Qui (Acoustic Version) [Audio],"Andrea Bocelli - Sono qui (acoustic version) [audio]

Listen now to ""Sì"", the new album from Andrea Bocelli: https://andreabocelli.lnk.to/SiAlbumYT 

Sign up for Andrea Bocelli’s Email List: https://AndreaBocelli.lnk.to/MailingListSignUpID
Follow Andrea Bocelli: 
Instagram: https://www.instagram.com/andreabocelliofficial
Facebook: https://www.facebook.com/andreabocelli/YouTube
YouTube: https://www.youtube.com/channel/UCb4JB8-ZAeceuR7EPCPOPzg
TikTok:  https://www.tiktok.com/@andreabocelliof?lang=en
X: https://x.com/AndreaBocelliWebsite
Website: https://www.andreabocelli.com/
#AndreaBocelli #Bocelli #Sì #SonoQui #AcousticVersion)

© 2018 Sugar S.r.l., under exclusive license to Decca Records, a division of Universal Music Operations Ltd and Disney Enterprises, Inc.

Piano arrangement by Carlo Gaudiello
Produced by Pierpaolo Guerrini

Piano by Amos Bocelli engineered by Pierpaolo Guerrini at AB Studio, Forte dei Marmi, Italy and PPG Studio in S. Pietro Belvedere, Pisa, Italy
AB vocals engineered by Pierpaolo Guerrini at AB Studio, Forte dei Marmi, Italy and PPG Studio in S. Pietro Belvedere, Pisa, Italy

http://vevo.ly/eMrhUA",2018-10-26 09:00:01+00:00,203,465672,1900,55,False,PT4M26S,266,hd,false,True,Andrea bocelli|fall on me|andrea bocelli ed sheeran live|matteo bocelli|vivo per lei|time to say goodbye|con te partirò|andrea bocelli ariana grande|andrea bocelli live|nessun dorma|full album|por ti volarè|ave maria|the prayer|Sono qui (acoustic version)|Sono qui|(acoustic version),10,en,none,2018,2874,False,False,4.433333333333334,0.004080125066570461,0.00011810888350598704,162.02922755741128
-8S4GttKphg,Andrea Bocelli - Ali Di Libertà (Audio),"Andrea Bocelli - Ali Di Libertà (Audio)

Listen now to ""Sì"", the new album from Andrea Bocelli: https://andreabocelli.lnk.to/SiAlbumYT 

Subscribe to Andrea Bocelli’s YouTube channel & ring the bell to never miss a new video: https://AndreaBocelli.lnk.to/YTSignUpID

Sign up for Andrea Bocelli’s Email List: https://AndreaBocelli.lnk.to/MailingListSignUpID

Follow Andrea Bocelli: 
Instagram: https://www.instagram.com/andreabocelliofficial
Facebook: https://www.facebook.com/andreabocelli/YouTube
YouTube: https://www.youtube.com/channel/UCb4JB8-ZAeceuR7EPCPOPzg
TikTok:  https://www.tiktok.com/@andreabocelliof?lang=en
X: https://x.com/AndreaBocelliWebsite
Website: https://www.andreabocelli.com/
#AndreaBocelli #Bocelli #AliDiLibertà 


© 2018 Sugar S.r.l., under exclusive license to Decca Records, a division of Universal Music Operations Ltd and Disney Enterprises, Inc.


Lyrics and Music by Davide Esposito
Publishing: Peermusic France / Sugarmusic S.p.a. / Almud Ed. Mus. S.r.l.

Produced and mixed by Bob Ezrin 
AB vocals engineered by Pierpaolo Guerrini at AB Studio, Forte dei Marmi, Italy and PPG Studio in S. Pietro Belvedere, Pisa, Italy
Additional engineering by Justin Cortelyou 
Mix engineered by Justin Cortelyou at Anarchy Studios, Nashville, Tennessee, USA
Assistant mix engineer: Kyle Blunt
Orchestra arranged and conducted by John Metcalfe
Orchestra recorded by Jonathan Allen at Air Lyndhurst Studios London, UK
Assistant recording engineer: Alex Fergusson
Recordist: Adam Miller
Orchestra Contractor: Lucy Whalley for Isobel Griffiths Ltd.
Orchestra Leader: Everton Nelson
Librarian: Dave Foster
Bass: Bob Ezrin
Keyboards and programming: Thomas “Tawgs” Salter 
Spanish and French vocals recorded by Pierpaolo Guerrini at AB Studio, Forte dei Marmi, Italy and PPG Studio in S. Pietro Belvedere, Pisa, Italy
Mastered by Bob Ludwig at Gateway Mastering Studios Inc, Portland, Maine, USA

http://vevo.ly/dkEH7j",2018-10-26 09:00:00+00:00,204,2714213,12881,423,False,PT3M33S,213,hd,false,True,Andrea bocelli|fall on me|andrea bocelli ed sheeran live|matteo bocelli|vivo per lei|time to say goodbye|con te partirò|andrea bocelli ariana grande|andrea bocelli live|nessun dorma|full album|por ti volarè|ave maria|the prayer|Andrea Bocelli Ali Di Libertà (Audio)|Andrea Bocelli|Ali Di Libert|(Audio)|Ali Di Libertà,10,en,none,2018,2874,False,False,3.55,0.0047457587153255845,0.00015584628030298285,944.4025748086291
8sW2_J0tHQc,"Andrea Bocelli, Dua Lipa - If Only (Audio)","Andrea Bocelli, Dua Lipa - If Only (Audio)

Listen now to ""Sì"", the new album from Andrea Bocelli: https://andreabocelli.lnk.to/SiAlbumYT 

Sign up for Andrea Bocelli’s Email List: https://AndreaBocelli.lnk.to/MailingListSignUpID
Follow Andrea Bocelli: 
Instagram: https://www.instagram.com/andreabocelliofficial
Facebook: https://www.facebook.com/andreabocelli/YouTube
YouTube: https://www.youtube.com/channel/UCb4JB8-ZAeceuR7EPCPOPzg
TikTok:  https://www.tiktok.com/@andreabocelliof?lang=en
X: https://x.com/AndreaBocelliWebsite
Website: https://www.andreabocelli.com/
#AndreaBocelli #Bocelli #Sì #DuaLipa #IfOnly 

© 2018 Sugar S.r.l., under exclusive license to Decca Records, a division of Universal Music Operations Ltd and Disney Enterprises, Inc.

Lyrics by Lucio Quarantotto / Music by Francesco Sartori – English adaptation by Shridhar Solanki
Publishing: Sugarmusic S.p.a. / Almud Ed. Mus. S.r.l.

Produced by Bob Ezrin and Mauro Malavasi
Mixed by Bob Ezrin
AB vocals engineered by Pierpaolo Guerrini at AB Studio, Forte dei Marmi, Italy and PPG Studio in S. Pietro Belvedere, Pisa, Italy
Dua Lipa vocal recording by Cameron Gower Poole
Studio assistant Rob Brinkmann
Recorded at RAK Studios, London
AMei vocal producer: Andrew Chen (Badtone Production)
Vocal Recording Engineer: Ooi Teng Fong
Vocal Recording Studio: 89 Studio
Vocal Production Assistant: Jess Lee
Additional engineering by Justin Cortelyou 
Sound Engineer-Synth Programming: Alessandro Magri
Keyboards and preproduction: Francesco Sartori
Piano and arrangement: Mauro Malavasi
Mix engineered by Justin Cortelyou at Anarchy Studios, Nashville, Tennessee, USA
Assistant mix engineer: Kyle Blunt
Orchestra arranged and conducted by John Metcalfe
Orchestra recorded by Jonathan Allen at Air Lyndhurst Studios London, UK
Assistant recording engineer: Alex Fergusson
Recordist: Adam Miller
Orchestra Contractor: Lucy Whalley for Isobel Griffiths Ltd.
Orchestra Leader: Everton Nelson
Librarian: Dave Foster
Violin: Anastasia Petryshak recorded by Pierpaolo Guerrini at AB Studio, Forte dei Marmi, Italy
Keyboards and programming: Thomas “Tawgs” Salter
English and Spanish vocals recorded by Pierpaolo Guerrini at AB Studio, Forte dei Marmi, Italy and PPG Studio in S. Pietro Belvedere, Pisa, Italy
Mastered by Bob Ludwig at Gateway Mastering Studios Inc, Portland, Maine, USA
 
Dua Lipa appears courtesy of Warner Bros. Records and Urban, a division of UMG Germany
a-MEI appears courtesy of Emi Music Taiwan

http://vevo.ly/aFRfnz",2018-10-26 09:00:00+00:00,205,1458543,28419,834,False,PT3M38S,218,hd,false,True,Andrea bocelli|fall on me|andrea bocelli ed sheeran live|matteo bocelli|vivo per lei|time to say goodbye|con te partirò|andrea bocelli ariana grande|andrea bocelli live|nessun dorma|full album|por ti volarè|ave maria|the prayer|Dua Lipa If Only (Audio)|Dua Lipa|If Only (Audio)|If Only|(Audio),10,en,none,2018,2874,False,False,3.6333333333333333,0.019484512969449648,0.0005718035052788982,507.49582463465555
BuD-W9XBxHs,Andrea Bocelli - Meditation (audio),"Andrea Bocelli - Meditation (audio)

Listen now to ""Sì"", the new album from Andrea Bocelli: https://andreabocelli.lnk.to/SiAlbumYT 

Sign up for Andrea Bocelli’s Email List: https://AndreaBocelli.lnk.to/MailingListSignUpID

Follow Andrea Bocelli: 
Instagram: https://www.instagram.com/andreabocelliofficial
Facebook: https://www.facebook.com/andreabocelli/YouTube
YouTube: https://www.youtube.com/channel/UCb4JB8-ZAeceuR7EPCPOPzg
TikTok:  https://www.tiktok.com/@andreabocelliof?lang=en
X: https://x.com/AndreaBocelliWebsite
Website: https://www.andreabocelli.com/
#AndreaBocelli #Bocelli #meditation #si

© 2018 Sugar S.r.l., under exclusive license to Decca Records, a division of Universal Music Operations Ltd and Disney Enterprises, Inc.

Lyrics by Mauro Malavasi – Andrea Bocelli
Music by Jules Massenet - Arranged by Mauro Malavasi
Publishing: Sugarmusic S.p.a. / Almud Ed. Mus. S.r.l.

Produced and mixed by Bob Ezrin 
AB vocals engineered by Pierpaolo Guerrini at AB Studio, Forte dei Marmi, Italy and PPG Studio in S. Pietro Belvedere, Pisa, Italy
Additional engineering by Justin Cortelyou 
Mix engineered by Justin Cortelyou at Anarchy Studios, Nashville, Tennessee, USA
Assistant mix engineer: Kyle Blunt
Orchestra arranged and conducted by John Metcalfe
Orchestra recorded by Jonathan Allen at Air Lyndhurst Studios London, UK
Assistant recording engineer: Alex Fergusson
Recordist: Adam Miller
Orchestra Contractor: Lucy Whalley for Isobel Griffiths Ltd.
Orchestra Leader: Everton Nelson
Librarian: Dave Foster
Flute: Andrea Bocelli recorded at AB studio in Lajatico in Forte dei Marmi, Italy  
Choir: Società Corale Pisana, Choir Conductor M° Gian Paolo Mazzoli recorded at Pierpaolo Guerrini’s PPG Studio in S. Pietro Belvedere- Pisa, Italy
Mastered by Bob Ludwig at Gateway Mastering Studios Inc, Portland, Maine, USA

http://vevo.ly/SSTS6E",2018-10-26 09:00:00+00:00,206,486348,2074,63,False,PT4M10S,250,hd,false,True,Andrea bocelli|fall on me|andrea bocelli ed sheeran live|matteo bocelli|vivo per lei|time to say goodbye|con te partirò|andrea bocelli ariana grande|andrea bocelli live|nessun dorma|full album|por ti volarè|ave maria|the prayer|meditation,10,en,none,2018,2874,False,False,4.166666666666667,0.00426443616505054,0.00012953687483036839,169.22338204592901
a-gHFv2b2yg,Andrea Bocelli - Un'Anima (Audio),"Andrea Bocelli - Un'Anima (Audio)

Listen now to ""Sì"", the new album from Andrea Bocelli: https://andreabocelli.lnk.to/SiAlbumYT 

Sign up for Andrea Bocelli’s Email List: https://AndreaBocelli.lnk.to/MailingListSignUpID
Follow Andrea Bocelli: 
Instagram: https://www.instagram.com/andreabocelliofficial
Facebook: https://www.facebook.com/andreabocelli/YouTube
YouTube: https://www.youtube.com/channel/UCb4JB8-ZAeceuR7EPCPOPzg
TikTok:  https://www.tiktok.com/@andreabocelliof?lang=en
X: https://x.com/AndreaBocelliWebsite
Website: https://www.andreabocelli.com/
#AndreaBocelli #Bocelli #Sì #Un'Anima

© 2018 Sugar S.r.l., under exclusive license to Decca Records, a division of Universal Music Operations Ltd and Disney Enterprises, Inc.


Lyrics by Marco Guazzone / Music by Rick Blaskey - Dan McAlister 
Publishing: Rick Blaskey Publ. Designee / Dan McAlister Publ. Designee / Metatron S.r.l. / Sugarmusic S.p.a. / Almud Ed. Mus. S.r.l.

Produced and mixed by Bob Ezrin 
AB vocals engineered by Pierpaolo Guerrini at AB Studio, Forte dei Marmi, Italy and PPG Studio in S. Pietro Belvedere, Pisa, Italy
Additional engineering by Justin Cortelyou 
Mix engineered by Justin Cortelyou at Anarchy Studios, Nashville, Tennessee, USA
Assistant mix engineer: Kyle Blunt
Orchestra arranged and conducted by John Metcalfe
Orchestra recorded by Jonathan Allen at Air Lyndhurst Studios London, UK
Assistant recording engineer: Alex Fergusson
Recordist: Adam Miller
Orchestra Contractor: Lucy Whalley for Isobel Griffiths Ltd.
Orchestra Leader: Everton Nelson
Librarian: Dave Foster
Mastered by Bob Ludwig at Gateway Mastering Studios Inc, Portland, Maine, USA

http://vevo.ly/gW8zk1",2018-10-26 09:00:00+00:00,207,993490,4525,197,False,PT4M32S,272,hd,false,True,Andrea bocelli|fall on me|andrea bocelli ed sheeran live|matteo bocelli|vivo per lei|time to say goodbye|con te partirò|andrea bocelli ariana grande|andrea bocelli live|nessun dorma|full album|por ti volarè|ave maria|the prayer|Un'Anima|Audio),10,en,none,2018,2874,False,False,4.533333333333333,0.004554650776555376,0.0001982908735870517,345.68197633959636
96jmMIz-c10,"Andrea Bocelli, Matteo Bocelli - Fall On Me (Live From Good Morning America)","Andrea Bocelli, Matteo Bocelli - Fall On Me (Live From Good Morning America)

Subscribe to Andrea Bocelli’s YouTube channel & ring the bell to never miss a new video: https://AndreaBocelli.lnk.to/YTSignUpID

Sign up for Andrea Bocelli’s Email List: https://AndreaBocelli.lnk.to/MailingListSignUpID

Follow Andrea Bocelli: 
Instagram: https://www.instagram.com/andreabocelliofficial
Facebook: https://www.facebook.com/andreabocelli/YouTube
YouTube: https://www.youtube.com/channel/UCb4JB8-ZAeceuR7EPCPOPzg
TikTok:  https://www.tiktok.com/@andreabocelliof?lang=en
X: https://x.com/AndreaBocelliWebsite
Website: https://www.andreabocelli.com/
#AndreaBocelli #Bocelli  #MatteoBocelli  #FallOnMe  #GoodMorningAmerica

Watch the Music for Hope full event here : https://andreabocelli.lnk.to/LiveFromDuomoID
Listen to the Music for Hope full event here: https://andreabocelli.lnk.to/MusicForHope1ID",2018-10-24 21:34:00+00:00,208,1106931,18591,823,False,PT4M23S,263,hd,false,True,#EllieGoulding #ReturnToLove #AndreaBocelli #SiForever #NewAlbum|Andrea Bocelli|Matteo Bocelli|Fall On Me (Live From GMA TV)|Fall On Me (Live|GMA TV)|good morning america|matteo bocelli,10,en,none,2018,2876,False,False,4.383333333333334,0.01679508478848275,0.0007434971104793343,384.8856050069541
j47TbBFBpec,"Fall on Me (From Disney's ""The Nutcracker and the Four Realms"") (Backstage Italian Vers...","Andrea Bocelli, Matteo Bocelli - Fall on Me (From Disney's ""The Nutcracker and the Four Realms"") (Backstage Italian Version)

Listen or buy ""Fall on Me"" here: https://andreabocelli.lnk.to/BocelliFallOnMeYT
Pre-order ""Sì"", the new album from Andrea Bocelli, here: https://andreabocelli.lnk.to/SiAlbumYT

Sign up for Andrea Bocelli’s Email List: https://AndreaBocelli.lnk.to/MailingListSignUpID
Follow Andrea Bocelli: 
Instagram: https://www.instagram.com/andreabocelliofficial
Facebook: https://www.facebook.com/andreabocelli/YouTube
YouTube: https://www.youtube.com/channel/UCb4JB8-ZAeceuR7EPCPOPzg
TikTok:  https://www.tiktok.com/@andreabocelliof?lang=en
X: https://x.com/AndreaBocelliWebsite
Website: https://www.andreabocelli.com/
#AndreaBocelli #Bocelli #Matteo Bocelli #Fall on Me #Disney #The Nutcracker #BehindTheScenes

Andrea and Matteo Bocelli shooting at Palazzo del Ghiaccio in Milan, Italy:
Produced by Run Multimedia for Sugar Srl licensed to Decca Records UK
Director, Dop and Editing: Gaetano Morbioli
Producer: Carlotta De Conti 
Assistant Director: Peter Facchetti
Technical Director: Alberto Bonturi 
Set Assistant: Luca Orlandi
Production Assistant: Anna Zavatteri  
Studio Assistant: Damiano Bellamoli
Stylist: Alberto e Ilaria Bartalini
Make Up & Hair: Antonella Melani
Backstage: Luca Scota
Seamstress: Sara Ermetici
Location Manager Milan: Attilio Bertuccioli
Camera Assistant: Simone Forti
Studio Assistant: Damiano Bellamoli
Production Manager: Francesco Pasquero 
Location: Palazzo del Ghiaccio, Milano
Thanks to: Furcht Pianoforti Milano
Andrea Bocelli and Matteo Bocelli wear Stefano Ricci

Additional AB’ studio and home video recording:

Produced by Strani Rumori Studio
Director: Luca Scota
Editing: Diletta Fernandez
International Production Manager: Francesco Pasquero
Executive Producer: Ivano Berti
Color Grading: Tiziano Fioriti
Cameras: Riccardo Marianeschi, Cristian Alberini, Gianluca Mazza, Diletta Fernandez, Tiziano Fioriti, Ragni Michele, Antonio Cozzari
Drone operator for Strani Rumori Studio: Nicolò Baronci
Audio Post Production: Vanni Tagliavento

AUDIO
Lyrics by Ian Axel - Chad Vaccarino - Matteo Bocelli - Fortunato Zampaglione
Music by Ian Axel - Chad Vaccarino
Publishing: Songs of Universal, Inc. / Ian Axel Music / Chad Vaccarino Publishing / Sugarmusic S.p.a. / Almud Ed. Mus. S.r.l.
Produced and mixed by Bob Ezrin
AB and MB vocals engineered by Pierpaolo Guerrini at AB Studio, Forte dei Marmi, Italy and PPG Studio in S. Pietro Belvedere, Pisa, Italy
Additional engineering by Justin Cortelyou 
Mix engineered by Justin Cortelyou at Anarchy Studios, Nashville, Tennessee, USA
Assistant mix engineer: Kyle Blunt
Orchestra arranged and conducted by John Metcalfe
Orchestra recorded by Jonathan Allen at Air Lyndhurst Studios London, UK
Assistant recording engineer: Alex Fergusson
Recordist: Adam Miller
Orchestra Contractor: Lucy Whalley for Isobel Griffiths Ltd.
Orchestra Leader: Everton Nelson
Librarian: Dave Foster
Spanish vocals recorded by Pierpaolo Guerrini at AB Studio, Forte dei Marmi, Italy and PPG Studio in S. Pietro Belvedere, Pisa, Italy
Mastered by Bob Ludwig at Gateway Mastering Studios Inc, Portland, Maine, USA

© 2018 Sugar S.r.l., under exclusive license to Decca Records, a division of Universal Music Operations Ltd",2018-10-23 08:00:06+00:00,209,10817,953,65,False,PT2M47S,167,hd,false,True,Andrea bocelli|disney nutcracker|disney the nutcracker|disney nutcracker soundtrack|nutcracker|fall on me|andrea bocelli ed sheeran live|matteo bocelli|vivo per lei|time to say goodbye|con te partirò|andrea bocelli ariana grande|andrea bocelli live|nessun dorma|full album|por ti volarè|ave maria|the prayer|Disney|BehindTheScenes,10,en,none,2018,2877,False,False,2.783333333333333,0.08810206156975131,0.00600905981325691,3.7598192561696213
y3x38EQSq-I,"Fall On Me (From Disney's ""The Nutcracker And The Four Realms"" / English Version)","Music video by Andrea Bocelli, Matteo Bocelli performing Fall On Me (From Disney's ""The Nutcracker And The Four Realms"" / English Version).© 2018 Sugar s.r.l., under exclusive licence to Universal Music Operations Ltd",2018-10-19 09:00:06+00:00,210,11924200,154205,2734,False,PT4M22S,262,hd,true,True,andrea bocelli|disney|nutcracker|music video|matteo bocelli|bocelli|the nutcracker and the four realms|english|Andrea|Matteo|Fall|(From|Disney's|The|And|Four|Realms|Version)|classical|pop,10,en,none,2018,2881,False,False,4.366666666666666,0.012932104459837977,0.00022928162895624024,4138.910100659493
wgouMilmfB4,"Fall on Me (From Disney's ""The Nutcracker and the Four Realms"") [Italian]","Andrea Bocelli, Matteo Bocelli - Fall on Me (From Disney's ""The Nutcracker and the Four Realms"") [Italian]

Listen or buy ""Fall on Me"" here: https://andreabocelli.lnk.to/BocelliFallOnMeYT
Pre-order ""Sì"", the new album from Andrea Bocelli, here: https://andreabocelli.lnk.to/SiAlbumYT

Sign up for Andrea Bocelli’s Email List: https://AndreaBocelli.lnk.to/MailingListSignUpID
Follow Andrea Bocelli: 
Instagram: https://www.instagram.com/andreabocelliofficial
Facebook: https://www.facebook.com/andreabocelli/YouTube
YouTube: https://www.youtube.com/channel/UCb4JB8-ZAeceuR7EPCPOPzg
TikTok:  https://www.tiktok.com/@andreabocelliof?lang=en
X: https://x.com/AndreaBocelliWebsite
Website: https://www.andreabocelli.com/
#AndreaBocelli #Bocelli #Fall on Me #Disney #TheNutcrackerAndTheFourRealms

© 2018 Sugar S.r.l., under exclusive license to Decca Records, a division of Universal Music Operations Ltd and Disney Enterprises, Inc.

VIDEO
Excerpt from Disney’s “The Nutcracker and The Four Realms”
Produced and selected by Disney Enterprises, Inc.

Andrea and Matteo Bocelli shooting at Palazzo del Ghiaccio in Milan, Italy
Produced by Run Multimedia for Sugar S.r.l. licensed to Decca Records UK
Director, Dop and Editing: Gaetano Morbioli
Production Manager for Sugar Srl: Francesco Pasquero
Producer: Carlotta De Conti
Assistant Director: Peter Facchetti
Technical Director: Alberto Bonturi
Set Assistant: Luca Orlandi
Production Assistant: Anna Zavatteri 
Studio Assistant: Damiano Bellamoli
Stylist: Alberto e Ilaria Bartalini
Make Up & Hair: Antonella Melani
Backstage: Luca Scota
Seamstress: Sara Ermetici
Location Manager Milan: Attilio Bertuccioli
Camera Assistant: Simone Forti
Studio Assistant: Damiano Bellamoli
Location: Palazzo del Ghiaccio, Milano
Thanks to: Furcht Pianoforti Milano
Andrea Bocelli and Matteo Bocelli wear Stefano Ricci

AUDIO
Lyrics by Ian Axel - Chad Vaccarino - Matteo Bocelli - Fortunato Zampaglione
Music by Ian Axel - Chad Vaccarino
Publishing: Songs of Universal, Inc. / Ian Axel Music / Chad Vaccarino Publishing / Sugarmusic S.p.a. / Almud Ed. Mus. S.r.l.
Produced and mixed by Bob Ezrin
AB and MB vocals engineered by Pierpaolo Guerrini at AB Studio, Forte dei Marmi, Italy and PPG Studio in S. Pietro Belvedere, Pisa, Italy
Additional engineering by Justin Cortelyou
Mix engineered by Justin Cortelyou at Anarchy Studios, Nashville, Tennessee, USA
Assistant mix engineer: Kyle Blunt
Orchestra arranged and conducted by John Metcalfe
Orchestra recorded by Jonathan Allen at Air Lyndhurst Studios London, UK
Assistant recording engineer: Alex Fergusson
Recordist: Adam Miller
Orchestra Contractor: Lucy Whalley for Isobel Griffiths Ltd.
Orchestra Leader: Everton Nelson
Librarian: Dave Foster
Spanish vocals recorded by Pierpaolo Guerrini at AB Studio, Forte dei Marmi, Italyand PPG Studio in S. Pietro Belvedere, Pisa, Italy
Mastered by Bob Ludwig at Gateway Mastering Studios Inc, Portland, Maine, USA",2018-10-19 09:00:04+00:00,211,1973302,17767,431,False,PT4M25S,265,hd,false,True,Andrea bocelli|disney nutcracker|disney the nutcracker|disney nutcracker soundtrack|nutcracker|fall on me|andrea bocelli ed sheeran live|matteo bocelli|vivo per lei|time to say goodbye|con te partirò|andrea bocelli ariana grande|andrea bocelli live|nessun dorma|full album|por ti volarè|ave maria|the prayer|Fall on Me Disney TheNutcrackerAndTheFourRealms|TheNutcrackerAndTheFourRealms|The|Nutcracker|and|the,10,en,none,2018,2881,False,False,4.416666666666667,0.009003690261298068,0.000218415630248183,684.9364803887539
uZT3EHe_T00,"Fall On Me (From Disney's ""The Nutcracker And The Four Realms"" / French Version)","Music video by Andrea Bocelli, Matteo Bocelli performing Fall On Me (From Disney's ""The Nutcracker And The Four Realms"" / French Version).© 2018 Sugar s.r.l., under exclusive licence to Universal Music Operations Ltd",2018-10-19 04:00:03+00:00,212,101665,1462,48,False,PT4M22S,262,hd,false,True,Andrea bocelli|disney nutcracker|disney the nutcracker|disney nutcracker soundtrack|nutcracker|fall on me|ed sheeran live|matteo bocelli|vivo per lei|time to say goodbye|con te partirò|ariana grande|andrea bocelli live|nessun dorma|full album|por ti volarè|ave maria|the prayer,10,en,none,2018,2882,False,False,4.366666666666666,0.01438056361579698,0.00047213888752274625,35.27585010409438
a22PRGZ9MtE,"Fall On Me (From Disney's ""The Nutcracker And The Four Realms"" / Russian Version)","Music video by Andrea Bocelli, Matteo Bocelli performing Fall On Me (From Disney's ""The Nutcracker And The Four Realms"" / Russian Version).© 2018 Sugar s.r.l., under exclusive licence to Universal Music Operations Ltd",2018-10-19 04:00:00+00:00,213,28836,810,62,False,PT4M22S,262,hd,false,True,Andrea bocelli|disney nutcracker|disney the nutcracker|disney nutcracker soundtrack|nutcracker|fall on me|ed sheeran live|matteo bocelli|vivo per lei|time to say goodbye|con te partirò|ariana grande|andrea bocelli live|nessun dorma|full album|por ti volarè|ave maria|the prayer|#AndreaBocelli|#Bocelli|#Matteo|Bocelli|#FallOnMe|#Disney|#TheNutcrackerAndTheFourRealms|#RussianVersion,10,en,none,2018,2882,False,False,4.366666666666666,0.028089887640449437,0.0021500901650714386,10.005551700208189
S_9KHiPg0AA,"Andrea Bocelli, Matteo Bocelli - Ven a Mi (Making Of)","Music video by Andrea Bocelli, Matteo Bocelli performing Ven a Mi. © 2018 Sugar S.r.l., under exclusive license to Decca Records, a division of Universal Music Operations Limited

Subscribe to Andrea Bocelli’s YouTube channel & ring the bell to never miss a new video: https://AndreaBocelli.lnk.to/YTSignUpID

Sign up for Andrea Bocelli’s Email List: https://AndreaBocelli.lnk.to/MailingListSignUpID

Follow Andrea Bocelli: 
Instagram: https://www.instagram.com/andreabocelliofficial
Facebook: https://www.facebook.com/andreabocelli/YouTube
YouTube: https://www.youtube.com/channel/UCb4JB8-ZAeceuR7EPCPOPzg
TikTok:  https://www.tiktok.com/@andreabocelliof?lang=en
X: https://x.com/AndreaBocelliWebsite
Website: https://www.andreabocelli.com/
#AndreaBocelli #Bocelli #BehindTheScenes

Watch the Music for Hope full event here: https://andreabocelli.lnk.to/LiveFromDuomoID
Listen to the Music for Hope full event here: https://andreabocelli.lnk.to/MusicForHope1ID

http://vevo.ly/DMzuUi",2018-10-05 08:00:04+00:00,214,2705344,40692,1186,False,PT2M31S,151,hd,true,True,Andrea|Bocelli|Matteo|Ven|Decca|(UMO)|(Classics)|Classical|Crossover|(Behind|The|Scenes)|pop,10,en,none,2018,2895,False,False,2.5166666666666666,0.015041340398855007,0.0004383915686877528,934.4884283246978
9OG5YLuXA98,Andrea Bocelli - Fall on Me (Making Of),"Andrea Bocelli - Fall on Me (Making Of) 

Sign up for Andrea Bocelli’s Email List: https://AndreaBocelli.lnk.to/MailingListSignUpID
Follow Andrea Bocelli: 
Instagram: https://www.instagram.com/andreabocelliofficial
Facebook: https://www.facebook.com/andreabocelli/YouTube
YouTube: https://www.youtube.com/channel/UCb4JB8-ZAeceuR7EPCPOPzg
TikTok:  https://www.tiktok.com/@andreabocelliof?lang=en
X: https://x.com/AndreaBocelliWebsite
Website: https://www.andreabocelli.com/

Listen or buy ""Fall on Me"" here: https://andreabocelli.lnk.to/BocelliFallOnMeYT
Pre-order ""Sì"", the new album from Andrea Bocelli, here: https://andreabocelli.lnk.to/SiAlbumYT

#AndreaBocelli #Bocelli #Behind The Scenes #Si

VIDEO
Director, Dop and Editing: Gaetano Morbioli
Production: Run Multimedia for Sugar Srl and Decca Records UK
Producer: Carlotta De Conti
Assistant Director: Peter Facchetti
Technical Director: Alberto Bonturi
Set Assistant: Luca Orlandi
Production Assistant: Anna Zavatteri
Studio Assistant: Damiano Bellamoli
Stylist: Alberto e Ilaria Bartalini
Make Up & Hair: Antonella Melani
Backstage: Luca Scota
Seamstress: Sara Ermetici
Location Manager Milan: Attilio Bertuccioli
Camera Assistant: Simone Forti
Studio Assistant: Damiano Bellamoli
Production Manager for Sugar: Francesco Pasquero
Location: Palazzo del Ghiaccio, Milano
Thanks to: Furcht Pianoforti Milano
Andrea Bocelli and Matteo Bocelli wear Stefano Ricci

AUDIO
Lyrics by Ian Axel - Chad Vaccarino - Matteo Bocelli - Fortunato Zampaglione
Music by Ian Axel - Chad Vaccarino
Publishing: Songs of Universal, Inc. / Ian Axel Music / Chad Vaccarino Publishing / Sugarmusic S.p.a. / Almud Ed. Mus. S.r.l.

Produced and mixed by Bob Ezrin
AB and MB vocals engineered by Pierpaolo Guerrini at AB Studio, Forte dei Marmi, Italy and PPG Studio in S. Pietro Belvedere, Pisa, Italy
Additional engineering by Justin Cortelyou
Mix engineered by Justin Cortelyou at Anarchy Studios, Nashville, Tennessee, USA
Assistant mix engineer: Kyle Blunt
Orchestra arranged and conducted by John Metcalfe
Orchestra recorded by Jonathan Allen at Air Lyndhurst Studios London, UK
Assistant recording engineer: Alex Fergusson
Recordist: Adam Miller
Orchestra Contractor: Lucy Whalley for Isobel Griffiths Ltd.
Orchestra Leader: Everton Nelson
Librarian: Dave Foster
Spanish vocals recorded by Pierpaolo Guerrini at AB Studio, Forte dei Marmi, Italy and PPG Studio in S. Pietro Belvedere, Pisa, Italy
Mastered by Bob Ludwig at Gateway Mastering Studios Inc, Portland, Maine, USA

A production by Sugar S.r.l. licensed internationally to Decca Records UK",2018-10-05 08:00:00+00:00,215,1210708,21998,663,False,PT4M18S,258,hd,false,True,Andrea bocelli|fall on me|andrea bocelli ed sheeran live|matteo bocelli|vivo per lei|time to say goodbye|con te partirò|andrea bocelli ariana grande|andrea bocelli live|nessun dorma|full album|por ti volarè|ave maria|the prayer|behind the scenes,10,en,none,2018,2895,False,False,4.3,0.018169533859526823,0.0005476134625359706,418.2065630397237
YsY8vk-YBU4,Buon Compleanno Andrea! #Andrea60,"Una meravigliosa sorpresa, da parte di tanti amici, per il 60° compleanno di Andrea!

Grazie: Placido Domingo, Giuseppe Fiorello, Eros Ramazzotti, Marco Armiliato, Alessandro Gassman, Christian De Sica, Tiziano Ferro, Maria Grazia Cucinotta, Laura Pausini, Gianna Nannini, Luisa Ranieri, Zubin Mehta, Milly Carlucci, Raphael Gualazzi official, Caterina Caselli Sugar, Cristiana Capotondi, Giuliano Sangiorgi, Tony Renis.

Music by: Jonny May

Subscribe to Andrea's YouTube:
https://www.youtube.com/c/AndreaBocelli?sub_confirmation=1
Listen to the Essentials playlist: https://andreabocelli.lnk.to/EssentialsID

Follow Andrea:
Facebook: https://www.facebook.com/AndreaBocelli
Instagram: https://www.instagram.com/AndreaBocelli
Twitter: https://twitter.com/AndreaBocelli
YouTube: https://www.youtube.com/AndreaBocelli
TikTok: https://www.tiktok.com/@andreabocelliof

#AndreaBocelli #Bocelli #Andrea60",2018-09-23 18:19:35+00:00,216,5357,94,2,False,PT2M7S,127,hd,false,False,,10,it,none,2018,2907,False,False,2.1166666666666667,0.01754713459025574,0.00037334328915437746,1.8427932576539388
386ieCwk9Rk,Happy Birthday Andrea! #Andrea60 (60th Birthday Message),"A wonderful surprise, from some good friends, for Andrea's 60th birthday!

Thanks: Lang Lang - 郎朗, Al Pacino, Robert De Niro, Zubin Mehta, Tom Cruise, Reba McEntire, Petra Nemcova - Official, Charles Aznavour, Erika Lemay, Barbra Streisand, Larry King, Elton John, Duchess Sarah Ferguson, Sir Bryn Terfel, John Travolta, Ronnie Dunn, U2, Madonna, Sumi Jo, David Foster, Noa (Achinoam Nini), Jo Champa, 2CELLOS, Billy Joel, Laura Pausini, Sylvester Stallone, Gloria & Emilio Estefan, Lola Astanova, Katherine Jenkins, Josh Groban, Caroline Campbell, Francis Ford Coppola, Aida Garifullina, Anastasiya Petryshak, Victoria Silvestedt, Michael Radford, James Taylor, Nial Horan, Brian McKnight, Bob Ezrin, Placido Domingo, Annie Lennox.

Music by Jonny May.

Subscribe to Andrea's YouTube:
https://www.youtube.com/c/AndreaBocelli?sub_confirmation=1
Listen to the Essentials playlist: https://andreabocelli.lnk.to/EssentialsID

Follow Andrea:
Facebook: https://www.facebook.com/AndreaBocelli
Instagram: https://www.instagram.com/AndreaBocelli
Twitter: https://twitter.com/AndreaBocelli
YouTube: https://www.youtube.com/AndreaBocelli
TikTok: https://www.tiktok.com/@andreabocelliof

#AndreaBocelli #Bocelli #Bocelli60",2018-09-23 18:15:27+00:00,217,52588,2783,403,False,PT7M48S,468,hd,false,False,,10,en,none,2018,2907,False,False,7.8,0.05292081843766639,0.0076633452498668896,18.090127278981768
ChcR2gKt5WM,"Andrea Bocelli, Matteo Bocelli - Fall On Me (Official Music Video)","Andrea Bocelli, Matteo Bocelli - Fall On Me (Official Music Video)

Andrea Bocelli ‘Duets’ 30th Anniversary, 30 years of bringing people together.
The definitive collection of ‘Duets’ is released Friday 25th October.
Pre-Order 'Duets' here: https://AndreaBocelli.lnk.to/DuetsID

""Anyone who is a parent, anyone who knows the precious responsibility of being a mother or a father, will fully grasp the meaning of this piece. ‘Fall On Me’ is the first time I have duetted with my son Matteo Bocelli"".
Listen or buy ""Fall on Me"" here: https://andreabocelli.lnk.to/BocelliFallOnMeYT
Subscribe to Andrea Bocelli’s YouTube channel & ring the bell to never miss a new video: https://AndreaBocelli.lnk.to/YTSignUpID

Sign up for Andrea Bocelli’s Email List: https://AndreaBocelli.lnk.to/MailingListSignUpID

Follow Andrea Bocelli: 
Instagram: https://www.instagram.com/andreabocelliofficial
Facebook: https://www.facebook.com/andreabocelli/YouTube
YouTube: https://www.youtube.com/channel/UCb4JB8-ZAeceuR7EPCPOPzg
TikTok:  https://www.tiktok.com/@andreabocelliof?lang=en
X: https://x.com/AndreaBocelliWebsite
Website: https://www.andreabocelli.com/

#AndreaBocelli #MatteoBocelli #FallOnMe

----
VIDEO
Director, Dop and Editing: Gaetano Morbioli
Production: Run Multimedia for Sugar Srl and Decca Records UK
Producer: Carlotta De Conti
Assistant Director: Peter Facchetti
Technical Director: Alberto Bonturi
Set Assistant: Luca Orlandi
Production Assistant: Anna Zavatteri 
Studio Assistant: Damiano Bellamoli
Stylist: Alberto e Ilaria Bartalini
Make Up & Hair: Antonella Melani
Backstage: Luca Scota
Seamstress: Sara Ermetici
Location Manager Milan: Attilio Bertuccioli
Camera Assistant: Simone Forti
Studio Assistant: Damiano Bellamoli
Production Manager for Sugar: Francesco Pasquero
Location: Palazzo del Ghiaccio, Milano
Thanks to: Furcht Pianoforti Milano
Andrea Bocelli and Matteo Bocelli wear Stefano Ricci

AUDIO
Lyrics by Ian Axel - Chad Vaccarino - Matteo Bocelli - Fortunato Zampaglione
Music by Ian Axel - Chad Vaccarino
Publishing: Songs of Universal, Inc. / Ian Axel Music / Chad Vaccarino Publishing / Sugarmusic S.p.a. / Almud Ed. Mus. S.r.l.

Produced and mixed by Bob Ezrin
AB and MB vocals engineered by Pierpaolo Guerrini at AB Studio, Forte dei Marmi, Italy and PPG Studio in S. Pietro Belvedere, Pisa, Italy
Additional engineering by Justin Cortelyou
Mix engineered by Justin Cortelyou at Anarchy Studios, Nashville, Tennessee, USA
Assistant mix engineer: Kyle Blunt
Orchestra arranged and conducted by John Metcalfe
Orchestra recorded by Jonathan Allen at Air Lyndhurst Studios London, UK
Assistant recording engineer: Alex Fergusson
Recordist: Adam Miller
Orchestra Contractor: Lucy Whalley for Isobel Griffiths Ltd.
Orchestra Leader: Everton Nelson
Librarian: Dave Foster
Spanish vocals recorded by Pierpaolo Guerrini at AB Studio, Forte dei Marmi, Italy and PPG Studio in S. Pietro Belvedere, Pisa, Italy
Mastered by Bob Ludwig at Gateway Mastering Studios Inc, Portland, Maine, USA

A production by Sugar S.r.l. licensed internationally to Decca Records UK",2018-09-22 07:00:03+00:00,218,128463297,1195206,35249,False,PT4M25S,265,hd,true,True,Andrea Bocelli|andrea bocelli 2018|andrea bocelli new album|if only|con te partiro|time to say goodbye|ed sheeran|ed sheeran perfect|vivo per lei|ariana grande|celine dion the prayer|fall on me|matteo bocelli|andrea bocelli and sarah brightman|night in tuscany|andrea bocelli duets|andrea bocelli hits|한글자막|Türkçe Altyazılı|Phụ đề tiếng Việt|Subtitles in Tagalog|Teks dalam Bahasa Indonesia|安德烈波切俐|classical pop|duets,10,en,none,2018,2909,False,False,4.416666666666667,0.009303871439637736,0.0002743896569928452,44160.63836369887
1tzZrY0L9WU,"Andrea Bocelli, Matteo Bocelli - Ven a Mi (Official Music Video)","Andrea Bocelli & Matteo Bocelli - Ven a Mi (Official Music Video)
Stream Andrea Bocelli: https://AndreaBocelli.lnk.to/streamID
Subscribe to Andrea Bocelli’s YouTube channel & ring the bell to never miss a new video: https://AndreaBocelli.lnk.to/YTSignUpID

Sign up for Andrea Bocelli’s Email List: https://AndreaBocelli.lnk.to/MailingListSignUpID

Follow Andrea Bocelli: 
Instagram: https://www.instagram.com/andreabocelliofficial
Facebook: https://www.facebook.com/andreabocelli/YouTube
YouTube: https://www.youtube.com/channel/UCb4JB8-ZAeceuR7EPCPOPzg
TikTok:  https://www.tiktok.com/@andreabocelliof?lang=en
X: https://x.com/AndreaBocelliWebsite
Website: https://www.andreabocelli.com/

#AndreaBocelli

----
VIDEO 
Director, Dop and Editing: Gaetano Morbioli
Production: Run Multimedia for Sugar Srl and Decca Records UK
Producer: Carlotta De Conti 
Assistant Director: Peter Facchetti
Technical Director: Alberto Bonturi 
Set Assistant: Luca Orlandi
Production Assistant: Anna Zavatteri 
Studio Assistant: Damiano Bellamoli
Stylist: Alberto e Ilaria Bartalini
Make Up & Hair: Antonella Melani
Backstage: Luca Scota
Seamstress: Sara Ermetici
Location Manager Milan: Attilio Bertuccioli
Camera Assistant: Simone Forti
Studio Assistant: Damiano Bellamoli
Production Manager for Sugar: Francesco Pasquero 
Location: Palazzo del Ghiaccio, Milano
Thanks to: Furcht Pianoforti Milano
Andrea Bocelli and Matteo Bocelli wear Stefano Ricci

AUDIO
Lyrics by Ian Axel - Chad Vaccarino - Matteo Bocelli - Fortunato Zampaglione
Music by Ian Axel - Chad Vaccarino
Ven a Mi “Fall on me” Spanish adaptation by Diego Martinez Galindo
Publishing: Songs of Universal, Inc. / Ian Axel Music / Chad Vaccarino Publishing / Sugarmusic S.p.a. / Almud Ed. Mus. S.r.l.

Produced and mixed by Bob Ezrin 
AB and MB vocals engineered by Pierpaolo Guerrini at AB Studio, Forte dei Marmi, Italy and PPG Studio in S. Pietro Belvedere, Pisa, Italy
Additional engineering by Justin Cortelyou 
Mix engineered by Justin Cortelyou at Anarchy Studios, Nashville, Tennessee, USA
Assistant mix engineer: Kyle Blunt
Orchestra arranged and conducted by John Metcalfe
Orchestra recorded by Jonathan Allen at Air Lyndhurst Studios London, UK
Assistant recording engineer: Alex Fergusson
Recordist: Adam Miller
Orchestra Contractor: Lucy Whalley for Isobel Griffiths Ltd.
Orchestra Leader: Everton Nelson
Librarian: Dave Foster
Spanish vocals recorded by Pierpaolo Guerrini at AB Studio, Forte dei Marmi, Italy and PPG Studio in S. Pietro Belvedere, Pisa, Italy
Mastered by Bob Ludwig at Gateway Mastering Studios Inc, Portland, Maine, USA

A production by Sugar S.r.l. licensed internationally to Decca Records UK",2018-09-22 04:00:00+00:00,219,35419407,393497,10936,False,PT4M25S,265,hd,true,True,Andrea|Bocelli|Matteo|Ven|Decca|(UMO)|(Classics)|Classical|Crossover,10,en,none,2018,2909,False,False,4.416666666666667,0.011109643930515268,0.00030875728664796675,12175.801650051564
SlLiP-t6RsI,Andrea Bocelli - Lajatico: Teatro del Silenzio 2018 (Part 2),"Subscribe to Andrea's YouTube:
https://www.youtube.com/c/AndreaBocelli?sub_confirmation=1
Listen to the Essentials playlist: https://andreabocelli.lnk.to/EssentialsID

Follow Andrea:
Facebook: https://www.facebook.com/AndreaBocelli
Instagram: https://www.instagram.com/AndreaBocelli
Twitter: https://twitter.com/AndreaBocelli
YouTube: https://www.youtube.com/AndreaBocelli
TikTok: https://www.tiktok.com/@andreabocelliof

#AndreaBocelli #Bocelli",2018-08-09 15:20:48+00:00,220,78818,1831,100,False,PT4M26S,266,sd,false,False,,10,it,none,2018,2952,False,False,4.433333333333334,0.023230734096272423,0.001268745717983202,26.699864498644985
0BfLucBnQT8,Andrea Bocelli - Lajatico: Teatro del Silenzio 2018 (Part 1),"Subscribe to Andrea's YouTube:
https://www.youtube.com/c/AndreaBocelli?sub_confirmation=1
Listen to the Essentials playlist: https://andreabocelli.lnk.to/EssentialsID

Follow Andrea:
Facebook: https://www.facebook.com/AndreaBocelli
Instagram: https://www.instagram.com/AndreaBocelli
Twitter: https://twitter.com/AndreaBocelli
YouTube: https://www.youtube.com/AndreaBocelli
TikTok: https://www.tiktok.com/@andreabocelliof

#AndreaBocelli #Bocelli",2018-08-09 15:20:38+00:00,221,110943,2044,111,False,PT5M48S,348,sd,false,False,,10,it,none,2018,2952,False,False,5.8,0.01842387532336425,0.0010005137773451231,37.582317073170735
mPUWGYez-jg,Andrea Bocelli - If Only (Live at Alpemare),"Andrea Bocelli introduces his latest single “If Only” live at the Alpemare beach club in Forte dei Marmi.

‘Qualcosa più dell’Oro’ Lyrics by Lucio Quarantotto / Music by Francesco Sartori
‘If Only’ English adaptation by Shridhar Solanki
Publishing: Sugarmusic S.p.a. / Almud Ed. Mus. S.r.l.
Produced by Bob Ezrin and Mauro Malavasi / Mixed by Bob Ezrin

Pre order 'Sì': https://AndreaBocelli.lnk.to/SiAlbum 
Listen to ‘If Only’: https://andreabocelli.lnk.to/IfOnlySingle 

Watch the Music for Hope full event here: https://andreabocelli.lnk.to/LiveFromDuomoID
Listen to the Music for Hope full event here: https://andreabocelli.lnk.to/MusicForHope1ID

Subscribe to Andrea Bocelli’s YouTube channel & ring the bell to never miss a new video: https://AndreaBocelli.lnk.to/YTSignUpID

Sign up for Andrea Bocelli’s Email List: https://AndreaBocelli.lnk.to/MailingListSignUpID

Follow Andrea Bocelli: 
Instagram: https://www.instagram.com/andreabocelliofficial
Facebook: https://www.facebook.com/andreabocelli/YouTube
YouTube: https://www.youtube.com/channel/UCb4JB8-ZAeceuR7EPCPOPzg
TikTok:  https://www.tiktok.com/@andreabocelliof?lang=en
X: https://x.com/AndreaBocelliWebsite
Website: https://www.andreabocelli.com/
#AndreaBocelli #Bocelli 

Director 
Luca Scota
Daniele Bartoli

Edit by 
Diletta Fernandez

Production Manager for Sugar: Francesco Pasquero

Production house
Stranirumori 

Color Grading
Tiziano Fioriti

Job operator
Luca Nonni 
Marco zarotti

Cameras operators
Luca Capua
Nari Marco
Granzetti Diego
Daniele Cignini
Tiziano fioriti

Drone operator for Strani Rumori Studio
Nicolò Baronci

Audio Post Production
Vanni Tagliavento

Special thanks to Alpemare Beach Club",2018-08-03 07:01:01+00:00,222,4096321,25500,1011,False,PT5M38S,338,hd,false,True,Andrea Bocelli|Decca/Sugar|Classical Crossover,10,en,none,2018,2959,False,False,5.633333333333334,0.006225098081913014,0.0002468068298358454,1384.3599188915175
v0lz4n-NsAo,Andrea Bocelli - If Only (Making Of),"Andrea Bocelli – If Only (Making Of)
 
‘Qualcosa più dell’Oro’ Lyrics by Lucio Quarantotto / Music by Francesco Sartori
‘If Only’ English adaptation by Shridhar Solanki
Publishing: Sugarmusic S.p.a. / Almud Ed. Mus. S.r.l.
Produced by Bob Ezrin and Mauro Malavasi / Mixed by Bob Ezrin
 
Pre order 'Sì': https://AndreaBocelli.lnk.to/SiAlbum 
Listen to ‘If Only’: https://AndreaBocelli.lnk.to/IfOnlySingle 
 
Watch the Music for Hope full event here: https://andreabocelli.lnk.to/LiveFromDuomoID
Listen to the Music for Hope full event here: https://andreabocelli.lnk.to/MusicForHope1ID

Follow Andrea Bocelli on:
Facebook - https://www.facebook.com/andreabocelli/  
Instagram - https://www.instagram.com/andreabocelliofficial  
Twitter - https://www.twitter.com/andreabocelli   

Music video by Andrea Bocelli performing If Only. © 2018 Sugar S.R.L., under exclusive licence to Universal Music Operations Ltd",2018-07-10 07:01:00+00:00,223,163538,3945,182,False,PT3M37S,217,hd,false,True,Andrea|Bocelli|Only|Decca|(UMO)|(Classics)|Classical|Crossover,10,en,none,2018,2983,False,False,3.6166666666666667,0.02412283383678411,0.001112891193484083,54.82333221589004
VkAZnZ8iITg,#AB2018 - Veronica Berti - Teaser 7,"""Since the first moment it was spring for both our lives"".
Veronica Berti, wife of Andrea Bocelli 
#AB2018

Subscribe to Andrea's YouTube:
https://www.youtube.com/c/AndreaBocelli?sub_confirmation=1
Listen to the Essentials playlist: https://andreabocelli.lnk.to/EssentialsID

Follow Andrea:
Facebook: https://www.facebook.com/AndreaBocelli
Instagram: https://www.instagram.com/AndreaBocelli
Twitter: https://twitter.com/AndreaBocelli
YouTube: https://www.youtube.com/AndreaBocelli
TikTok: https://www.tiktok.com/@andreabocelliof

#AndreaBocelli #Bocelli",2018-07-05 13:00:02+00:00,224,118984,2678,69,False,PT55S,55,hd,false,False,,10,en,none,2018,2987,False,True,0.9166666666666666,0.022507227862569756,0.0005799099038526188,39.83394710411785
vHgkukPCxlo,#AB2018 - Virginia Bocelli - Teaser 6,"""...and then my dad comes back and hugs me"".
Virginia Bocelli, daughter of Andrea Bocelli 
#AB2018

Subscribe to Andrea's YouTube:
https://www.youtube.com/c/AndreaBocelli?sub_confirmation=1
Listen to the Essentials playlist: https://andreabocelli.lnk.to/EssentialsID

Follow Andrea:
Facebook: https://www.facebook.com/AndreaBocelli
Instagram: https://www.instagram.com/AndreaBocelli
Twitter: https://twitter.com/AndreaBocelli
YouTube: https://www.youtube.com/AndreaBocelli
TikTok: https://www.tiktok.com/@andreabocelliof

#AndreaBocelli #Bocelli",2018-07-04 10:00:48+00:00,225,405878,6122,180,False,PT59S,59,hd,false,False,,10,en,none,2018,2988,False,True,0.9833333333333333,0.015083350169262684,0.00044348301706424097,135.83601070950468
bsfGrGFtdfk,Andrea Bocelli - Qualcosa Più Dell'Oro (Lyric Video),"‘Return To Love’ featuring Ellie Goulding is out now! Listen here: https://andreabocelli.lnk.to/ReturnToLoveID
Pre-order ""Sì Forever"", the new album from Andrea Bocelli, here: https://andreabocelli.lnk.to/SiForever 

‘Qualcosa più dell’Oro’ Lyrics by Lucio Quarantotto / Music by Francesco Sartori
Publishing: Sugarmusic S.p.a. / Almud Ed. Mus. S.r.l.
Produced by Bob Ezrin and Mauro Malavasi / Mixed by Bob Ezrin

Pre order the album 'Sì': https://AndreaBocelli.lnk.to/SiAlbum 
Listen to ‘Qualcosa più dell’Oro’: https://AndreaBocelli.lnk.to/IfOnlySingle 

Watch the Music for Hope full event here: https://andreabocelli.lnk.to/LiveFromDuomoID
Listen to the Music for Hope full event here: https://andreabocelli.lnk.to/MusicForHope1ID

Subscribe to Andrea Bocelli’s YouTube channel & ring the bell to never miss a new video: https://AndreaBocelli.lnk.to/YTSignUpID

Sign up for Andrea Bocelli’s Email List: https://AndreaBocelli.lnk.to/MailingListSignUpID

Follow Andrea Bocelli: 
Instagram: https://www.instagram.com/andreabocelliofficial
Facebook: https://www.facebook.com/andreabocelli/YouTube
YouTube: https://www.youtube.com/channel/UCb4JB8-ZAeceuR7EPCPOPzg
TikTok:  https://www.tiktok.com/@andreabocelliof?lang=en
X: https://x.com/AndreaBocelliWebsite
Website: https://www.andreabocelli.com/
#AndreaBocelli #Bocelli 

Lyric video by Andrea Bocelli performing Qualcosa più dell’Oro. © 2018 Sugar S.R.L., under exclusive licence to Universal Music Operations Ltd",2018-06-29 10:00:04+00:00,226,527367,9216,330,False,PT3M42S,222,hd,false,True,#EllieGoulding #ReturnToLove #AndreaBocelli #SiForever #NewAlbum|Andrea|Bocelli|Qualcosa|Più|Dell'Oro|(Lyric|Video)|classical|pop,10,it,none,2018,2993,False,False,3.7,0.017475496191456802,0.0006257501891472162,176.20013364517206
OXTC_JA7SFA,Andrea Bocelli - If Only (Lyric Video),"‘Return To Love’ featuring Ellie Goulding is out now! Listen here: https://andreabocelli.lnk.to/ReturnToLoveID
Pre-order ""Sì Forever"", the new album from Andrea Bocelli, here: https://andreabocelli.lnk.to/SiForever 

‘Qualcosa più dell’Oro’ Lyrics by Lucio Quarantotto / Music by Francesco Sartori
‘If Only’ English adaptation by Shridhar Solanki
Publishing: Sugarmusic S.p.a. / Almud Ed. Mus. S.r.l.
Produced by Bob Ezrin and Mauro Malavasi / Mixed by Bob Ezrin

Pre order the album 'Sì': https://AndreaBocelli.lnk.to/SiAlbum 
Listen to ‘If Only’: https://AndreaBocelli.lnk.to/IfOnlySingle 

Watch the Music for Hope full event here: https://andreabocelli.lnk.to/LiveFromDuomoID
Listen to the Music for Hope full event here: https://andreabocelli.lnk.to/MusicForHope1ID

Subscribe to Andrea Bocelli’s YouTube channel & ring the bell to never miss a new video: https://AndreaBocelli.lnk.to/YTSignUpID

Sign up for Andrea Bocelli’s Email List: https://AndreaBocelli.lnk.to/MailingListSignUpID

Follow Andrea Bocelli: 
Instagram: https://www.instagram.com/andreabocelliofficial
Facebook: https://www.facebook.com/andreabocelli/YouTube
YouTube: https://www.youtube.com/channel/UCb4JB8-ZAeceuR7EPCPOPzg
TikTok:  https://www.tiktok.com/@andreabocelliof?lang=en
X: https://x.com/AndreaBocelliWebsite
Website: https://www.andreabocelli.com/
#AndreaBocelli #Bocelli 

Lyric video by Andrea Bocelli performing If Only. © 2018 Sugar S.R.L., under exclusive licence to Universal Music Operations Ltd",2018-06-29 07:01:00+00:00,227,878791,12965,315,False,PT3M42S,222,hd,false,True,#EllieGoulding #ReturnToLove #AndreaBocelli #SiForever #NewAlbum|Andrea|Bocelli|Only|(Lyric|Video),10,en,none,2018,2994,False,False,3.7,0.01475322346268908,0.0003584470027571971,293.5173680694723
odYBMkN5iIQ,Andrea Bocelli - Tu Eres Mi Tesoro (Lyric Video),"Music video by Andrea Bocelli performing Tu Eres Mi Tesoro (Lyric Video).© 2018 Sugar s.r.l., under exclusive license to Decca Records, a division of Universal Music Operations Limited",2018-06-29 07:01:00+00:00,228,6725663,81128,3289,False,PT3M42S,222,hd,false,True,#EllieGoulding #ReturnToLove #AndreaBocelli #SiForever #NewAlbum|Andrea|Bocelli|Eres|Tesoro|(Lyric|Video),10,en,none,2018,2994,False,False,3.7,0.01206245391718259,0.0004890224205405475,2246.38042752171
xD13IZg_QT0,Andrea Bocelli - If Only (Jimmy Kimmel Live!),"Music video by Andrea Bocelli performing If Only (Jimmy Kimmel Live!).© 2018 Sugar s.r.l., under exclusive license to Decca Records, a division of Universal Music Operations Limited",2018-06-26 17:00:05+00:00,229,231800,5770,338,False,PT3M56S,236,hd,true,True,Andrea|Bocelli|Only|Decca|(UMO)|(Classics)|Classical|Crossover,10,en,none,2018,2996,False,False,3.933333333333333,0.024892148403796378,0.0014581535806729939,77.36982643524699
313DPgJJq6w,#AB2018 - Matteo Bocelli - Teaser 5,"""He's part of me and he's part of what i have become"".
Matteo Bocelli, son of Andrea Bocelli
#AB2018

Subscribe to Andrea's YouTube:
https://www.youtube.com/c/AndreaBocelli?sub_confirmation=1
Listen to the Essentials playlist: https://andreabocelli.lnk.to/EssentialsID

Follow Andrea:
Facebook: https://www.facebook.com/AndreaBocelli
Instagram: https://www.instagram.com/AndreaBocelli
Twitter: https://twitter.com/AndreaBocelli
YouTube: https://www.youtube.com/AndreaBocelli
TikTok: https://www.tiktok.com/@andreabocelliof

#AndreaBocelli #Bocelli",2018-06-21 15:25:33+00:00,230,114908,4016,121,False,PT55S,55,hd,false,False,andrea bocelli|bocelli si|bocelli 2018|bocelli new album|andrea bocelli live|time to say goodbye|con te partirò,10,en,none,2018,3001,False,True,0.9166666666666666,0.03494969888954642,0.0010530163261043618,38.289903365544816
edsGKQNsAv0,#AB2018 - Amos Bocelli - Teaser 4,"""We started together and it has really been a breathtaking journey"".
Amos Bocelli, son of Andrea Bocelli 
#AB2018

Subscribe to Andrea's YouTube:
https://www.youtube.com/c/AndreaBocelli?sub_confirmation=1
Listen to the Essentials playlist: https://andreabocelli.lnk.to/EssentialsID

Follow Andrea:
Facebook: https://www.facebook.com/AndreaBocelli
Instagram: https://www.instagram.com/AndreaBocelli
Twitter: https://twitter.com/AndreaBocelli
YouTube: https://www.youtube.com/AndreaBocelli
TikTok: https://www.tiktok.com/@andreabocelliof

#AndreaBocelli #Bocelli",2018-06-21 15:22:38+00:00,231,146166,2198,71,False,PT55S,55,hd,false,False,andrea bocelli|andrea bocelli si|andrea bocelli new album|perfect|vivo per lei|time to say goodbye|con te partirò,10,en,none,2018,3001,False,True,0.9166666666666666,0.01503769686520805,0.0004857490798133629,48.70576474508497
NxqHy08PtQU,Andrea Bocelli - Tu Eres Mi Tesoro,"‘Return To Love’ featuring Ellie Goulding is out now! Listen here: https://andreabocelli.lnk.to/ReturnToLoveID
Pre-order ""Sì Forever"", the new album from Andrea Bocelli, here: https://andreabocelli.lnk.to/SiForever 
 
Subscribe to Andrea Bocelli’s YouTube channel & ring the bell to never miss a new video: https://AndreaBocelli.lnk.to/YTSignUpID

Sign up for Andrea Bocelli’s Email List: https://AndreaBocelli.lnk.to/MailingListSignUpID

Follow Andrea Bocelli: 
Instagram: https://www.instagram.com/andreabocelliofficial
Facebook: https://www.facebook.com/andreabocelli/YouTube
YouTube: https://www.youtube.com/channel/UCb4JB8-ZAeceuR7EPCPOPzg
TikTok:  https://www.tiktok.com/@andreabocelliof?lang=en
X: https://x.com/AndreaBocelliWebsite
Website: https://www.andreabocelli.com/
#AndreaBocelli #Bocelli 

Watch the Music for Hope full event here: https://andreabocelli.lnk.to/LiveFromDuomoID
Listen to the Music for Hope full event here: https://andreabocelli.lnk.to/MusicForHope1ID

The debut single from the forthcoming album, ‘Sì’ (Sugar / Decca).

After 14 years, Maestro Andrea Bocelli returns with a record entirely composed of new songs and produced by Bob Ezrin

Pre order 'Sì': https://AndreaBocelli.lnk.to/SiAlbum 
Listen to ‘If Only’: https://AndreaBocelli.lnk.to/IfOnlySingle 

MUSIC
‘Qualcosa più dell’Oro’ Lyrics by Lucio Quarantotto / Music by Francesco Sartori
‘Tu Eres Mi Tesoro’ Spanish adaptation by Diego Martinez Galindo
Publishing: Sugarmusic S.p.a. / Almud Ed. Mus. S.r.l.
Produced by Bob Ezrin and Mauro Malavasi / Mixed by Bob Ezrin

VIDEO
Director, DoP and Editing: Gaetano Morbioli
Video concept creation: Francesco Pasquero and Gaetano Morbioli
Production: Run Multimedia for Sugar Srl
Producer: Carlotta De Conti and Federica Filippini 
Assistant Director: Peter Facchetti
Camera Assistant: Marco Gelmini
Backstage: Luca Scota
Set Assistant: Alberto Bonturi
Production Assistant: Anna Zavatteri, Lorella Gottardi
Graphic Motion: Mauro Pittarello
Styling: Ilaria Bartalini
Make Up & Hair: Antonella Melani
Make Up & Hair Ass.: Martina Suppa
Make Up & Hair Extras: Michela Dalla Brea
Seamstress: Elda Battaglia
Styling Extras: Lisa Crescioli
Casting Extras: Tony D’Agrosa
Vintage Dress Extras: Isacco Abbigliamento Bergamo, Street Doing Vintage Couture Firenze
Production Manager for Sugar: Francesco Pasquero

Thanks to: Tenuta Bocelli Poggioncino, Academy Musical Education Verona, Primary School Nereo Merighi Novaglie, Corte Molon and Radio Museum Verona

A production by Sugar Srl and Decca Records

Music video by Andrea Bocelli performing Tu Eres Mi Tesoro. © 2018 Sugar S.R.L., under exclusive licence to Universal Music Operations Ltd",2018-06-18 07:01:00+00:00,232,7179564,82659,1745,False,PT3M41S,221,hd,true,True,#EllieGoulding #ReturnToLove #AndreaBocelli #SiForever #NewAlbum|Andrea|Bocelli|Eres|Tesoro|classical|pop|opera,10,en,none,2018,3005,False,False,3.683333333333333,0.01151309466702992,0.00024305097078318404,2389.205990016639
QIXVgfzAsGI,Andrea Bocelli - Qualcosa più dell'Oro,"‘Return To Love’ featuring Ellie Goulding is out now! Listen here: https://andreabocelli.lnk.to/ReturnToLoveID
Pre-order ""Sì Forever"", the new album from Andrea Bocelli, here: https://andreabocelli.lnk.to/SiForever 

Watch the Music for Hope full event here: https://andreabocelli.lnk.to/LiveFromDuomoID
Listen to the Music for Hope full event here: https://andreabocelli.lnk.to/MusicForHope1ID

The debut single from the forthcoming album,‘Sì’ (Sugar / Decca).

After 14 years, Maestro Andrea Bocelli returns with a record entirely composed of new songs and produced by Bob Ezrin

Pre order 'Sì': https://AndreaBocelli.lnk.to/SiAlbum 
Listen to ‘If Only’: https://AndreaBocelli.lnk.to/IfOnlySingle 

MUSIC
‘Qualcosa più dell’Oro’ Lyrics by Lucio Quarantotto / Music by Francesco Sartori
Publishing: Sugarmusic S.p.a. / Almud Ed. Mus. S.r.l.
Produced by Bob Ezrin and Mauro Malavasi / Mixed by Bob Ezrin

VIDEO
Director, DoP and Editing: Gaetano Morbioli
Video concept creation: Francesco Pasquero and Gaetano Morbioli
Production: Run Multimedia for Sugar Srl
Producer: Carlotta De Conti and Federica Filippini 
Assistant Director: Peter Facchetti
Camera Assistant: Marco Gelmini
Backstage: Luca Scota
Set Assistant: Alberto Bonturi
Production Assistant: Anna Zavatteri, Lorella Gottardi
Graphic Motion: Mauro Pittarello
Styling: Ilaria Bartalini
Make Up & Hair: Antonella Melani
Make Up & Hair Ass.: Martina Suppa
Make Up & Hair Extras: Michela Dalla Brea
Seamstress: Elda Battaglia
Styling Extras: Lisa Crescioli
Casting Extras: Tony D’Agrosa
Vintage Dress Extras: Isacco Abbigliamento Bergamo, Street Doing Vintage Couture Firenze

Production Manager for Sugar: Francesco Pasquero

Thanks to: Tenuta Bocelli Poggioncino, Academy Musical Education Verona, Primary School Nereo Merighi Novaglie, Corte Molon and Radio Museum Verona

A production by Sugar Srl and Decca Records

Music video by Andrea Bocelli performing Qualcosa più dell'Oro. © 2018 Sugar S.R.L., under exclusive licence to Universal Music Operations Ltd",2018-06-18 07:01:00+00:00,233,593135,8319,310,False,PT3M41S,221,hd,true,True,#EllieGoulding|#ReturnToLove|#AndreaBocelli|#SiForever|#NewAlbum,10,it,none,2018,3005,False,False,3.683333333333333,0.014025474807590178,0.0005226466150201894,197.3826955074875
RFPTjcS4E_U,Andrea Bocelli - If Only,"‘Return To Love’ featuring Ellie Goulding is out now! Listen here: https://andreabocelli.lnk.to/ReturnToLoveID
Pre-order ""Sì Forever"", the new album from Andrea Bocelli, here: https://andreabocelli.lnk.to/SiForever 

Watch the Music for Hope full event here: https://andreabocelli.lnk.to/LiveFromDuomoID
Listen to the Music for Hope full event here: https://andreabocelli.lnk.to/MusicForHope1ID

The debut single from the forthcoming album, ‘Sì’ (Sugar / Decca).

After 14 years, Maestro Andrea Bocelli returns with a record entirely composed of new songs and produced by Bob Ezrin

Pre order 'Sì': https://AndreaBocelli.lnk.to/SiAlbum 
Listen to ‘If Only’: https://AndreaBocelli.lnk.to/IfOnlySingle 

MUSIC
‘Qualcosa più dell’Oro’ Lyrics by Lucio Quarantotto / Music by Francesco Sartori
‘If Only’ English adaptation by Shridhar Solanki
Publishing: Sugarmusic S.p.a. / Almud Ed. Mus. S.r.l.
Produced by Bob Ezrin and Mauro Malavasi / Mixed by Bob Ezrin

VIDEO
Director, DoP and Editing: Gaetano Morbioli
Video concept creation: Francesco Pasquero and Gaetano Morbioli
Production: Run Multimedia for Sugar Srl
Producer: Carlotta De Conti and Federica Filippini 
Assistant Director: Peter Facchetti
Camera Assistant: Marco Gelmini
Backstage: Luca Scota
Set Assistant: Alberto Bonturi
Production Assistant: Anna Zavatteri, Lorella Gottardi
Graphic Motion: Mauro Pittarello
Styling: Ilaria Bartalini
Make Up & Hair: Antonella Melani
Make Up & Hair Ass.: Martina Suppa
Make Up & Hair Extras: Michela Dalla Brea
Seamstress: Elda Battaglia
Styling Extras: Lisa Crescioli
Casting Extras: Tony D’Agrosa
Vintage Dress Extras: Isacco Abbigliamento Bergamo, Street Doing Vintage Couture Firenze

Production Manager for Sugar: Francesco Pasquero

Thanks to: Tenuta Bocelli Poggioncino, Academy Musical Education Verona, Primary School Nereo Merighi Novaglie, Corte Molon and Radio Museum Verona

A production by Sugar Srl and Decca Records

Music video by Andrea Bocelli performing If Only. © 2018 Sugar S.R.L., under exclusive licence to Universal Music Operations Ltd",2018-06-18 04:00:01+00:00,234,4792657,38895,1238,False,PT3M41S,221,hd,false,True,#EllieGoulding|#ReturnToLove|#AndreaBocelli|#SiForever|#NewAlbum,10,en,none,2018,3005,False,False,3.683333333333333,0.00811554008559344,0.0002583118299515279,1594.894176372712
nDrzwN0m-Ec,#AB2018 - Andrea's Birth - Teaser 3,"“Our sons and daughters know how to touch our hearts.”
Edi Aringhieri, mother of Andrea Bocelli
#AB2018

Subscribe to Andrea's YouTube:
https://www.youtube.com/c/AndreaBocelli?sub_confirmation=1
Listen to the Essentials playlist: https://andreabocelli.lnk.to/EssentialsID

Follow Andrea:
Facebook: https://www.facebook.com/AndreaBocelli
Instagram: https://www.instagram.com/AndreaBocelli
Twitter: https://twitter.com/AndreaBocelli
YouTube: https://www.youtube.com/AndreaBocelli
TikTok: https://www.tiktok.com/@andreabocelliof

#AndreaBocelli #Bocelli",2018-06-16 13:00:09+00:00,235,35220,1080,42,False,PT1M6S,66,hd,false,False,,10,en,none,2018,3006,False,False,1.1,0.030664395229982964,0.001192504258943782,11.716566866267465
BunqHrVvy2I,Andrea Bocelli - Sì (Official Album Announcement),"We are delighted to announce Sì, Andrea Bocelli's comeback album of brand new songs after 14 years. Sì is a celebration of love, family, faith, and hope.

Listen to If Only: https://decca.lnk.to/BocelliIfOnlyID
Watch the music video of If Only: https://decca.lnk.to/BocelliIfOnlyVideoID

Subscribe to Andrea's YouTube:
https://www.youtube.com/c/AndreaBocelli?sub_confirmation=1
Listen to the Essentials playlist: https://andreabocelli.lnk.to/EssentialsID

Follow Andrea:
Facebook: https://www.facebook.com/AndreaBocelli
Instagram: https://www.instagram.com/AndreaBocelli
Twitter: https://twitter.com/AndreaBocelli
YouTube: https://www.youtube.com/AndreaBocelli
TikTok: https://www.tiktok.com/@andreabocelliof

#AndreaBocelli #Bocelli #Si",2018-06-15 08:32:39+00:00,236,517662,6172,209,False,PT1M2S,62,hd,false,False,Andrea Bocelli|si|andrea bocelli 2018|andrea bocelli new album,10,en,none,2018,3007,False,False,1.0333333333333334,0.01192283768173055,0.00040373834664317646,172.15231127369472
5c27rBIIc5A,#AB2018 - Edi Aringhieri - Teaser 2,"“My mother is the person who, above everyone else, has tried to teach me courage.”
Edi Aringhieri, mother of Andrea Bocelli
#AB2018

Subscribe to Andrea's YouTube:
https://www.youtube.com/c/AndreaBocelli?sub_confirmation=1
Listen to the Essentials playlist: https://andreabocelli.lnk.to/EssentialsID

Follow Andrea:
Facebook: https://www.facebook.com/AndreaBocelli
Instagram: https://www.instagram.com/AndreaBocelli
Twitter: https://twitter.com/AndreaBocelli
YouTube: https://www.youtube.com/AndreaBocelli
TikTok: https://www.tiktok.com/@andreabocelliof

#AndreaBocelli #Bocelli",2018-06-12 14:00:33+00:00,237,58005,2622,97,False,PT50S,50,hd,false,False,andrea bocelli|ab2018|andrea bocelli 2018|new album,10,en,none,2018,3010,False,True,0.8333333333333334,0.0452029997414016,0.001672269631928282,19.270764119601328
z3Npp2oDN00,#AB2018 - Alessandro Bocelli - Teaser 1,"“To see your smile again, even just for a moment, I would give away half my life.”
Andrea Bocelli to his father, Alessandro Bocelli.
#AB2018

Subscribe to Andrea's YouTube:
https://www.youtube.com/c/AndreaBocelli?sub_confirmation=1
Listen to the Essentials playlist: https://andreabocelli.lnk.to/EssentialsID

Follow Andrea:
Facebook: https://www.facebook.com/AndreaBocelli
Instagram: https://www.instagram.com/AndreaBocelli
Twitter: https://twitter.com/AndreaBocelli
YouTube: https://www.youtube.com/AndreaBocelli
TikTok: https://www.tiktok.com/@andreabocelliof

#AndreaBocelli #Bocelli",2018-06-08 15:01:57+00:00,238,91375,3925,127,False,PT50S,50,hd,false,False,andrea bocelli|ab2018,10,en,none,2018,3014,False,True,0.8333333333333334,0.04295485636114911,0.001389876880984952,30.316854678168546
YZsyggx75vo,AndreaBocelliVEVO Live Stream,,2017-11-24 11:54:48+00:00,239,0,0,0,False,P0D,0,sd,false,False,,10,en,upcoming,2017,3210,True,False,0.0,,,0.0
CSh9oUGI9L8,Andrea Bocelli - Con Te Partirò (Kids' Choir / 2016 Version),"Andrea Bocelli - Con Te Partirò (Kids' Choir / 2016 Version)

Subscribe to Andrea Bocelli’s YouTube channel & ring the bell to never miss a new video: https://AndreaBocelli.lnk.to/YTSignUpID

Sign up for Andrea Bocelli’s Email List: https://AndreaBocelli.lnk.to/MailingListSignUpID

Follow Andrea Bocelli: 
Instagram: https://www.instagram.com/andreabocelliofficial
Facebook: https://www.facebook.com/andreabocelli/YouTube
YouTube: https://www.youtube.com/channel/UCb4JB8-ZAeceuR7EPCPOPzg
TikTok:  https://www.tiktok.com/@andreabocelliof?lang=en
X: https://x.com/AndreaBocelliWebsite
Website: https://www.andreabocelli.com/
#AndreaBocelli #Bocelli 

The world’s best-loved tenor celebrates the 20th anniversary of his chart topping album with brand new versions of the legendary Con Te Partirò (Time To Say Goodbye).
Order on Official Store: http://po.st/Romanza20YTDeC
Order on Amazon: http://po.st/Romanza20YTDAmz
Order on iTunes: http://po.st/Romanza20YTDiT
Listen on Spotify: http://po.st/Romanza20YTDSp

Watch the Music for Hope full event here: https://andreabocelli.lnk.to/LiveFromDuomoID
Listen to the Music for Hope full event here: https://andreabocelli.lnk.to/MusicForHope1ID

We are delighted to announce that on 18th November Andrea Bocelli will release a new, fully remastered edition of his greatest album, Romanza. This special 20th anniversary release features brand new versions of his most iconic song Con Te Partirò (Time To Say Goodbye). It was famously performed by Andrea Bocelli and Sarah Brightman in 1996 at the final boxing match of light heavyweight champion Henry Maske, and soared to the top of charts becoming the fastest selling single of all time, selling over 12 million copies.

""For me ... Romanza is first and foremost the compendium of my personal history and my history as an artist - it is a piece of my heart which, through the miracle of music, I have been able to share with the world."" – Andrea Bocelli

Arranged and orchestrated by Gabriele Roberto
Orchestra: Budapest Art Orchestra, Conductor: Péter Pejtsik
Children’s chorus of the Teatro Regio and the «Giuseppe Verdi» Conservatory of Torino, Recorded at Punto Rec Studios, Turin by Cristian Demaestri, Children Choir Conductor: Claudio Fenoglio
Lead vocals: Valentina Escobar
Soprano Choirs: Budapest Art Choir, Choral Conductor: Péter Illényi, Recording Producer: David Christiansen, Session Sound Engineer: Gábor Buczko, Pro Tools Engineer: Miklós Lukács Sr., Recording Coordination: emotionscore, Miklós Lukács.
Mixed by Andrea Bergesio at La Pieve Soprana Studios.
Mastered by Pierpaolo Guerrini at PPG Studios
 
Camera Crew for the Orchestra and Soprano in Budapest: Gergo Holtzl and Erika Bellencs.
Camera Crew for the Kids Choir in Turin, Italy: Fabio Landi and team.
Video Editor: Cristiano Zullo for Sugar Srl",2016-12-09 09:30:00+00:00,240,2804967,55756,1510,False,PT4M18S,258,hd,false,True,Andrea|Bocelli|Con|Partirò|Universal|Music|Classical|Crossover|(Kids'|Choir|2016|Version),10,en-US,none,2016,3560,False,False,4.3,0.019877595707899594,0.0005383307539803499,787.9120786516854
xixFY8v4Nmg,Andrea Bocelli - Con Te Partirò (Time To Say Goodbye) (Instrumental Orchestra Version / 2016),"Andrea Bocelli - Con Te Partirò (Instrumental Orchestra Version / 2016)

The world’s best loved tenor celebrates the 20th anniversary of his chart topping album with brand new versions of the legendary Con Te Partirò (Time To Say Goodbye).
Order on Official Store: http://po.st/Romanza20YTDeC
Order on Amazon: http://po.st/Romanza20YTDAmz
Order on iTunes: http://po.st/Romanza20YTDiT
Listen on Spotify: http://po.st/Romanza20YTDSp

Subscribe to Andrea Bocelli’s YouTube channel & ring the bell to never miss a new video: https://AndreaBocelli.lnk.to/YTSignUpID

Sign up for Andrea Bocelli’s Email List: https://AndreaBocelli.lnk.to/MailingListSignUpID

Follow Andrea Bocelli: 
Instagram: https://www.instagram.com/andreabocelliofficial
Facebook: https://www.facebook.com/andreabocelli/YouTube
YouTube: https://www.youtube.com/channel/UCb4JB8-ZAeceuR7EPCPOPzg
TikTok:  https://www.tiktok.com/@andreabocelliof?lang=en
X: https://x.com/AndreaBocelliWebsite
Website: https://www.andreabocelli.com/
#AndreaBocelli #Bocelli 

Watch the Music for Hope full event here: https://andreabocelli.lnk.to/LiveFromDuomoID
Listen to the Music for Hope full event here: https://andreabocelli.lnk.to/MusicForHope1ID

We are delighted to announce that on 18th November Andrea Bocelli will release a new, fully remastered edition of his greatest album, Romanza. This special 20th anniversary release features brand new versions of his most iconic song Con Te Partirò (Time To Say Goodbye). It was famously performed by Andrea Bocelli and Sarah Brightman in 1996 at the final boxing match of light heavyweight champion Henry Maske, and soared to the top of charts becoming the fastest selling single of all time, selling over 12 million copies.

""For me ... Romanza is first and foremost the compendium of my personal history and my history as an artist - it is a piece of my heart which, through the miracle of music, I have been able to share with the world."" – Andrea Bocelli

Arranged and orchestrated by Gabriele Roberto
Orchestra: Budapest Art Orchestra, Conductor: Péter Pejtsik, Recording Producer: David Christiansen, Session Sound Engineer: Gábor Buczko
Pro Tools Engineer: Miklós Lukács Sr., Recording Coordination: emotionscore, Miklós Lukács
Mixed by Andrea Bergesio at La Pieve Soprana Studios, Mastered by Pierpaolo Guerrini at PPG Studios

Camera crew in Budapest: Gergo Holtzl and Erika Bellencs.
Video editor: Cristiano Zullo for Sugar Srl",2016-12-02 09:31:04+00:00,241,906671,14880,348,False,PT4M25S,265,hd,false,True,Andrea|Bocelli|Con|Partirò|Universal|Music|Classical|Crossover|(Instrumental|Orchestra|Version|2016),10,en-US,none,2016,3567,False,False,4.416666666666667,0.01641168626767593,0.0003838216949698402,254.18306700308383
RqTOYtN5cIs,Andrea Bocelli - Con Te Partirò (Time To Say Goodbye) (2016 Orchestra and Choir Version),"Andrea Bocelli - Con Te Partirò (Time To Say Goodbye) (2016 Orchestra and Choir Version)

Subscribe to Andrea Bocelli’s YouTube channel & ring the bell to never miss a new video: https://AndreaBocelli.lnk.to/YTSignUpID

Sign up for Andrea Bocelli’s Email List: https://AndreaBocelli.lnk.to/MailingListSignUpID

Follow Andrea Bocelli: 
Instagram: https://www.instagram.com/andreabocelliofficial
Facebook: https://www.facebook.com/andreabocelli/YouTube
YouTube: https://www.youtube.com/channel/UCb4JB8-ZAeceuR7EPCPOPzg
TikTok:  https://www.tiktok.com/@andreabocelliof?lang=en
X: https://x.com/AndreaBocelliWebsite
Website: https://www.andreabocelli.com/
#AndreaBocelli #Bocelli 

The world’s best loved tenor celebrates the 20th anniversary of his chart topping album with brand new versions of the legendary Con Te Partirò (Time To Say Goodbye).
Order on Official Store: http://po.st/Romanza20YTDeC
Order on Amazon: http://po.st/Romanza20YTDAmz
Order on iTunes and you can download this special recording instantly: http://po.st/Romanza20YTDiT
Listen on Spotify: http://po.st/Romanza20YTDSp

Watch the Music for Hope full event here: https://andreabocelli.lnk.to/LiveFromDuomoID
Listen to the Music for Hope full event here: https://andreabocelli.lnk.to/MusicForHope1ID

We are delighted to announce that on 18th November Andrea Bocelli will release a new, fully remastered edition of his greatest album, Romanza. This special 20th anniversary release features brand new versions of his most iconic song Con Te Partirò (Time To Say Goodbye). It was famously performed by Andrea Bocelli and Sarah Brightman in 1996 at the final boxing match of light heavyweight champion Henry Maske, and soared to the top of charts becoming the fastest selling single of all time, selling over 12 million copies.

""For me ... Romanza is first and foremost the compendium of my personal history and my history as an artist - it is a piece of my heart which, through the miracle of music, I have been able to share with the world."" – Andrea Bocelli

CON TE PARTIRÒ ORCHESTRA 2016 VERSION – Romanza 20th Anniversary.
Arranged and orchestrated by Gabriele Roberto
Orchestra: Budapest Art Orchestra, Conductor: Péter Pejtsik
Choirs: Budapest Art Choir, Choral Conductor: Péter Illényi
Recording Producer: David Christiansen
Session Sound Engineer: Gábor Buczko
Pro Tools Engineer: Miklós Lukács Sr.
Recording Coordination: emotionscore, Miklós Lukács, Mixed by Andrea Bergesio at La Pieve Soprana Studios
Andrea Bocelli’s voice recorded and mastered by Pierpaolo Guerrini at PPG Studios, Pisa – Tuscany, Italy.
 
Camera Crew for the Orchestra and Soprano in Budapest: Gergo Holtzl and Erika Bellencs
Camera Crew for Andrea Bocelli in Forte dei Marmi, Italy: Riccardo Marianeschi, Cristian Alberini, Giuliano Felici for Strani Rumori Studio
Video Editor: Cristiano Zullo for Sugar Srl

Music video by Andrea Bocelli performing Con Te Partirò. (C) 2016 Sugar Srl

http://vevo.ly/NJypkd",2016-11-18 09:30:00+00:00,242,13722777,130733,3501,False,PT4M18S,258,hd,false,True,Bocelli|Partirò|andrea bocelli vivo per lei|andrea bocelli natale|andrea bocelli ariana grande|andrea bocelli christmas|andrea bocelli la voce del silenzio|andrea bocelli|andrea bocelli con te partirò|andrea bocelli con te partirò testo|con te partirò karaoke|con te partirò lyrics|con te partirò|con te partirò ariana grande|con te partirò con testo|con te partirò orchestra|con te partirò orquestra|Andrea Bocelli Orchestra|Andrea Bocelli Choir,10,en-US,none,2016,3581,False,False,4.3,0.00952671605754433,0.0002551232888212058,3832.1075118681933
fwFMYjXLleM,Andrea Bocelli - The Reunion of Henry Maske and Andrea Bocelli (Interview),Music video by Andrea Bocelli performing Maske & Andrea Bocelli Interview.© 2016 Sugar s.r.l.,2016-11-11 17:45:01+00:00,243,77952,1239,80,False,PT7M15S,435,hd,false,True,Andrea|Bocelli|Maske|Interview|Decca|Spoken|Word,10,en-US,none,2016,3588,False,False,7.25,0.015894396551724137,0.001026272577996716,21.725752508361204
Oc8glI2iE2w,Andrea Bocelli - Con Te Partirò (Piano & Voice / 2016 Version),Music video by Andrea Bocelli performing Con Te Partirò (Piano & Voice / 2016 Version).© 2016 Sugar s.r.l.,2016-11-04 07:00:02+00:00,244,1878889,22805,832,False,PT4M6S,246,hd,true,True,Andrea|Bocelli|Con|Partirò|Decca|Classical|Crossover|bochelli|boccelli|piano version|2016|voice|time|say|goodbye|timetosaygoodbye|pop,10,en-US,none,2016,3596,False,False,4.1,0.012137491890154235,0.00044281487623803214,522.4941601779756
z38wrHjI6kQ,Andrea Bocelli - Con Te Partirò / Time To Say Goodbye (Tribute to Muhammad Ali),"Andrea Bocelli sings Con Te Partirò / Time To Say Goodbye in a touching tribute to Muhammad Ali.
Subscribe to Andrea's YouTube:
https://www.youtube.com/c/AndreaBocelli?sub_confirmation=1
Listen to the Essentials playlist: https://andreabocelli.lnk.to/EssentialsID

Follow Andrea:
Facebook: https://www.facebook.com/AndreaBocelli
Instagram: https://www.instagram.com/AndreaBocelli
Twitter: https://twitter.com/AndreaBocelli
YouTube: https://www.youtube.com/AndreaBocelli
TikTok: https://www.tiktok.com/@andreabocelliof

#AndreaBocelli #Bocelli #MuhammadAli #Tribute",2016-06-05 08:16:50+00:00,245,52661,1112,76,False,PT5M22S,322,hd,false,False,,24,en,none,2016,3747,False,False,5.366666666666666,0.021116196046410057,0.0014431932549704716,14.054176674673071
klyhwqEFuy0,No Llores Por Mi Argentina / Don't Cry For Me Argentina (Official Live Performance),"Andrea Bocelli & Nicole Scherzinger - No Llores Por Mi Argentina / Don't Cry For Me Argentina (Official Live Performance)
Stream Andrea Bocelli: https://AndreaBocelli.lnk.to/streamID
Subscribe to Andrea Bocelli’s YouTube channel & ring the bell to never miss a new video: https://AndreaBocelli.lnk.to/YTSignUpID

Sign up for Andrea Bocelli’s Email List: https://AndreaBocelli.lnk.to/MailingListSignUpID

Follow Andrea Bocelli: 
Instagram: https://www.instagram.com/andreabocelliofficial
Facebook: https://www.facebook.com/andreabocelli/YouTube
YouTube: https://www.youtube.com/channel/UCb4JB8-ZAeceuR7EPCPOPzg
TikTok:  https://www.tiktok.com/@andreabocelliof?lang=en
X: https://x.com/AndreaBocelliWebsite
Website: https://www.andreabocelli.com/

#AndreaBocelli

http://vevo.ly/bGPO32",2016-04-20 09:00:01+00:00,246,28773069,174935,5097,False,PT4M29S,269,hd,false,True,#EllieGoulding #ReturnToLove #AndreaBocelli #SiForever #NewAlbum|安德烈波切俐|한글자막|日本語字幕|subtítulos en español|Türkçe Altyazılı|Phụ đề tiếng Việt|Subtitles in Tagalog|Teks dalam Bahasa Indonesia|उपशीर्षक हिंदी में|Sarikata Dalam Bahasa Malaysia|คำบรรยายภาษาไทย|don't cry for me argentina,10,en-US,none,2016,3793,False,False,4.483333333333333,0.006079817206847139,0.00017714481552176447,7585.8341682045875
_NBG4HG6Z94,Andrea Bocelli - Brucia La Terra (Live),"Music video by Andrea Bocelli performing Bruscia La Terra.© 2016 Sugar s.r.l., Licensed to Sugar S.r.l.",2016-04-08 09:00:02+00:00,247,14453816,138688,3144,False,PT4M21S,261,hd,false,True,Andrea|Bocelli|Brucia|Terra|Universal|Music|Classical|Crossover|(Live),10,en-US,none,2016,3805,False,False,4.35,0.009595251523888224,0.00021752041121873974,3798.637582128778
_DR5SKWxG-U,"Andrea Bocelli, Caterina Murino - Moon River (From ""Breakfast At Tiffany's"")","Music video by Andrea Bocelli, Caterina Murino performing Moon River (From ""Breakfast At Tiffany's"").© 2016 Sugar s.r.l.",2016-02-11 17:00:01+00:00,248,5093128,32185,941,False,PT3M51S,231,hd,false,True,Andrea|Bocelli|Moon|River|Universal|Music|Classical|Crossover|Caterina|Murino|(From|Breakfast|Tiffany's),10,en-US,none,2016,3862,False,False,3.85,0.006319299259708376,0.00018475875729021535,1318.7799067840497
guRSl3n5nOc,"Andrea Bocelli, Sarah Brightman - Time To Say Goodbye (Live From Piazza Dei Cavalieri, Italy / 1997)","Andrea Bocelli and Sarah Brightman: Time To Say Goodbye (Live From Piazza Dei Cavalieri, Italy / 1997)
Stream Andrea Bocelli: https://AndreaBocelli.lnk.to/streamID
Subscribe to Andrea Bocelli’s YouTube channel & ring the bell to never miss a new video: https://AndreaBocelli.lnk.to/YTSignUpID

Sign up for Andrea Bocelli’s Email List: https://AndreaBocelli.lnk.to/MailingListSignUpID

Follow Andrea Bocelli: 
Instagram: https://www.instagram.com/andreabocelliofficial
Facebook: https://www.facebook.com/andreabocelli/YouTube
YouTube: https://www.youtube.com/channel/UCb4JB8-ZAeceuR7EPCPOPzg
TikTok:  https://www.tiktok.com/@andreabocelliof?lang=en
X: https://x.com/AndreaBocelliWebsite
Website: https://www.andreabocelli.com/

http://vevo.ly/AOAda2",2016-02-02 17:00:02+00:00,249,12901690,99354,3136,False,PT6M39S,399,sd,false,True,Andrea|Bocelli|Time|Say|Goodbye|Universal|Music|Pop|sarah brightman|time to say goodbye|opera|live opera,10,en-US,none,2016,3871,False,False,6.65,0.007700851593860959,0.00024306893127954554,3332.9088090932573
5dvhXVmUUd8,Andrea Bocelli - Il Nostro Incontro (Live From Portrofino / 2012) ft. Chris Botti,"Andrea Bocelli - Il Nostro Incontro (Live From Portrofino / 2012)
Stream Andrea Bocelli: https://AndreaBocelli.lnk.to/streamID
Subscribe to Andrea Bocelli’s YouTube channel & ring the bell to never miss a new video: https://AndreaBocelli.lnk.to/YTSignUpID

Sign up for Andrea Bocelli’s Email List: https://AndreaBocelli.lnk.to/MailingListSignUpID

Follow Andrea Bocelli: 
Instagram: https://www.instagram.com/andreabocelliofficial
Facebook: https://www.facebook.com/andreabocelli/YouTube
YouTube: https://www.youtube.com/channel/UCb4JB8-ZAeceuR7EPCPOPzg
TikTok:  https://www.tiktok.com/@andreabocelliof?lang=en
X: https://x.com/AndreaBocelliWebsite
Website: https://www.andreabocelli.com/

#AndreaBocelli #ChrisBotti

Music video by Andrea Bocelli performing Il Nostro Incontro. (C) 2013 Sugar Srl, under exclusive license to Universal International Music B.V.
http://vevo.ly/7LlhVy",2016-02-02 17:00:01+00:00,250,2977538,9030,213,False,PT3M31S,211,hd,false,True,Andrea|Bocelli|Nostro|Incontro|Universal|Music|Pop|IlNostroIncontro|LiveFromPortrofino|classical|classicalpop|opera|andreabocelli|chrisbotti|andreabocellichrisbotti,10,en-US,none,2016,3871,False,False,3.5166666666666666,0.0030327068873680202,7.153561096449483e-05,769.1909067424438
3LJJV7ZzdW4,"Andrea Bocelli - Santa Lucia Luntana (Live From Piazza Dei Cavalieri, Italy / 1997)","Music video by Andrea Bocelli performing Santa lucia luntana (Live).© 2015 Sugar s.r.l., under exclusive license to Universal International Music B.V., a Universal Music Group company",2016-02-02 17:00:00+00:00,251,149196,1087,33,False,PT4M6S,246,sd,false,True,Andrea|Bocelli|Santa|Lucia|Luntana|Universal|Music|Classical|(Live|From|Piazza|Dei|Cavalieri|Italy|1997),10,en-US,none,2016,3871,False,False,4.1,0.007285718115767179,0.00022118555457250865,38.54197881684319
kXOuLtAwYBE,Andrea Bocelli & Ariana Grande - E Più Ti Penso (Official Lyric Video),"Presenting E Più Ti Penso; Andrea Bocelli’s spellbinding duet with Ariana Grande, from his album Cinema. The world's greatest tenor sings cinema’s greatest music!
Listen to the album sampler: https://www.youtube.com/watch?v=WLm9ryGCLVk

Living legend Andrea Bocelli gives his unique voice to some of the best loved music from the movies ever composed. Released on October 23rd the album features themes from Doctor Zhivago, The Godfather, Gladiator, Breakfast at Tiffany's and many more, as well as popular songs from stage musicals, immortalised by their film versions, such as west side story and Evita.

Subscribe to Andrea's YouTube:
https://www.youtube.com/c/AndreaBocelli?sub_confirmation=1
Listen to the Essentials playlist: https://andreabocelli.lnk.to/EssentialsID

Follow Andrea:
Facebook: https://www.facebook.com/AndreaBocelli
Instagram: https://www.instagram.com/AndreaBocelli
Twitter: https://twitter.com/AndreaBocelli
YouTube: https://www.youtube.com/AndreaBocelli
TikTok: https://www.tiktok.com/@andreabocelliof

#AndreaBocelli #Bocelli #ArianaGrande",2015-11-26 14:10:29+00:00,252,554767,6720,254,False,PT4M31S,271,hd,false,False,bocelli|Andrea bocelli|Andrea bocelli Ariana grande|Ariana Grande Italian song|Andrea bocelli Ariana grande e più ti penso|e più ti penso|e piu ti penso lyrics|Ariana grande e più ti penso|Andrea bocelli cinema|Andrea bocelli movie songs|e piu ti penso|once upon a time in America songs|e piu ti penso once upon a time in america|Ennio morricone songs|italian songs|italian music|classic Italian songs|best Italian songs|italian songs you don't know the name of,10,en,none,2015,3939,False,False,4.516666666666667,0.012113193466806785,0.00045784987210847075,140.83955318608784
kzpzRrE20s4,"Andrea Bocelli - L'ultimo Re (Live From Castagneto Carducci, Italy / 2001)","Andrea Bocelli - L'ultimo Re (Live From Castagneto Carducci, Italy / 2001)

Subscribe to Andrea Bocelli’s YouTube channel & ring the bell to never miss a new video: https://AndreaBocelli.lnk.to/YTSignUpID

Sign up for Andrea Bocelli’s Email List: https://AndreaBocelli.lnk.to/MailingListSignUpID

Follow Andrea Bocelli: 
Instagram: https://www.instagram.com/andreabocelliofficial
Facebook: https://www.facebook.com/andreabocelli/YouTube
YouTube: https://www.youtube.com/channel/UCb4JB8-ZAeceuR7EPCPOPzg
TikTok:  https://www.tiktok.com/@andreabocelliof?lang=en
X: https://x.com/AndreaBocelliWebsite
Website: https://www.andreabocelli.com/
#AndreaBocelli #Bocelli #L'ultimoRe 

Music video by Andrea Bocelli performing L'ultimo Re. (C) 2015 Sugar Srl, under exclusive license to Universal International Music B.V., a Universal Music Group company

Watch the Music for Hope full event here: https://andreabocelli.lnk.to/LiveFromDuomoID
Listen to the Music for Hope full event here: https://andreabocelli.lnk.to/MusicForHope1ID

http://vevo.ly/i5fAgG",2015-10-23 23:00:00+00:00,253,212392,1880,106,False,PT3M47S,227,sd,false,True,Andrea|Bocelli|L'ultimo|Universal|Music|Classical|#AndreaBocelli|L'ultimo Re|Live From Castagneto Carducci|Italy 2001|Castagneto Carducci,10,en-US,none,2015,3973,False,False,3.783333333333333,0.008851557497457531,0.0004990771780481374,53.458847218726405
VvvAf-vYrFY,Andrea Bocelli - Cinema (Official Album Trailer),"The world's greatest tenor sings cinema’s greatest music!
Living legend Andrea Bocelli gives his unique voice to some of the best loved music from the movies ever composed. Released on October 23rd the album features themes from Doctor Zhivago, The Godfather, Gladiator, Breakfast at Tiffany's and many more, as well as popular songs from stage musicals, immortalised by their film versions, such as west side story and Evita.

Subscribe to Andrea's YouTube:
https://www.youtube.com/c/AndreaBocelli?sub_confirmation=1
Listen to the Essentials playlist: https://andreabocelli.lnk.to/EssentialsID

Follow Andrea:
Facebook: https://www.facebook.com/AndreaBocelli
Instagram: https://www.instagram.com/AndreaBocelli
Twitter: https://twitter.com/AndreaBocelli
YouTube: https://www.youtube.com/AndreaBocelli
TikTok: https://www.tiktok.com/@andreabocelliof

#AndreaBocelli #Bocelli",2015-10-23 15:51:25+00:00,254,34823,242,12,False,PT2M22S,142,hd,false,False,andrea|bocelli|gladiator|nelle|tue|mani|now|cinema|film|theatre|opera|tenor|voice|angel|free,10,en,none,2015,3973,False,False,2.3666666666666667,0.006949429974442179,0.00034459983344341385,8.764913163856027
BueVGiyx_E4,Andrea Bocelli - Besame Mucho (Live From Portrofino / 2012),"Andrea Bocelli - Besame Mucho (Live From Portrofino / 2012)
Stream Andrea Bocelli: https://AndreaBocelli.lnk.to/streamID
Subscribe to Andrea Bocelli’s YouTube channel & ring the bell to never miss a new video: https://AndreaBocelli.lnk.to/YTSignUpID

Sign up for Andrea Bocelli’s Email List: https://AndreaBocelli.lnk.to/MailingListSignUpID

Follow Andrea Bocelli: 
Instagram: https://www.instagram.com/andreabocelliofficial
Facebook: https://www.facebook.com/andreabocelli/YouTube
YouTube: https://www.youtube.com/channel/UCb4JB8-ZAeceuR7EPCPOPzg
TikTok:  https://www.tiktok.com/@andreabocelliof?lang=en
X: https://x.com/AndreaBocelliWebsite
Website: https://www.andreabocelli.com/

#AndreaBocelli",2015-10-23 02:00:02+00:00,255,20741261,74225,1444,False,PT3M39S,219,hd,false,True,andrea bocelli|andrea bocelli live|Besame Mucho|andrea bocelli Besame Mucho|Besame Mucho live|Live From Portrofino|David Foster,10,en-US,none,2015,3974,False,False,3.65,0.0035786155914049778,6.961968223629218e-05,5219.240312028183
CzGZVONIsZY,"La Donna è Mobile - Live From Central Park, USA / 2011","Music video by Andrea Bocelli, New York Philharmonic, Alan Gilbert performing La donna è mobile (Live).© 2011 Sugar s.r.l., Under exclusive licence to Universal International Music B.V.",2015-10-23 02:00:02+00:00,256,1431201,15075,426,False,PT3M,180,hd,false,True,Andrea|Bocelli|Donna|Mobile|Universal|Music|Classical,10,en-US,none,2015,3974,False,False,3.0,0.010533111701291432,0.00029765211175788726,360.1411675893306
R8owEeEJoxw,"Andrea Bocelli, Laura Pausini - Vive Ya (HD)","‘Return To Love’ featuring Ellie Goulding is out now! Listen here: https://andreabocelli.lnk.to/ReturnToLoveID
Pre-order ""Sì Forever"", the new album from Andrea Bocelli, here: https://andreabocelli.lnk.to/SiForever 

Watch the Music for Hope full event here: https://andreabocelli.lnk.to/LiveFromDuomoID
Listen to the Music for Hope full event here: https://andreabocelli.lnk.to/MusicForHope1ID

Music video by Andrea Bocelli, Laura Pausini performing Vive Ya - Live From Studio Ferrante Aporti, Italy / 2007. (C) 2008 Sugar Srl

Listen to the best of Andrea Bocelli here: http://lnk.to/Vivere
Facebook: http://po.st/BocelliFB
Twitter: http://po.st/BocelliTw
Official Website: http://www.andreabocelli.com


http://vevo.ly/jvat0x",2015-10-23 02:00:02+00:00,257,4721117,48548,1100,False,PT4M11S,251,sd,false,True,#EllieGoulding|#ReturnToLove|#AndreaBocelli|#SiForever|#NewAlbum,10,en-US,none,2015,3974,False,False,4.183333333333334,0.01028315968445603,0.000232995708430865,1188.001258178158
-hYQ-lg7KnE,"Andrea Bocelli - Romanza - Live From Piazza Dei Cavalieri, Italy / 1997","Music video by Andrea Bocelli performing Romanza (Live).© 2015 Sugar s.r.l., under exclusive license to Universal International Music B.V., a Universal Music Group company",2015-10-23 02:00:01+00:00,258,122784,1266,69,False,PT4M11S,251,sd,false,True,Andrea|Bocelli|Romanza|Universal|Music|Classical,10,en-US,none,2015,3974,False,False,4.183333333333334,0.01031078967943706,0.0005619624706802189,30.89682939104177
0UBi9aDoDr0,"Libiamo Ne'lieti Calici - Live From Central Park, USA / 2011","Music video by Andrea Bocelli, Pretty Yende, Bryn Terfel, Ana María Martínez, New York Philharmonic, Alan Gilbert performing Libiamo ne'lieti calici (Live).© 2011 Sugar s.r.l., Under exclusive licence to Universal International Music B.V.",2015-10-23 02:00:01+00:00,259,172439,1343,22,False,PT3M34S,214,hd,false,True,Andrea|Bocelli|Pretty|Yende|Bryn|Terfel|Ana|María|Martínez|Libiamo|Ne'lieti|Calici|Universal|Music|Classical,10,en-US,none,2015,3974,False,False,3.566666666666667,0.007788261356189725,0.00012758134760697986,43.39179667840966
2lDbR_fju1k,"Flight of the Bumblebee - Live From Central Park, USA / 2011","Music video by Andrea Griminelli, New York Philharmonic, Alan Gilbert performing Flight Of The Bumblebee (Live).© 2011 Sugar s.r.l., Under exclusive licence to Universal International Music B.V",2015-10-23 02:00:01+00:00,260,47065,490,9,False,PT1M53S,113,hd,false,True,Andrea|Griminelli|Flight|the|Bumblebee|Universal|Music|Classical,10,en-US,none,2015,3974,False,False,1.8833333333333333,0.010411133538723043,0.00019122490173164772,11.843231001509814
68mCdwb4A3k,"Andrea Bocelli - Tu Scendi Dalle Stelle - Live From The Kodak Theatre, USA / 2009","Listen to Andrea Bocelli’s Christmas album 'My Christmas'  featuring 'Tu Scendi Dalle Stelle' here: https://andreabocelli.lnk.to/MyChristmasFiresideID
And listen to the new Christmas album 'A Family Christmas' here: https://AndreaBocelli.lnk.to/FamilyChristmasDeluxeID

Watch the Music for Hope full event here: https://andreabocelli.lnk.to/LiveFromDuomoID
Listen to the Music for Hope full event here: https://andreabocelli.lnk.to/MusicForHope1ID


Music video by Andrea Bocelli performing Tu Scendi Dalle Stelle. (C) 2015 Sugar Srl, under exclusive license to Universal International Music B.V., a Universal Music Group company


http://vevo.ly/PScCjx",2015-10-23 02:00:01+00:00,261,2772343,19027,390,False,PT3M16S,196,hd,false,True,Andrea|Bocelli|Scendi|Dalle|Stelle|Universal|Music|Classical,10,en-US,none,2015,3974,False,False,3.2666666666666666,0.006863147886102116,0.00014067523390864695,697.6202818319074
8RQI4eH_5aE,"Andrea Bocelli - White Christmas - Live From The Kodak Theatre, USA / 2009","Listen to Andrea Bocelli’s Christmas album 'My Christmas'  featuring 'White Christmas' here: https://andreabocelli.lnk.to/MyChristmasFiresideID
And listen to the new Christmas album 'A Family Christmas' here: https://AndreaBocelli.lnk.to/FamilyChristmasDeluxeID

Watch the Music for Hope full event here: https://andreabocelli.lnk.to/LiveFromDuomoID
Listen to the Music for Hope full event here: https://andreabocelli.lnk.to/MusicForHope1ID

Music video by Andrea Bocelli performing White Christmas. (C) 2009 Sugar Srl


http://vevo.ly/ktW5ON",2015-10-23 02:00:01+00:00,262,4608773,29341,595,False,PT6M2S,362,hd,false,True,Andrea|Bocelli|White|Christmas|Universal|Music|Pop,10,en-US,none,2015,3974,False,False,6.033333333333333,0.006366336549879979,0.00012910160687020167,1159.731504781077
90DVlMEK_sA,"Andrea Bocelli - Sogno (Live From Teatro Del Silenzio, Italy / 2007)","Andrea Bocelli - Sogno (Live From Teatro Del Silenzio, Italy / 2007)
Stream Andrea Bocelli: https://AndreaBocelli.lnk.to/streamID
Subscribe to Andrea Bocelli’s YouTube channel & ring the bell to never miss a new video: https://AndreaBocelli.lnk.to/YTSignUpID

Sign up for Andrea Bocelli’s Email List: https://AndreaBocelli.lnk.to/MailingListSignUpID

Follow Andrea Bocelli: 
Instagram: https://www.instagram.com/andreabocelliofficial
Facebook: https://www.facebook.com/andreabocelli/YouTube
YouTube: https://www.youtube.com/channel/UCb4JB8-ZAeceuR7EPCPOPzg
TikTok:  https://www.tiktok.com/@andreabocelliof?lang=en
X: https://x.com/AndreaBocelliWebsite
Website: https://www.andreabocelli.com/

#AndreaBocelli 

Music video by Andrea Bocelli performing Sogno. (C) 2007 Sugar Srl
http://vevo.ly/vF9N7I",2015-10-23 02:00:01+00:00,263,4954755,15673,607,False,PT4M55S,295,hd,false,True,Andrea|Bocelli|Sogno|Universal|Music|Pop,10,en-US,none,2015,3974,False,False,4.916666666666667,0.0031632240141036237,0.00012250858014170227,1246.7929038751888
98PZ4NxUwdQ,"Andrea Bocelli - Live From Forte dei Marmi, Italy 2015 (Mini Documentary)","Andrea Bocelli - Live From Forte dei Marmi, Italy 2015 (Mini Documentary )

Subscribe to Andrea Bocelli’s YouTube channel & ring the bell to never miss a new video: https://AndreaBocelli.lnk.to/YTSignUpID

Sign up for Andrea Bocelli’s Email List: https://AndreaBocelli.lnk.to/MailingListSignUpID

Follow Andrea Bocelli: 
Instagram: https://www.instagram.com/andreabocelliofficial
Facebook: https://www.facebook.com/andreabocelli/YouTube
YouTube: https://www.youtube.com/channel/UCb4JB8-ZAeceuR7EPCPOPzg
TikTok:  https://www.tiktok.com/@andreabocelliof?lang=en
X: https://x.com/AndreaBocelliWebsite
Website: https://www.andreabocelli.com/
#AndreaBocelli #Bocelli #MiniDocumentary

Watch the Music for Hope full event here: https://andreabocelli.lnk.to/LiveFromDuomoID
Listen to the Music for Hope full event here: https://andreabocelli.lnk.to/MusicForHope1ID

http://vevo.ly/nERmy3",2015-10-23 02:00:01+00:00,264,27851,327,22,False,PT30M5S,1805,sd,false,True,Andrea|Bocelli|Amore|Universal|Music|Classical|mini documentary|documentary|Live From Forte dei Marmi|Italy 2015|andreal bocelli,10,en-US,none,2015,3974,False,False,30.083333333333332,0.011741050590643065,0.000789917776740512,7.0083039758429795
B5iaV989_5M,Andrea Bocelli - Angels We Have Heard On High,"Listen to Andrea Bocelli’s Christmas album here: http://lnk.to/Bocelli-MyChristmas

Watch the Music for Hope full event here: https://andreabocelli.lnk.to/LiveFromDuomoID
Listen to the Music for Hope full event here: https://andreabocelli.lnk.to/MusicForHope1ID

Facebook: http://po.st/BocelliFB
Twitter: http://po.st/BocelliTw
Official Website: http://www.andreabocelli.com
Live From The Kodak Theatre, USA / 2009

http://vevo.ly/CLGca0",2015-10-23 02:00:01+00:00,265,15931089,111294,2530,False,PT4M46S,286,hd,true,True,Andrea|Bocelli|Angels|Have|Heard|High|Universal|Music|Classical|한글자막|日本語字幕|subtítulos en español|Türkçe Altyazılı|Phụ đề tiếng Việt|Subtitles in Tagalog|Teks dalam Bahasa Indonesia|उपशीर्षक हिंदी में|Sarikata Dalam Bahasa Malaysia|คำบรรยายภาษาไทย|安德烈波切俐,10,en-US,none,2015,3974,False,False,4.766666666666667,0.0069859631064769015,0.00015880898035281832,4008.829642677403
Bs95bBl73kw,"Andrea Bocelli, Heather Headley - The Prayer (Live From Teatro Del Silenzio, Italy / 2007)","Andrea Bocelli & Heather Headley - The Prayer (Live From Teatro Del Silenzio, Italy / 2007)
Stream Andrea Bocelli: https://AndreaBocelli.lnk.to/streamID
Subscribe to Andrea Bocelli’s YouTube channel & ring the bell to never miss a new video: https://AndreaBocelli.lnk.to/YTSignUpID

Sign up for Andrea Bocelli’s Email List: https://AndreaBocelli.lnk.to/MailingListSignUpID

Follow Andrea Bocelli: 
Instagram: https://www.instagram.com/andreabocelliofficial
Facebook: https://www.facebook.com/andreabocelli/YouTube
YouTube: https://www.youtube.com/channel/UCb4JB8-ZAeceuR7EPCPOPzg
TikTok:  https://www.tiktok.com/@andreabocelliof?lang=en
X: https://x.com/AndreaBocelliWebsite
Website: https://www.andreabocelli.com/

#AndreaBocelli #HeatherHeadley

http://vevo.ly/nEYPz2",2015-10-23 02:00:01+00:00,266,692732,4598,218,False,PT4M48S,288,hd,false,True,Andrea|Bocelli|The|Prayer|Universal|Music|Pop,10,en-US,none,2015,3974,False,False,4.8,0.006637487513208571,0.0003146960151977966,174.31605435329644
DPwfGDHdpOE,"Andrea Bocelli, Elisa - Dancing - Live From Teatro Del Silenzio, Italy / 2007","Music video by Andrea Bocelli, Elisa performing Dancing (Live).© 2007 Sugar s.r.l.",2015-10-23 02:00:01+00:00,267,2572015,20055,903,False,PT5M17S,317,hd,false,True,Andrea|Bocelli|Elisa|Dancing|Universal|Music|Pop,10,en-US,none,2015,3974,False,False,5.283333333333333,0.007797388428916628,0.0003510865994171885,647.2106190236537
ELiZUxuZWyI,"Andrea Bocelli - E Chiove - Live From Piazza Dei Cavalieri, Italy / 1997","Music video by Andrea Bocelli performing E chiove (Live).© 2015 Sugar s.r.l., under exclusive license to Universal International Music B.V., a Universal Music Group company",2015-10-23 02:00:01+00:00,268,164984,1298,88,False,PT4M43S,283,sd,false,True,Andrea|Bocelli|Chiove|Universal|Music|Classical,10,en-US,none,2015,3974,False,False,4.716666666666667,0.007867429568927897,0.0005333850555205354,41.51585304479114
FD4MfRLM9MI,Andrea Bocelli - Torna a surriento (Live),"Music video by Andrea Bocelli performing Torna A Surriento. (C) 2015 Sugar Srl, under exclusive license to Universal International Music B.V., a Universal Music Group company

Subscribe to Andrea Bocelli’s YouTube channel & ring the bell to never miss a new video: https://AndreaBocelli.lnk.to/YTSignUpID

Sign up for Andrea Bocelli’s Email List: https://AndreaBocelli.lnk.to/MailingListSignUpID

Follow Andrea Bocelli: 
Instagram: https://www.instagram.com/andreabocelliofficial
Facebook: https://www.facebook.com/andreabocelli/YouTube
YouTube: https://www.youtube.com/channel/UCb4JB8-ZAeceuR7EPCPOPzg
TikTok:  https://www.tiktok.com/@andreabocelliof?lang=en
X: https://x.com/AndreaBocelliWebsite
Website: https://www.andreabocelli.com/
#AndreaBocelli #Bocelli 

Watch the Music for Hope full event here: https://andreabocelli.lnk.to/LiveFromDuomoID
Listen to the Music for Hope full event here: https://andreabocelli.lnk.to/MusicForHope1ID

http://vevo.ly/awPSuE",2015-10-23 02:00:01+00:00,269,791736,7548,351,False,PT4M45S,285,sd,false,True,Andrea|Bocelli|Torna|Surriento|Universal|Music|Classical|Torn|(Live),10,en-US,none,2015,3974,False,False,4.75,0.00953348085725545,0.00044332959471338933,199.22898842476096
FWARFsTJaUk,"Andrea Bocelli, Chris Botti - Estate (Live From Lake Las Vegas Resort, USA / 2006)","Andrea Bocelli & Chris Botti - Estate (Live From Lake Las Vegas Resort, USA / 2006)
Stream Andrea Bocelli: https://AndreaBocelli.lnk.to/streamID
Subscribe to Andrea Bocelli’s YouTube channel & ring the bell to never miss a new video: https://AndreaBocelli.lnk.to/YTSignUpID

Sign up for Andrea Bocelli’s Email List: https://AndreaBocelli.lnk.to/MailingListSignUpID

Follow Andrea Bocelli: 
Instagram: https://www.instagram.com/andreabocelliofficial
Facebook: https://www.facebook.com/andreabocelli/YouTube
YouTube: https://www.youtube.com/channel/UCb4JB8-ZAeceuR7EPCPOPzg
TikTok:  https://www.tiktok.com/@andreabocelliof?lang=en
X: https://x.com/AndreaBocelliWebsite
Website: https://www.andreabocelli.com/

#AndreaBocelli

Music video by Andrea Bocelli performing Estate. (C) 2006 Sugar Srl, under exclusive license to Universal Music B.V.
http://vevo.ly/QLiOzP",2015-10-23 02:00:01+00:00,270,766858,3761,181,False,PT4M3S,243,sd,false,True,Andrea|Bocelli|Estate|Universal|Music|Pop,10,en-US,none,2015,3974,False,False,4.05,0.004904428199223324,0.00023602805212959895,192.9687971816809
GfPAqGV2kYo,Andrea Bocelli - O Mare E Tu - Live / 1999 ft. Dulce Pontes,"Music video by Andrea Bocelli performing 'O Mare E Tu (Live).© 2013 Sugar s.r.l., under exclusive license to Universal International Music B.V.",2015-10-23 02:00:01+00:00,271,114335,1434,38,False,PT4M34S,274,sd,false,True,Andrea|Bocelli|Mare|Universal|Music|Pop,10,en-US,none,2015,3974,False,False,4.566666666666666,0.012542091223160013,0.0003323566711855512,28.770759939607448
GiN1toBULNw,Andrea Bocelli - Perfidia (Live From Portrofino / 2012),"Andrea Bocelli - Perfidia (Live From Portrofino / 2012)
Stream Andrea Bocelli: https://AndreaBocelli.lnk.to/streamID
Subscribe to Andrea Bocelli’s YouTube channel & ring the bell to never miss a new video: https://AndreaBocelli.lnk.to/YTSignUpID

Sign up for Andrea Bocelli’s Email List: https://AndreaBocelli.lnk.to/MailingListSignUpID

Follow Andrea Bocelli: 
Instagram: https://www.instagram.com/andreabocelliofficial
Facebook: https://www.facebook.com/andreabocelli/YouTube
YouTube: https://www.youtube.com/channel/UCb4JB8-ZAeceuR7EPCPOPzg
TikTok:  https://www.tiktok.com/@andreabocelliof?lang=en
X: https://x.com/AndreaBocelliWebsite
Website: https://www.andreabocelli.com/

#AndreaBocelli",2015-10-23 02:00:01+00:00,272,45524881,160422,3210,False,PT5M58S,358,hd,false,True,한글자막|日本語字幕|subtítulos en español|Türkçe Altyazılı|Phụ đề tiếng Việt|Subtitles in Tagalog|Teks dalam Bahasa Indonesia|उपशीर्षक हिंदी में|Sarikata Dalam Bahasa Malaysia|คำบรรยายภาษาไทย|安德烈波切俐|andrea bocelli|andrea bocelli live|David Foster|Perfidia (Live From Portrofino 2012)|Perfidia|Live From Portrofino|andreabocelli|bocelli,10,en-US,none,2015,3974,False,False,5.966666666666667,0.003523831286895621,7.051089271381071e-05,11455.682184197281
HcelYxsmDB4,"Andrea Bocelli, Lang Lang - Lo Ci Sarò (Live From Teatro Del Silenzio, Italy / 2007) ft. Lang Lang",Music video by Andrea Bocelli performing Lo ci sarò (Live).© 2007 Sugar s.r.l.,2015-10-23 02:00:01+00:00,273,3729828,16719,434,False,PT6M42S,402,hd,false,True,Andrea|Bocelli|Sarò|Universal|Music|Pop|Lo Ci Sarò|Andrea Bocelli|lang lang|duets|classical pop|classical crossover|piano|langlang bocelli|Live From Teatro Del Silenzio|andrea bocelli Italy|andrea bocelli 2007|andrea bocelli live,10,en-US,none,2015,3974,False,False,6.7,0.004482512330327297,0.00011635925302721734,938.5576245596376
KVHvIGf1i0s,"Andrea Bocelli, Natalie Cole - The Christmas Song (Live)","Andrea Bocelli, Natalie Cole - The Christmas Song (Live)

Listen to Andrea Bocelli’s Christmas album 'My Christmas'  featuring 'The Christmas Song' here: https://andreabocelli.lnk.to/MyChristmasFiresideID
And listen to the new Christmas album 'A Family Christmas' here: https://AndreaBocelli.lnk.to/FamilyChristmasDeluxeID

Watch the Music for Hope full event here: https://andreabocelli.lnk.to/LiveFromDuomoID
Listen to the Music for Hope full event here: https://andreabocelli.lnk.to/MusicForHope1ID

Subscribe to Andrea Bocelli’s YouTube channel & ring the bell to never miss a new video: https://AndreaBocelli.lnk.to/YTSignUpID

Sign up for Andrea Bocelli’s Email List: https://AndreaBocelli.lnk.to/MailingListSignUpID

Follow Andrea Bocelli: 
Instagram: https://www.instagram.com/andreabocelliofficial
Facebook: https://www.facebook.com/andreabocelli/YouTube
YouTube: https://www.youtube.com/channel/UCb4JB8-ZAeceuR7EPCPOPzg
TikTok:  https://www.tiktok.com/@andreabocelliof?lang=en
X: https://x.com/AndreaBocelliWebsite
Website: https://www.andreabocelli.com/
#AndreaBocelli #Bocelli 

http://vevo.ly/8so0ai",2015-10-23 02:00:01+00:00,274,7207159,52617,1241,False,PT5M48S,348,hd,false,True,Andrea|Bocelli|The|Christmas|Song|Universal|Music|Pop|Natalie|Cole|(Live),10,en-US,none,2015,3974,False,False,5.8,0.007300657582273403,0.00017218990173520522,1813.5780070457977
K_UkA-pFahY,"Andrea Bocelli, Bryn Terfel - Va, Tosca - from Puccini's Tosca (HD)","Music video by Bryn Terfel, New York Philharmonic, Alan Gilbert performing Va, tosca (Live).© 2011 Sugar s.r.l., Under exclusive licence to Universal International Music B.V.",2015-10-23 02:00:01+00:00,275,66864,641,29,False,PT5M33S,333,hd,false,True,Bryn|Terfel|Tosca|Universal|Music|Classical,10,en-US,none,2015,3974,False,False,5.55,0.009586623594161283,0.00043371620004785833,16.825364871665826
MtfTU7TJZbY,"Andrea Bocelli, Caroline Campbell - Quizas Quizas Quizas (Live From Portofino / 2012)","Andrea Bocelli (feat. Caroline Campbell) - Quizas Quizas Quizas (Live from Portofino / 2012) 
Stream Andrea Bocelli: https://AndreaBocelli.lnk.to/streamID
Subscribe to Andrea Bocelli’s YouTube channel & ring the bell to never miss a new video: https://AndreaBocelli.lnk.to/YTSignUpID

Sign up for Andrea Bocelli’s Email List: https://AndreaBocelli.lnk.to/MailingListSignUpID

Follow Andrea Bocelli: 
Instagram: https://www.instagram.com/andreabocelliofficial
Facebook: https://www.facebook.com/andreabocelli/YouTube
YouTube: https://www.youtube.com/channel/UCb4JB8-ZAeceuR7EPCPOPzg
TikTok:  https://www.tiktok.com/@andreabocelliof?lang=en
X: https://x.com/AndreaBocelliWebsite
Website: https://www.andreabocelli.com/

#AndreaBocelli #CarolineCampbell

http://vevo.ly/mrWhx5",2015-10-23 02:00:01+00:00,276,79871310,465080,8459,False,PT3M56S,236,hd,false,True,#EllieGoulding #ReturnToLove #AndreaBocelli #SiForever #NewAlbum|安德烈波切俐|한글자막|日本語字幕|subtítulos en español|Türkçe Altyazılı|Phụ đề tiếng Việt|Subtitles in Tagalog|Teks dalam Bahasa Indonesia|उपशीर्षक हिंदी में|Sarikata Dalam Bahasa Malaysia|คำบรรยายภาษาไทย|Quizas Quizas Quizas|andrea bocelli live,10,en-US,none,2015,3974,False,False,3.933333333333333,0.005822866809120822,0.00010590786604101021,20098.467539003523
NURLs5yGz3o,"Ave Maria (Live From Basilica Di Santa Maria Sopra Minerva, Italy / 1999)","Ave Maria (Live From Basilica Di Santa Maria Sopra Minerva, Italy / 1999)


Subscribe to Andrea Bocelli’s YouTube channel & ring the bell to never miss a new video: https://AndreaBocelli.lnk.to/YTSignUpID

Sign up for Andrea Bocelli’s Email List: https://AndreaBocelli.lnk.to/MailingListSignUpID

Follow Andrea Bocelli: 
Instagram: https://www.instagram.com/andreabocelliofficial
Facebook: https://www.facebook.com/andreabocelli/YouTube
YouTube: https://www.youtube.com/channel/UCb4JB8-ZAeceuR7EPCPOPzg
TikTok:  https://www.tiktok.com/@andreabocelliof?lang=en
X: https://x.com/AndreaBocelliWebsite
Website: https://www.andreabocelli.com/
#AndreaBocelli #Bocelli #Ave Maria #LiveFromBasilicaDiSantaMariaSopraMinerva

Music video by Andrea Bocelli performing Ave Maria. (C) 1999 Insieme Srl

Watch the Music for Hope full event here: https://andreabocelli.lnk.to/LiveFromDuomoID
Listen to the Music for Hope full event here: https://andreabocelli.lnk.to/MusicForHope1ID

http://vevo.ly/GPhe8a",2015-10-23 02:00:01+00:00,277,388239,3851,101,False,PT2M54S,174,sd,false,True,Andrea|Bocelli|Ave|Maria|Universal|Music|Classical|Andrea Bocelli|Ave Maria|(Live From Basilica Di Santa Maria Sopra Minerva|Italy 1999),10,en-US,none,2015,3974,False,False,2.9,0.009919147741468529,0.000260149031910756,97.6947659788626
SPizIaBPhSg,"Andrea Bocelli - Can't Help Falling In Love (Live From Lake Las Vegas Resort, USA / 2006)","Andrea Bocelli - Can't Help Falling In Love (Official Live Performance From Lake Las Vegas Resort, USA / 2006)
Stream Andrea Bocelli: https://AndreaBocelli.lnk.to/streamID
Subscribe to Andrea Bocelli’s YouTube channel & ring the bell to never miss a new video: https://AndreaBocelli.lnk.to/YTSignUpID

Sign up for Andrea Bocelli’s Email List: https://AndreaBocelli.lnk.to/MailingListSignUpID

Follow Andrea Bocelli: 
Instagram: https://www.instagram.com/andreabocelliofficial
Facebook: https://www.facebook.com/andreabocelli/YouTube
YouTube: https://www.youtube.com/channel/UCb4JB8-ZAeceuR7EPCPOPzg
TikTok:  https://www.tiktok.com/@andreabocelliof?lang=en
X: https://x.com/AndreaBocelliWebsite
Website: https://www.andreabocelli.com/

#AndreaBocelli

- Lyrics - 
Wise men say only fools rush in
But I can't help falling in love with you

Shall I stay would it be a sin
If I can't help falling in love with you

Like a river flows 
Surely to the sea
Darling, so it goes
Some things are meant to be 

So take my hand
Take my whole life too 
For I can't help
Falling in love with you

Some things are meant to be
Take my hand 
Take my whole life too

For I can't help falling in love with you
For I can't help falling in love with you


#AndreaBocelli #BocelliLovesongs #LoveSongs #Can'tHelpFallingInLove #SiForever



Music video by Andrea Bocelli performing Can't Help Falling In Love - Live From Lake Las Vegas Resort, USA / 2006. (C) 2006 Sugar Srl, under exclusive license to Universal Music B.V.
http://vevo.ly/ov2y3g",2015-10-23 02:00:01+00:00,278,156307368,1194785,26710,False,PT4M22S,262,sd,true,True,한글자막|日本語字幕|subtítulos en español|Türkçe Altyazılı|Phụ đề tiếng Việt|Subtitles in Tagalog|Teks dalam Bahasa Indonesia|उपशीर्षक हिंदी में|Sarikata Dalam Bahasa Malaysia|คำบรรยายภาษาไทย|安德烈波切俐|andrea bocelli live|andrea bocelli|can't help falling in love live,10,en-US,none,2015,3974,False,False,4.366666666666666,0.007643817532645038,0.0001708812600567876,39332.50327126321
SVOHDbvoeQY,"Andrea Bocelli - Melodramma - Live From Ristorante Le Chalet, Italy / 2007","Music video by Andrea Bocelli performing Melodramma (Live).© 2015 Sugar s.r.l., under exclusive license to Universal International Music B.V., a Universal Music Group company",2015-10-23 02:00:01+00:00,279,100089,1095,32,False,PT4M24S,264,sd,false,True,Andrea|Bocelli|Melodramma|Universal|Music|Classical,10,en-US,none,2015,3974,False,False,4.4,0.010940263165782454,0.00031971545324661053,25.18595873175642
T9hGZgtuCj0,"Andrea Bocelli - Bellissime Stelle - Live From Teatro Del Silenzio, Italy / 2007",Music video by Andrea Bocelli performing Bellissime Stelle (Live).© 2007 Sugar s.r.l.,2015-10-23 02:00:01+00:00,280,2170401,7545,261,False,PT5M14S,314,hd,false,True,Andrea|Bocelli|Bellissime|Stelle|Universal|Music|Pop,10,en-US,none,2015,3974,False,False,5.233333333333333,0.0034763161277570364,0.00012025427559239053,546.1502264720684
TdWEhMOrRpQ,"Andrea Bocelli - Con Te Partirò / Time To Say Goodbye (Live From Piazza Dei Cavalieri, Italy / 1997)","Andrea Bocelli - Con Te Partirò / Time To Say Goodbye (Live From Piazza Dei Cavalieri, Italy / 1997)
Stream Andrea Bocelli: https://AndreaBocelli.lnk.to/streamID
Subscribe to Andrea Bocelli’s YouTube channel & ring the bell to never miss a new video: https://AndreaBocelli.lnk.to/YTSignUpID

Sign up for Andrea Bocelli’s Email List: https://AndreaBocelli.lnk.to/MailingListSignUpID

Follow Andrea Bocelli: 
Instagram: https://www.instagram.com/andreabocelliofficial
Facebook: https://www.facebook.com/andreabocelli/YouTube
YouTube: https://www.youtube.com/channel/UCb4JB8-ZAeceuR7EPCPOPzg
TikTok:  https://www.tiktok.com/@andreabocelliof?lang=en
X: https://x.com/AndreaBocelliWebsite
Website: https://www.andreabocelli.com/

#AndreaBocelli

Music video by Andrea Bocelli performing Con Te Partiro. (C) 2015 Sugar Srl

http://vevo.ly/2xSmoF",2015-10-23 02:00:01+00:00,281,84125214,856398,26936,False,PT4M41S,281,sd,false,True,bocelli con te partiro|andrea bocelli|con te partiro andrea bocelli|andrea bocelli con te partiro|con te partiro|andrea bocelli live|andrea bocelli songs|andrea bocelli videos|andrea bocelli live from piazza dei cavalieri 1997|con te partirò bocelli live|bocelli con te partiro youtube|bocelli con te partiro live|bocelli con te partirò live|bocelli live|conte partiró|bocelli|opera|time to say goodbye|安德烈波切俐|한글자막|日本語字幕|subtítulos en español,10,en-US,none,2015,3974,False,False,4.683333333333334,0.010180039482574154,0.00032018937865643945,21168.901358832412
U8uG5pTyRSI,"Andrea Bocelli, David Foster - Cantique De Noel","Listen to Andrea Bocelli’s Christmas album 'My Christmas'  featuring 'Cantique De Noel' here: https://andreabocelli.lnk.to/MyChristmasFiresideID
And listen to the new Christmas album 'A Family Christmas' here: https://AndreaBocelli.lnk.to/FamilyChristmasDeluxeID

Watch the Music for Hope full event here: https://andreabocelli.lnk.to/LiveFromDuomoID
Listen to the Music for Hope full event here: https://andreabocelli.lnk.to/MusicForHope1ID

Subscribe to Andrea's YouTube:
https://www.youtube.com/c/AndreaBocelli?sub_confirmation=1
Listen to the Essentials playlist: https://andreabocelli.lnk.to/EssentialsID

Follow Andrea:
Facebook: https://www.facebook.com/AndreaBocelli
Instagram: https://www.instagram.com/AndreaBocelli
Twitter: https://twitter.com/AndreaBocelli
YouTube: https://www.youtube.com/AndreaBocelli
TikTok: https://www.tiktok.com/@andreabocelliof

#AndreaBocelli #Bocelli #Christmas #MyChristmas",2015-10-23 02:00:01+00:00,282,1977068,12282,389,False,PT5M15S,315,hd,false,True,Andrea|Bocelli|Cantique|Noel|Universal|Music|Classical|Christmas|Christmas Music|Christmas Songs|Xmas|Xmas Music|Xmas Songs|Top Christmas songs|Christmas Classics|Winter|Santa|Rudolph|Holly|Snow|Navidad|December|Holiday Music|Festive,10,en-US,none,2015,3974,False,False,5.25,0.006212229422559062,0.00019675600434582928,497.5007549068948
V7eTCbvPMR8,"Andrea Bocelli - September Morn (Live From Lake Las Vegas Resort, USA / 2006)","Andrea Bocelli - September Morn (Live From Lake Las Vegas Resort, USA / 2006)
Stream Andrea Bocelli: https://AndreaBocelli.lnk.to/streamID
Subscribe to Andrea Bocelli’s YouTube channel & ring the bell to never miss a new video: https://AndreaBocelli.lnk.to/YTSignUpID

Sign up for Andrea Bocelli’s Email List: https://AndreaBocelli.lnk.to/MailingListSignUpID

Follow Andrea Bocelli: 
Instagram: https://www.instagram.com/andreabocelliofficial
Facebook: https://www.facebook.com/andreabocelli/YouTube
YouTube: https://www.youtube.com/channel/UCb4JB8-ZAeceuR7EPCPOPzg
TikTok:  https://www.tiktok.com/@andreabocelliof?lang=en
X: https://x.com/AndreaBocelliWebsite
Website: https://www.andreabocelli.com/

#AndreaBocelli

Music video by Andrea Bocelli performing September Morn. (C) 2006 Sugar Srl, under exclusive license to Universal Music B.V.
http://vevo.ly/fe7RuT",2015-10-23 02:00:01+00:00,283,644986,3496,70,False,PT1M54S,114,sd,false,True,Andrea|Bocelli|September|Morn|Universal|Music|Pop,10,en-US,none,2015,3974,False,False,1.9,0.005420272688089354,0.00010852948746174335,162.3014594866633
XdVkoAe1QNU,"Domine Deus (Live From Basilica Di Santa Maria Sopra Minerva, Italy / 1999)","Music video by Andrea Bocelli, Orchestra dell'Accademia Nazionale di Santa Cecilia, Myung-Whun Chung performing Domine deus (Live).© 1999 Sugar s.r.l.",2015-10-23 02:00:01+00:00,284,99166,632,20,False,PT4M48S,288,sd,false,True,Andrea|Bocelli|Domine|Deus|Universal|Music|Classical|Orchestra|dell'Accademia|Nazionale|Santa|Cecilia|Myung-Whun|Chung|(Live|From|Basilica|Maria|Sopra|Minerva|Italy|1999),10,en-US,none,2015,3974,False,False,4.8,0.006373152088417401,0.0002016820281144747,24.9536990437846
Y_lNwLXopR0,Andrea Bocelli - Sarà Settembre (Live From Portrofino / 2012),"Andrea Bocelli - Sarà Settembre (Live From Portrofino / 2012)
Stream Andrea Bocelli: https://AndreaBocelli.lnk.to/streamID
Subscribe to Andrea Bocelli’s YouTube channel & ring the bell to never miss a new video: https://AndreaBocelli.lnk.to/YTSignUpID

Sign up for Andrea Bocelli’s Email List: https://AndreaBocelli.lnk.to/MailingListSignUpID

Follow Andrea Bocelli: 
Instagram: https://www.instagram.com/andreabocelliofficial
Facebook: https://www.facebook.com/andreabocelli/YouTube
YouTube: https://www.youtube.com/channel/UCb4JB8-ZAeceuR7EPCPOPzg
TikTok:  https://www.tiktok.com/@andreabocelliof?lang=en
X: https://x.com/AndreaBocelliWebsite
Website: https://www.andreabocelli.com/

#AndreaBocelli

Music video by Andrea Bocelli performing Sarà Settembre. (C) 2013 Sugar Srl, under exclusive license to Universal International Music B.V.
http://vevo.ly/7qSisb",2015-10-23 02:00:01+00:00,285,5998272,13582,443,False,PT4M49S,289,hd,false,True,Andrea Bocelli|Andrea Bocelli live|Sarà Settembre|Sarà Settembre Live|Andrea Bocelli Sarà Settembre|Live From Portrofino,10,en-US,none,2015,3974,False,False,4.816666666666666,0.0022643187904783243,7.385460345912956e-05,1509.378963261198
Ypw99is6Xto,"Andrea Bocelli - E Mi Manchi Tu - Live From Central Park, USA / 2011","Music video by Andrea Bocelli performing E mi manchi tu (Live).© 2015 Sugar s.r.l., under exclusive license to Universal International Music B.V., a Universal Music Group company",2015-10-23 02:00:01+00:00,286,300678,1978,79,False,PT7M24S,444,sd,false,True,Andrea|Bocelli|Manchi|Universal|Music|Classical,10,en-US,none,2015,3974,False,False,7.4,0.006578466000172942,0.0002627395419684846,75.66129843985908
ZCDsnYBz8oI,"Andrea Bocelli - Mille Lune Mille Onde (Live From Castagneto Carducci, Italy / 2001)","Andrea Bocelli - Mille Lune Mille Onde (Live From Castagneto Carducci, Italy / 2001)

Subscribe to Andrea Bocelli’s YouTube channel & ring the bell to never miss a new video: https://AndreaBocelli.lnk.to/YTSignUpID

Sign up for Andrea Bocelli’s Email List: https://AndreaBocelli.lnk.to/MailingListSignUpID

Follow Andrea Bocelli: 
Instagram: https://www.instagram.com/andreabocelliofficial
Facebook: https://www.facebook.com/andreabocelli/YouTube
YouTube: https://www.youtube.com/channel/UCb4JB8-ZAeceuR7EPCPOPzg
TikTok:  https://www.tiktok.com/@andreabocelliof?lang=en
X: https://x.com/AndreaBocelliWebsite
Website: https://www.andreabocelli.com/
#AndreaBocelli #Bocelli #MilleLuneMilleOnde #LiveFromCastagnetoCarducci

Music video by Andrea Bocelli performing Mille Lune Mille Onde. (C) 2015 Sugar Srl, under exclusive license to Universal International Music B.V., a Universal Music Group company

Watch the Music for Hope full event here: https://andreabocelli.lnk.to/LiveFromDuomoID
Listen to the Music for Hope full event here: https://andreabocelli.lnk.to/MusicForHope1ID

http://vevo.ly/6hbr72",2015-10-23 02:00:01+00:00,287,739934,4988,201,False,PT4M8S,248,sd,false,True,Andrea|Bocelli|Mille|Lune|Onde|Universal|Music|Classical|Mille Lune Mille Onde|(Live From Castagneto Carducci|Italy 2001)|andrea bocelli,10,en-US,none,2015,3974,False,False,4.133333333333334,0.006741141777509886,0.00027164584949468466,186.1937594363362
_CnnHfU_oek,Andrea Bocelli - Senza Fine (Live From Portofino / 2012),"Andrea Bocelli - Senza Fine (Live From Portofino / 2012)
Stream Andrea Bocelli: https://AndreaBocelli.lnk.to/streamID
Subscribe to Andrea Bocelli’s YouTube channel & ring the bell to never miss a new video: https://AndreaBocelli.lnk.to/YTSignUpID

Sign up for Andrea Bocelli’s Email List: https://AndreaBocelli.lnk.to/MailingListSignUpID

Follow Andrea Bocelli: 
Instagram: https://www.instagram.com/andreabocelliofficial
Facebook: https://www.facebook.com/andreabocelli/YouTube
YouTube: https://www.youtube.com/channel/UCb4JB8-ZAeceuR7EPCPOPzg
TikTok:  https://www.tiktok.com/@andreabocelliof?lang=en
X: https://x.com/AndreaBocelliWebsite
Website: https://www.andreabocelli.com/

#AndreaBocelli

Music video by Andrea Bocelli performing Senza Fine. (C) 2013 Sugar Srl, under exclusive license to Universal International Music B.V.

http://vevo.ly/ETk1YH",2015-10-23 02:00:01+00:00,288,13114367,32868,860,False,PT4M7S,247,hd,false,True,Andrea|Bocelli|Senza|Fine|Universal|Music|Pop|andrea bocelli|Senza Fine|andrea bocelli live,10,en-US,none,2015,3974,False,False,4.116666666666666,0.0025062589753664815,6.557693558522497e-05,3300.042023150478
_T4JMJuoEyg,"Andrea Bocelli - O Sole Mio - Live From Piazza Dei Cavalieri, Italy / 1997","Music video by Andrea Bocelli performing O sole mio (Live).© 2015 Sugar s.r.l., under exclusive license to Universal International Music B.V., a Universal Music Group company",2015-10-23 02:00:01+00:00,289,103790,1174,39,False,PT5M56S,356,sd,false,True,Andrea|Bocelli|Sole|Mio|Universal|Music|Classical,10,en-US,none,2015,3974,False,False,5.933333333333334,0.011311301666827247,0.00037575874361691876,26.11726220432813
aeaKE-buThA,"Andrea Bocelli - Con Te Partirò (Live From Ristorante Le Chalet, Italy / 2007)","Music video by Andrea Bocelli - Con Te Partirò (Live From Ristorante Le Chalet, Italy / 2007). (C) 2015 Sugar Srl

Subscribe to Andrea Bocelli’s YouTube channel & ring the bell to never miss a new video: https://AndreaBocelli.lnk.to/YTSignUpID

Sign up for Andrea Bocelli’s Email List: https://AndreaBocelli.lnk.to/MailingListSignUpID

Follow Andrea Bocelli: 
Instagram: https://www.instagram.com/andreabocelliofficial
Facebook: https://www.facebook.com/andreabocelli/YouTube
YouTube: https://www.youtube.com/channel/UCb4JB8-ZAeceuR7EPCPOPzg
TikTok:  https://www.tiktok.com/@andreabocelliof?lang=en
X: https://x.com/AndreaBocelliWebsite
Website: https://www.andreabocelli.com/
#AndreaBocelli #Bocelli #ConTePartirò 

Watch the Music for Hope full event here: https://andreabocelli.lnk.to/LiveFromDuomoID
Listen to the Music for Hope full event here: https://andreabocelli.lnk.to/MusicForHope1ID

http://vevo.ly/Vf5nmL",2015-10-23 02:00:01+00:00,290,107481,1592,60,False,PT5M29S,329,sd,false,True,Andrea|Bocelli|Con|partiro'|Universal|Music|Classical|classical pop|opera|#ConTePartirò,10,en-US,none,2015,3974,False,False,5.483333333333333,0.014811920246369126,0.0005582382002400424,27.046049320583794
b5TVzlymwAU,Andrea Bocelli - Tristeza (Live From Portrofino / 2012),"Andrea Bocelli - Tristeza (Live From Portrofino / 2012)
Stream Andrea Bocelli: https://AndreaBocelli.lnk.to/streamID
Subscribe to Andrea Bocelli’s YouTube channel & ring the bell to never miss a new video: https://AndreaBocelli.lnk.to/YTSignUpID

Sign up for Andrea Bocelli’s Email List: https://AndreaBocelli.lnk.to/MailingListSignUpID

Follow Andrea Bocelli: 
Instagram: https://www.instagram.com/andreabocelliofficial
Facebook: https://www.facebook.com/andreabocelli/YouTube
YouTube: https://www.youtube.com/channel/UCb4JB8-ZAeceuR7EPCPOPzg
TikTok:  https://www.tiktok.com/@andreabocelliof?lang=en
X: https://x.com/AndreaBocelliWebsite
Website: https://www.andreabocelli.com/

#AndreaBocelli

Music video by Andrea Bocelli performing Tristeza. (C) 2012 Sugar Srl, under exclusive license to Universal International Music B.V.
http://vevo.ly/bUzlk7",2015-10-23 02:00:01+00:00,291,4688667,13026,453,False,PT4M24S,264,hd,false,True,Andrea|Bocelli|Tristeza|Universal|Music|Pop|Live From Portrofino|andrea bocelli live,10,en-US,none,2015,3974,False,False,4.4,0.0027781883422303183,9.661594649396087e-05,1179.8356819325616
dWAdYaAIfXo,Andrea Bocelli - A Mano A Mano (Live From Portrofino / 2012),"Andrea Bocelli - A Mano A Mano (Live From Portrofino / 2012)
Stream Andrea Bocelli: https://AndreaBocelli.lnk.to/streamID
Subscribe to Andrea Bocelli’s YouTube channel & ring the bell to never miss a new video: https://AndreaBocelli.lnk.to/YTSignUpID

Sign up for Andrea Bocelli’s Email List: https://AndreaBocelli.lnk.to/MailingListSignUpID

Follow Andrea Bocelli: 
Instagram: https://www.instagram.com/andreabocelliofficial
Facebook: https://www.facebook.com/andreabocelli/YouTube
YouTube: https://www.youtube.com/channel/UCb4JB8-ZAeceuR7EPCPOPzg
TikTok:  https://www.tiktok.com/@andreabocelliof?lang=en
X: https://x.com/AndreaBocelliWebsite
Website: https://www.andreabocelli.com/

#AndreaBocelli

Music video by Andrea Bocelli performing A Mano A Mano. (C) 2013 Sugar Srl, under exclusive license to Universal International Music B.V.
http://vevo.ly/z745iy",2015-10-23 02:00:01+00:00,292,7083165,20628,798,False,PT5M15S,315,hd,false,True,Andrea|Bocelli|Mano|Universal|Music|Pop|classical|classicalpop|andreabocelli|AManoAMano|LiveFromPortrofino,10,en-US,none,2015,3974,False,False,5.25,0.0029122574442357334,0.00011266150089684485,1782.3766985405134
h6zg81amWRU,"Andrea Bocelli - Sogno - Live From Ristorante Le Chalet, Italy / 2007","Music video by Andrea Bocelli performing Sogno (Live).© 2015 Sugar s.r.l., under exclusive license to Universal International Music B.V., a Universal Music Group company",2015-10-23 02:00:01+00:00,293,125769,980,48,False,PT3M59S,239,sd,false,True,Andrea|Bocelli|Sogno|Universal|Music|Classical,10,en-US,none,2015,3974,False,False,3.9833333333333334,0.007792063227027328,0.0003816520764258283,31.647961751383995
hJ303yfd5VU,Andrea Bocelli and Bryn Terfel: Au Fond Du Temple Saint - from Bizet's Les pêcheurs de perles (HD),"Music video by Andrea Bocelli, Bryn Terfel, New York Philharmonic, Alan Gilbert performing Au Fond Du Temple Saint (Live).© 2011 Sugar s.r.l., Under exclusive licence to Universal International Music B.V.",2015-10-23 02:00:01+00:00,294,534888,3668,176,False,PT6M17S,377,hd,false,True,Andrea|Bocelli|Bryn|Terfel|Fond|Temple|Saint|Universal|Music|Classical,10,en-US,none,2015,3974,False,False,6.283333333333333,0.006857510357308446,0.00032904084593410207,134.59687971816808
hUMwp4oY80A,"Andrea Bocelli - Resta Qui (Live From Castagneto Carducci, Italy / 2001)","Andrea Bocelli - Resta Qui (Live From Castagneto Carducci, Italy / 2001)

Subscribe to Andrea Bocelli’s YouTube channel & ring the bell to never miss a new video: https://AndreaBocelli.lnk.to/YTSignUpID

Sign up for Andrea Bocelli’s Email List: https://AndreaBocelli.lnk.to/MailingListSignUpID

Follow Andrea Bocelli: 
Instagram: https://www.instagram.com/andreabocelliofficial
Facebook: https://www.facebook.com/andreabocelli/YouTube
YouTube: https://www.youtube.com/channel/UCb4JB8-ZAeceuR7EPCPOPzg
TikTok:  https://www.tiktok.com/@andreabocelliof?lang=en
X: https://x.com/AndreaBocelliWebsite
Website: https://www.andreabocelli.com/
#AndreaBocelli #Bocelli #RestaQui #LiveFromCastagnetoCarducci

Music video by Andrea Bocelli performing Resta Qui. (C) 2015 Sugar Srl, under exclusive license to Universal International Music B.V., a Universal Music Group company

Watch the Music for Hope full event here: https://andreabocelli.lnk.to/LiveFromDuomoID
Listen to the Music for Hope full event here: https://andreabocelli.lnk.to/MusicForHope1ID

http://vevo.ly/xcJW3w",2015-10-23 02:00:01+00:00,295,601958,4185,186,False,PT4M9S,249,sd,false,True,Andrea|Bocelli|Resta|Qui|Universal|Music|Classical|Resta Qui (Live From Castagneto Carducci|Italy 2001)|Resta Qui|(Live From Castagneto Carducci|Andrea Bocelli,10,en-US,none,2015,3974,False,False,4.15,0.006952312287568235,0.0003089916572252549,151.47408152994464
hp07k9cQZbE,Andrea Bocelli - Era Già Tutto Previsto (Live From Portofino / 2012),"Andrea Bocelli - Era Già Tutto Previsto
Stream Andrea Bocelli: https://AndreaBocelli.lnk.to/streamID
Subscribe to Andrea Bocelli’s YouTube channel & ring the bell to never miss a new video: https://AndreaBocelli.lnk.to/YTSignUpID

Sign up for Andrea Bocelli’s Email List: https://AndreaBocelli.lnk.to/MailingListSignUpID

Follow Andrea Bocelli: 
Instagram: https://www.instagram.com/andreabocelliofficial
Facebook: https://www.facebook.com/andreabocelli/YouTube
YouTube: https://www.youtube.com/channel/UCb4JB8-ZAeceuR7EPCPOPzg
TikTok:  https://www.tiktok.com/@andreabocelliof?lang=en
X: https://x.com/AndreaBocelliWebsite
Website: https://www.andreabocelli.com/

#AndreaBocelli

Music video by Andrea Bocelli performing Era Già Tutto Previsto. (C) 2012 Sugar Srl, under exclusive license to Universal International Music B.V.
http://vevo.ly/k3mGhK",2015-10-23 02:00:01+00:00,296,7057142,16531,656,False,PT4M19S,259,hd,false,True,Andrea|Bocelli|Era|Già|Tutto|Previsto|Universal|Music|Pop|Riccardo Cocciante,10,en-US,none,2015,3974,False,False,4.316666666666666,0.0023424496772206085,9.295547687718343e-05,1775.8283844992452
iC6_6OvWMQg,"Andrea Bocelli - Someone Like You (Live From Castagneto Carducci, Italy / 2001)","Andrea Bocelli - Someone Like You (Live From Castagneto Carducci, Italy / 2001)

Subscribe to Andrea Bocelli’s YouTube channel & ring the bell to never miss a new video: https://AndreaBocelli.lnk.to/YTSignUpID


Sign up for Andrea Bocelli’s Email List: https://AndreaBocelli.lnk.to/MailingListSignUpID

Follow Andrea Bocelli: 
Instagram: https://www.instagram.com/andreabocelliofficial
Facebook: https://www.facebook.com/andreabocelli/YouTube
YouTube: https://www.youtube.com/channel/UCb4JB8-ZAeceuR7EPCPOPzg
TikTok:  https://www.tiktok.com/@andreabocelliof?lang=en
X: https://x.com/AndreaBocelliWebsite
Website: https://www.andreabocelli.com/
#AndreaBocelli #Bocelli #Someone Like You #LiveFromCastagnetoCarducci

Music video by Andrea Bocelli performing Someone Like You. (C) 2015 Sugar Srl, under exclusive license to Universal International Music B.V., a Universal Music Group company

Watch the Music for Hope full event here: https://andreabocelli.lnk.to/LiveFromDuomoID
Listen to the Music for Hope full event here: https://andreabocelli.lnk.to/MusicForHope1ID

http://vevo.ly/8rHtJU",2015-10-23 02:00:01+00:00,297,587448,4052,204,False,PT5M7S,307,sd,false,True,Andrea|Bocelli|Someone|Like|You|Universal|Music|Classical|Andrea Bocelli Someone Like You (Live From Castagneto Carducci|Italy 2001)|Andrea Bocelli|Someone Like You|(Live From Castagneto Carducci,10,en-US,none,2015,3974,False,False,5.116666666666666,0.006897631790388255,0.00034726477918045514,147.82284851534976
jI7zeFpI2dY,Andrea Bocelli - Champagne (Live From Portrofino / 2012),"Andrea Bocelli - Champagne (Live From Portrofino / 2012)
Stream Andrea Bocelli: https://AndreaBocelli.lnk.to/streamID
Subscribe to Andrea Bocelli’s YouTube channel & ring the bell to never miss a new video: https://AndreaBocelli.lnk.to/YTSignUpID

Sign up for Andrea Bocelli’s Email List: https://AndreaBocelli.lnk.to/MailingListSignUpID

Follow Andrea Bocelli: 
Instagram: https://www.instagram.com/andreabocelliofficial
Facebook: https://www.facebook.com/andreabocelli/YouTube
YouTube: https://www.youtube.com/channel/UCb4JB8-ZAeceuR7EPCPOPzg
TikTok:  https://www.tiktok.com/@andreabocelliof?lang=en
X: https://x.com/AndreaBocelliWebsite
Website: https://www.andreabocelli.com/

#AndreaBocelli",2015-10-23 02:00:01+00:00,298,26761702,73652,2030,False,PT4M34S,274,hd,false,True,Andrea Bocelli|Sugar s.r.l. under exclusive licence to Universal International Music B.V.|Pop,10,en-US,none,2015,3974,False,False,4.566666666666666,0.0027521418480782726,7.585466724052155e-05,6734.197785606442
knczBA7yNdc,"Andrea Bocelli, New York Philharmonic, Alan Gilbert - Overture - Live From Central Park, USA / 2011","Music video by Andrea Bocelli, New York Philharmonic, Alan Gilbert performing Overture (Live).© 2011 Sugar s.r.l., Under exclusive licence to Universal International Music B.V.",2015-10-23 02:00:01+00:00,299,10680,81,2,False,PT5M8S,308,hd,false,True,Andrea|Bocelli|New|York|Philharmonic|Orchestra|Alan|Gilbert|Overture|Universal|Music|Classical,10,en-US,none,2015,3974,False,False,5.133333333333334,0.007584269662921348,0.00018726591760299626,2.687468545546049
lYIE-gL0o1Y,"Andrea Bocelli - Il Mare Calmo Della Sera - Live From Ristorante Le Chalet, Italy / 2007","Music video by Andrea Bocelli performing Il mare calmo della sera (Live).© 2015 Sugar s.r.l., under exclusive license to Universal International Music B.V., a Universal Music Group company",2015-10-23 02:00:01+00:00,300,12536,179,6,False,PT2M33S,153,sd,false,True,Andrea|Bocelli|Mare|Calmo|Della|Sera|Universal|Music|Classical,10,en-US,none,2015,3974,False,False,2.55,0.014278876834716018,0.0004786215698787492,3.1545042778057373
m4-wiGJwngQ,"Andrea Bocelli - E lucevan le stelle - Live From Piazza Dei Cavalieri, Italy / 1997","Music video by Andrea Bocelli performing E lucevan le stelle (Live).© 2015 Sugar s.r.l., under exclusive license to Universal International Music B.V., a Universal Music Group company",2015-10-23 02:00:01+00:00,301,408565,4122,163,False,PT4M39S,279,sd,false,True,Andrea|Bocelli|lucevan|stelle|Universal|Music|Pop,10,en-US,none,2015,3974,False,False,4.65,0.010088969931345074,0.00039895732625163684,102.80951182687468
pRChhXccTFg,"Andrea Bocelli, Reba McEntire - Blue Christmas","Listen to Andrea Bocelli’s Christmas album 'My Christmas'  featuring 'Blue Christmas' here: https://andreabocelli.lnk.to/MyChristmasFiresideID
And listen to the new Christmas album 'A Family Christmas' here: https://AndreaBocelli.lnk.to/FamilyChristmasDeluxeID

Watch the Music for Hope full event here: https://andreabocelli.lnk.to/LiveFromDuomoID
Listen to the Music for Hope full event here: https://andreabocelli.lnk.to/MusicForHope1ID

Subscribe to Andrea's YouTube:
https://www.youtube.com/c/AndreaBocelli?sub_confirmation=1
Listen to the Essentials playlist: https://andreabocelli.lnk.to/EssentialsID

Follow Andrea:
Facebook: https://www.facebook.com/AndreaBocelli
Instagram: https://www.instagram.com/AndreaBocelli
Twitter: https://twitter.com/AndreaBocelli
YouTube: https://www.youtube.com/AndreaBocelli
TikTok: https://www.tiktok.com/@andreabocelliof

#AndreaBocelli #Bocelli #Christmas #MyChristmas",2015-10-23 02:00:01+00:00,302,5659256,38638,1223,False,PT5M33S,333,hd,false,True,Andrea|Bocelli|Blue|Christmas|Universal|Music|Pop,10,en-US,none,2015,3974,False,False,5.55,0.006827399219968137,0.000216106145401445,1424.0704579768494
srti9S6wQpY,"Andrea Bocelli - Momentos (Live From Lake Las Vegas Resort, USA / 2006)","Andre Bocelli - Momentos (Live From Lake Las Vegas Resort, USA / 2006)
Stream Andrea Bocelli: https://AndreaBocelli.lnk.to/streamID
Subscribe to Andrea Bocelli’s YouTube channel & ring the bell to never miss a new video: https://AndreaBocelli.lnk.to/YTSignUpID

Sign up for Andrea Bocelli’s Email List: https://AndreaBocelli.lnk.to/MailingListSignUpID

Follow Andrea Bocelli: 
Instagram: https://www.instagram.com/andreabocelliofficial
Facebook: https://www.facebook.com/andreabocelli/YouTube
YouTube: https://www.youtube.com/channel/UCb4JB8-ZAeceuR7EPCPOPzg
TikTok:  https://www.tiktok.com/@andreabocelliof?lang=en
X: https://x.com/AndreaBocelliWebsite
Website: https://www.andreabocelli.com/

#AndreaBocelli

Music video by Andrea Bocelli performing Momentos. (C) 2006 Sugar Srl, under exclusive license to Universal Music B.V.

http://vevo.ly/trdGDu",2015-10-23 02:00:01+00:00,303,26708138,82991,2905,False,PT4M7S,247,sd,false,True,#EllieGoulding|#ReturnToLove|#AndreaBocelli|#SiForever|#NewAlbum,10,en-US,none,2015,3974,False,False,4.116666666666666,0.0031073300579770855,0.0001087683461872183,6720.719174635128
u8jImIjg4UY,"Andrea Bocelli - The Lord's Prayer (Live From The Kodak Theatre, USA / 2009)","Andrea Bocelli - The Lord's Prayer (Live From The Kodak Theatre, USA / 2009)
Stream Andrea Bocelli: https://AndreaBocelli.lnk.to/streamID
Subscribe to Andrea Bocelli’s YouTube channel & ring the bell to never miss a new video: https://AndreaBocelli.lnk.to/YTSignUpID

Sign up for Andrea Bocelli’s Email List: https://AndreaBocelli.lnk.to/MailingListSignUpID

Follow Andrea Bocelli: 
Instagram: https://www.instagram.com/andreabocelliofficial
Facebook: https://www.facebook.com/andreabocelli/YouTube
YouTube: https://www.youtube.com/channel/UCb4JB8-ZAeceuR7EPCPOPzg
TikTok:  https://www.tiktok.com/@andreabocelliof?lang=en
X: https://x.com/AndreaBocelliWebsite
Website: https://www.andreabocelli.com/

#AndreaBocelli

Listen to Andrea Bocelli’s Christmas album 'My Christmas'  featuring 'The Lord's Prayer' here: https://andreabocelli.lnk.to/MyChristmasFiresideID
And listen to the new Christmas album 'A Family Christmas' here: https://AndreaBocelli.lnk.to/FamilyChristmasDeluxeID

Music video by Andrea Bocelli performing The Lord's Prayer. (C) 2015 Sugar Srl, under exclusive license to Universal International Music B.V., a Universal Music Group company

http://vevo.ly/bWIeBz",2015-10-23 02:00:01+00:00,304,15530771,113789,5131,False,PT5M27S,327,hd,false,True,Andrea|Bocelli|The|Lord's|Prayer|Universal|Music|Classical,10,en-US,none,2015,3974,False,False,5.45,0.00732668069086847,0.00033037638633651867,3908.0953699043785
zLmFEIksvh8,"Andrea Bocelli, Laura Pausini - Dare To Live (Live From Teatro Del Silenzio, Italy / 2007)","Andrea Bocelli & Laura Pausini - Dare To Live (Live From Teatro Del Silenzio, Italy / 2007)

Andrea Bocelli ‘Duets’ 30th Anniversary, 30 years of bringing people together.
The definitive collection of ‘Duets’ is released Friday 25th October.
Pre-Order 'Duets' here: https://AndreaBocelli.lnk.to/DuetsID

Stream Andrea Bocelli: https://AndreaBocelli.lnk.to/streamID
Subscribe to Andrea Bocelli’s YouTube channel & ring the bell to never miss a new video: https://AndreaBocelli.lnk.to/YTSignUpID

Sign up for Andrea Bocelli’s Email List: https://AndreaBocelli.lnk.to/MailingListSignUpID

Follow Andrea Bocelli: 
Instagram: https://www.instagram.com/andreabocelliofficial
Facebook: https://www.facebook.com/andreabocelli/YouTube
YouTube: https://www.youtube.com/channel/UCb4JB8-ZAeceuR7EPCPOPzg
TikTok:  https://www.tiktok.com/@andreabocelliof?lang=en
X: https://x.com/AndreaBocelliWebsite
Website: https://www.andreabocelli.com/

#AndreaBocelli #Laura Pausini #Dare To Live

http://vevo.ly/J24l5n",2015-10-23 02:00:01+00:00,305,68372951,299989,8472,False,PT5M10S,310,hd,false,True,#EllieGoulding #ReturnToLove #AndreaBocelli #SiForever #NewAlbum|한글자막|日本語字幕|subtítulos en español|Türkçe Altyazılı|Phụ đề tiếng Việt|Subtitles in Tagalog|Teks dalam Bahasa Indonesia|उपशीर्षक हिंदी में|Sarikata Dalam Bahasa Malaysia|คำบรรยายภาษาไทย|安德烈波切俐|Laura Pausini|Dare To Live|Live From Teatro Del Silenzio|teatro Del Silenzio|andrea bocelli 2007|classical pop|classical crossover|opera|classical|duets,10,en-US,none,2015,3974,False,False,5.166666666666667,0.004387539160040058,0.00012390864919666842,17205.070709612482
ztnasPqFiis,"Andrea Bocelli - Italia (Live From Teatro Del Silenzio, Italy / 2007) ft. Chris Botti",Music video by Andrea Bocelli performing Italia (Live).© 2007 Sugar s.r.l.,2015-10-23 02:00:01+00:00,306,2805219,10317,272,False,PT6M34S,394,hd,false,True,Andrea|Bocelli|Italia|Universal|Music|Pop,10,en-US,none,2015,3974,False,False,6.566666666666666,0.003677787723525329,9.696212666462048e-05,705.8930548565677
-KsE-MVgxNA,"Andrea Bocelli - Melodramma (Live From Teatro Del Silenzio, Italy / 2007)","Andrea Bocelli - Melodramma (Live From Teatro Del Silenzio, Italy / 2007)
Stream Andrea Bocelli: https://AndreaBocelli.lnk.to/streamID
Subscribe to Andrea Bocelli’s YouTube channel & ring the bell to never miss a new video: https://AndreaBocelli.lnk.to/YTSignUpID

Sign up for Andrea Bocelli’s Email List: https://AndreaBocelli.lnk.to/MailingListSignUpID

Follow Andrea Bocelli: 
Instagram: https://www.instagram.com/andreabocelliofficial
Facebook: https://www.facebook.com/andreabocelli/YouTube
YouTube: https://www.youtube.com/channel/UCb4JB8-ZAeceuR7EPCPOPzg
TikTok:  https://www.tiktok.com/@andreabocelliof?lang=en
X: https://x.com/AndreaBocelliWebsite
Website: https://www.andreabocelli.com/

#AndreaBocelli


Music video by Andrea Bocelli performing Melodramma. (C) 2007 Sugar Srl
http://vevo.ly/wcryJS",2015-10-23 02:00:00+00:00,307,9928193,46348,1810,False,PT5M34S,334,hd,false,True,Andrea|Bocelli|Melodramma|Universal|Music|Classical|Andrea Bocelli|Melodramma Live|Andrea Bocelli Live,10,en-US,none,2015,3974,False,False,5.566666666666666,0.004668321818481974,0.0001823091070046684,2498.2871162556617
-Ox3lUQQ1ZQ,"Andrea Bocelli, Dulce Pontes - O Mare E Tu: Backstage Footage - Live / 2012","Music video by Andrea Bocelli, Dulce Pontes performing O mare e tu: Backstage Footage (Live).© 2015 Sugar s.r.l., under exclusive license to Universal International Music B.V., a Universal Music Group company",2015-10-23 02:00:00+00:00,308,56476,439,15,False,PT4M34S,274,sd,false,True,Andrea|Bocelli|Dulce|Pontes|Mare|Tu:|Backstage|Footage|Universal|Music|Pop,10,en-US,none,2015,3974,False,False,4.566666666666666,0.0077732134003824635,0.00026559954671010697,14.211373930548566
-df3DQFOZns,Andrea Bocelli - Tuscan Skies (Behind The Scenes),"Andrea Bocelli - Tuscan Skies (Behind The Scenes)

Subscribe to Andrea Bocelli’s YouTube channel & ring the bell to never miss a new video: https://AndreaBocelli.lnk.to/YTSignUpID

Sign up for Andrea Bocelli’s Email List: https://AndreaBocelli.lnk.to/MailingListSignUpID

Follow Andrea Bocelli: 
Instagram: https://www.instagram.com/andreabocelliofficial
Facebook: https://www.facebook.com/andreabocelli/YouTube
YouTube: https://www.youtube.com/channel/UCb4JB8-ZAeceuR7EPCPOPzg
TikTok:  https://www.tiktok.com/@andreabocelliof?lang=en
X: https://x.com/AndreaBocelliWebsite
Website: https://www.andreabocelli.com/
#AndreaBocelli #Bocelli #Tuscan Skies #BehindTheScenes

Music video by Andrea Bocelli performing Tuscan Skies: Behind The Scenes. (C) 2015 Sugar Srl, under exclusive license to Universal International Music B.V., a Universal Music Group company

Watch the Music for Hope full event here: https://andreabocelli.lnk.to/LiveFromDuomoID
Listen to the Music for Hope full event here: https://andreabocelli.lnk.to/MusicForHope1ID

http://vevo.ly/6q28tb",2015-10-23 02:00:00+00:00,309,21541,252,13,False,PT26M,1560,sd,false,True,Andrea|Bocelli|Tuscan|Skies:|Behind|The|Scenes|Universal|Music|Classical|Andrea Bocelli Tuscan Skies (Behind The Scenes)|Tuscan Skies (Behind The Scenes)|Tuscan Skies|(Behind The Scenes),10,en-US,none,2015,3974,False,False,26.0,0.011698621233926001,0.0006035003017501509,5.420483140412682
-zGVKyky7VE,"Andrea Bocelli, New York Philharmonic, Alan Gilbert - Ave Maria - Live From Central Park, USA / 2011","Music video by Andrea Bocelli, New York Philharmonic, Alan Gilbert performing Ave Maria (Live).© 2011 Sugar s.r.l., Under exclusive licence to Universal International Music B.V.",2015-10-23 02:00:00+00:00,310,649058,4593,85,False,PT5M1S,301,hd,false,True,Andrea|Bocelli|Ave|Maria|Universal|Music|Classical,10,en-US,none,2015,3974,False,False,5.016666666666667,0.007076409196096497,0.00013095902061140916,163.32611977856064
09dNMN_OhzA,"Di Quella Pira - Live From Central Park, USA / 2011","Music video by Andrea Bocelli, New York Philharmonic, Alan Gilbert performing Di quella pira (Live).© 2011 Sugar s.r.l., Under exclusive licence to Universal International Music B.V.",2015-10-23 02:00:00+00:00,311,90243,352,36,False,PT2M20S,140,hd,false,True,Andrea|Bocelli|Quella|Pira|Universal|Music|Classical,10,en-US,none,2015,3974,False,False,2.3333333333333335,0.0039005795463360037,0.0003989229081480004,22.7083543029693
2tk9wuADoxA,Andrea Bocelli - Jingle Bells,"Listen to Andrea Bocelli’s Christmas album 'My Christmas'  featuring 'Jingle Bells' here: https://andreabocelli.lnk.to/MyChristmasFiresideID
And listen to the new Christmas album 'A Family Christmas' here: https://AndreaBocelli.lnk.to/FamilyChristmasDeluxeID

Watch the Music for Hope full event here: https://andreabocelli.lnk.to/LiveFromDuomoID
Listen to the Music for Hope full event here: https://andreabocelli.lnk.to/MusicForHope1ID

Subscribe to Andrea's YouTube:
https://www.youtube.com/c/AndreaBocelli?sub_confirmation=1
Listen to the Essentials playlist: https://andreabocelli.lnk.to/EssentialsID

Follow Andrea:
Facebook: https://www.facebook.com/AndreaBocelli
Instagram: https://www.instagram.com/AndreaBocelli
Twitter: https://twitter.com/AndreaBocelli
YouTube: https://www.youtube.com/AndreaBocelli
TikTok: https://www.tiktok.com/@andreabocelliof

#AndreaBocelli #Bocelli #Christmas #MyChristmas
http://vevo.ly/8D6iFa",2015-10-23 02:00:00+00:00,312,13416385,96647,1741,False,PT5M7S,307,hd,false,True,Andrea|Bocelli|Jingle|Bells|Universal|Music|Classical,10,en-US,none,2015,3974,False,False,5.116666666666666,0.007203654337587957,0.0001297666994499636,3376.0405133366885
4KGmLLsdWCM,"Andrea Bocelli, Sarah Brightman - Canto Della Terra (Live From Teatro Del Silenzio, Italy / 2007)","Andrea Bocelli & Sarah Brightman - Canto Della Terra (ive From Teatro Del Silenzio, Italy / 2007)
Stream Andrea Bocelli: https://AndreaBocelli.lnk.to/streamID
Subscribe to Andrea Bocelli’s YouTube channel & ring the bell to never miss a new video: https://AndreaBocelli.lnk.to/YTSignUpID

Sign up for Andrea Bocelli’s Email List: https://AndreaBocelli.lnk.to/MailingListSignUpID

Follow Andrea Bocelli: 
Instagram: https://www.instagram.com/andreabocelliofficial
Facebook: https://www.facebook.com/andreabocelli/YouTube
YouTube: https://www.youtube.com/channel/UCb4JB8-ZAeceuR7EPCPOPzg
TikTok:  https://www.tiktok.com/@andreabocelliof?lang=en
X: https://x.com/AndreaBocelliWebsite
Website: https://www.andreabocelli.com/

#AndreaBocelli

Music video by Andrea Bocelli performing Canto Della Terra - Live From Teatro Del Silenzio, Italy / 2007. (C) 2007 Sugar Srl

http://vevo.ly/5Hz1J7",2015-10-23 02:00:00+00:00,313,29062981,123673,3648,False,PT4M54S,294,hd,false,True,Andrea|Bocelli|Canto|Della|Terra|Universal|Music|Pop|한글자막|日本語字幕|subtítulos en español|Türkçe Altyazılı|Phụ đề tiếng Việt|Subtitles in Tagalog|Teks dalam Bahasa Indonesia|उपशीर्षक हिंदी में|Sarikata Dalam Bahasa Malaysia|คำบรรยายภาษาไทย|安德烈波切俐,10,en-US,none,2015,3974,False,False,4.9,0.0042553446255220685,0.00012552050321334898,7313.281580271767
4L_yCwFD6Jo,"Andrea Bocelli, Sarah Brightman - Time To Say Goodbye (Live From Teatro Del Silenzio, Italy / 2007)","Andrea Bocelli and Sarah Brightman: Time To Say Goodbye (Live From Teatro Del Silenzio, Italy / 2007)

Andrea Bocelli ‘Duets’ 30th Anniversary, 30 years of bringing people together.
The definitive collection of ‘Duets’ is released Friday 25th October.
Pre-Order 'Duets' here: https://AndreaBocelli.lnk.to/DuetsID

Stream Andrea Bocelli: https://AndreaBocelli.lnk.to/streamID
Subscribe to Andrea Bocelli’s YouTube channel & ring the bell to never miss a new video: https://AndreaBocelli.lnk.to/YTSignUpID

Watch the Music for Hope full event here: https://andreabocelli.lnk.to/LiveFromDuomoID
Listen to the Music for Hope full event here: https://andreabocelli.lnk.to/MusicForHope1ID

Sign up for Andrea Bocelli’s Email List: https://AndreaBocelli.lnk.to/MailingListSignUpID

Follow Andrea Bocelli: 
Instagram: https://www.instagram.com/andreabocelliofficial
Facebook: https://www.facebook.com/andreabocelli/YouTube
YouTube: https://www.youtube.com/channel/UCb4JB8-ZAeceuR7EPCPOPzg
TikTok:  https://www.tiktok.com/@andreabocelliof?lang=en
X: https://x.com/AndreaBocelliWebsite
Website: https://www.andreabocelli.com/

#AndreaBocelli #SarahBrightman #TimeToSayGoodBye #LoveSongs #Love

http://vevo.ly/RjoVFl",2015-10-23 02:00:00+00:00,314,133300350,1166523,40781,False,PT7M14S,434,hd,false,True,Andrea|Bocelli|Time|Say|Goodbye|Universal|Music|Pop|安德烈波切俐|한글자막|日本語字幕|subtítulos en español|Türkçe Altyazılı|Phụ đề tiếng Việt|Subtitles in Tagalog|Teks dalam Bahasa Indonesia|उपशीर्षक हिंदी में|Sarikata Dalam Bahasa Malaysia|คำบรรยายภาษาไทย|Andrea Bocelli|Sarah Brightman|Time To Say GoodBye|Live From Teatro Del Silenzio|andrea bocelli live|andrea bocelli 2007,10,en-US,none,2015,3974,False,False,7.233333333333333,0.008751087300220893,0.00030593318022045703,33543.11776547559
4MsqOpt1w_Y,"Andrea Bocelli - Solamente Una Vez (Live From Lake Las Vegas Resort, USA / 2006)","Andrea Bocelli - Solamente Una Vez (Live From Lake Las Vegas Resort, USA / 2006)
Stream Andrea Bocelli: https://AndreaBocelli.lnk.to/streamID
Subscribe to Andrea Bocelli’s YouTube channel & ring the bell to never miss a new video: https://AndreaBocelli.lnk.to/YTSignUpID

Sign up for Andrea Bocelli’s Email List: https://AndreaBocelli.lnk.to/MailingListSignUpID

Follow Andrea Bocelli: 
Instagram: https://www.instagram.com/andreabocelliofficial
Facebook: https://www.facebook.com/andreabocelli/YouTube
YouTube: https://www.youtube.com/channel/UCb4JB8-ZAeceuR7EPCPOPzg
TikTok:  https://www.tiktok.com/@andreabocelliof?lang=en
X: https://x.com/AndreaBocelliWebsite
Website: https://www.andreabocelli.com/

#AndreaBocelli

Music video by Andrea Bocelli performing Solamente Una Vez. (C) 2006 Sugar Srl, under exclusive license to Universal Music B.V.

http://vevo.ly/3S8AGY",2015-10-23 02:00:00+00:00,315,22482214,82028,1964,False,PT3M57S,237,sd,false,True,#EllieGoulding|#ReturnToLove|#AndreaBocelli|#SiForever|#NewAlbum,10,en-US,none,2015,3974,False,False,3.95,0.003648573045341531,8.735794437327214e-05,5657.3261197785605
4TFX0i0m_WY,"Andrea Bocelli, Tony Bennett, New York Philharmonic, Alan Gilbert - New York, New York (HD)","Music video by Andrea Bocelli, Tony Bennett, New York Philharmonic, Alan Gilbert performing New York, New York (Live).© 2011 Sugar s.r.l., Under exclusive licence to Universal International Music B.V.",2015-10-23 02:00:00+00:00,316,2680912,18273,318,False,PT3M58S,238,hd,false,True,Andrea|Bocelli|Tony|Bennett|New|York|Universal|Music|Classical,10,en-US,none,2015,3974,False,False,3.966666666666667,0.006815964119672708,0.00011861635145055116,674.6129843985908
4iKCu4uKm84,"Andrea Bocelli - L'appuntamento (Live From Lake Las Vegas Resort, USA / 2006)","Andrea Bocelli - L'appuntamento (Live From Lake Las Vegas Resort, USA / 2006)
Stream Andrea Bocelli: https://AndreaBocelli.lnk.to/streamID
Subscribe to Andrea Bocelli’s YouTube channel & ring the bell to never miss a new video: https://AndreaBocelli.lnk.to/YTSignUpID

Sign up for Andrea Bocelli’s Email List: https://AndreaBocelli.lnk.to/MailingListSignUpID

Follow Andrea Bocelli: 
Instagram: https://www.instagram.com/andreabocelliofficial
Facebook: https://www.facebook.com/andreabocelli/YouTube
YouTube: https://www.youtube.com/channel/UCb4JB8-ZAeceuR7EPCPOPzg
TikTok:  https://www.tiktok.com/@andreabocelliof?lang=en
X: https://x.com/AndreaBocelliWebsite
Website: https://www.andreabocelli.com/

#AndreaBocelli

Music video by Andrea Bocelli performing L'appuntamento. (C) 2006 Sugar Srl, under exclusive license to Universal Music B.V.

http://vevo.ly/o4IKWs",2015-10-23 02:00:00+00:00,317,21596466,72179,1692,False,PT4M14S,254,sd,false,True,Andrea|Bocelli|L'appuntamento|Universal|Music|Pop|安德烈波切俐|한글자막|日本語字幕|subtítulos en español|Türkçe Altyazılı|Phụ đề tiếng Việt|Subtitles in Tagalog|Teks dalam Bahasa Indonesia|उपशीर्षक हिंदी में|Sarikata Dalam Bahasa Malaysia|คำบรรยายภาษาไทย,10,en-US,none,2015,3974,False,False,4.233333333333333,0.0033421671860572,7.834615163425349e-05,5434.44036235531
4iUwkJuRdiY,"Andrea Bocelli - La Donna E' Mobile (Live From Piazza Dei Cavalieri, Italy / 1997)","Music video by Andrea Bocelli performing La donna e' mobile (Live).© 2015 Sugar s.r.l., under exclusive license to Universal International Music B.V., a Universal Music Group company",2015-10-23 02:00:00+00:00,318,1498046,19329,443,False,PT2M35S,155,sd,false,True,Andrea|Bocelli|donna|mobile|Universal|Music|(Live|From|Piazza|Dei|Cavalieri|Italy|1997)|classical|opera,10,en-US,none,2015,3974,False,False,2.5833333333333335,0.012902808057963507,0.00029571855603900015,376.961751383996
5IKS7AOV2B8,Andrea Bocelli - Il Mistero Dell'amore (A Boyhood Dream),"Music video by Andrea Bocelli performing Il Mistero Dell'amore. (C) 2015 Sugar Srl, under exclusive license to Universal International Music B.V., a Universal Music Group company

Subscribe to Andrea Bocelli’s YouTube channel & ring the bell to never miss a new video: https://AndreaBocelli.lnk.to/YTSignUpID

Sign up for Andrea Bocelli’s Email List: https://AndreaBocelli.lnk.to/MailingListSignUpID

Follow Andrea Bocelli: 
Instagram: https://www.instagram.com/andreabocelliofficial
Facebook: https://www.facebook.com/andreabocelli/YouTube
YouTube: https://www.youtube.com/channel/UCb4JB8-ZAeceuR7EPCPOPzg
TikTok:  https://www.tiktok.com/@andreabocelliof?lang=en
X: https://x.com/AndreaBocelliWebsite
Website: https://www.andreabocelli.com/
#AndreaBocelli #Bocelli #IlMisteroDell'amore

Watch the Music for Hope full event here: https://andreabocelli.lnk.to/LiveFromDuomoID
Listen to the Music for Hope full event here: https://andreabocelli.lnk.to/MusicForHope1ID

http://vevo.ly/dal0HS",2015-10-23 02:00:00+00:00,319,406190,3593,187,False,PT3M45S,225,sd,false,True,Andrea|Bocelli|Mistero|Dell'amore|Universal|Music|Classical|Andrea Bocelli Il Mistero Dell'amore|Il Mistero Dell'amore|CLASSICAL POP,10,en-US,none,2015,3974,False,False,3.75,0.008845614121470249,0.0004603756862552008,102.21187720181177
6iBjxRy8acQ,"Andrea Bocelli - Caruso (Live From Piazza Dei Cavalieri, Italy / 1997)","Andrea Bocelli - Caruso (Live From Piazza Dei Cavalieri, Italy / 1997)
Stream Andrea Bocelli: https://AndreaBocelli.lnk.to/streamID
Subscribe to Andrea Bocelli’s YouTube channel & ring the bell to never miss a new video: https://AndreaBocelli.lnk.to/YTSignUpID

Sign up for Andrea Bocelli’s Email List: https://AndreaBocelli.lnk.to/MailingListSignUpID

Follow Andrea Bocelli: 
Instagram: https://www.instagram.com/andreabocelliofficial
Facebook: https://www.facebook.com/andreabocelli/YouTube
YouTube: https://www.youtube.com/channel/UCb4JB8-ZAeceuR7EPCPOPzg
TikTok:  https://www.tiktok.com/@andreabocelliof?lang=en
X: https://x.com/AndreaBocelliWebsite
Website: https://www.andreabocelli.com/

#AndreaBocelli 

Music video by Andrea Bocelli performing Caruso. (C) 2015 Sugar Srl, under exclusive license to Universal International Music B.V., a Universal Music Group company
http://vevo.ly/LjaFyd",2015-10-23 02:00:00+00:00,320,15229593,91762,2168,False,PT5M11S,311,sd,false,True,Andrea|Bocelli|Caruso|Universal|Music|Pop|andrea bocelli live|andrea bocelli|andrea bocelli Caruso|Caruso live,10,en-US,none,2015,3974,False,False,5.183333333333334,0.006025243090869204,0.00014235442798766847,3832.308253648717
6oElJG1ne7k,"Andrea Bocelli - Ave Maria (Live From The Kodak Theatre, USA / 2009)",Music video by Andrea Bocelli performing Ave Maria (Live).© 2009 Sugar s.r.l.,2015-10-23 02:00:00+00:00,321,1489637,15082,409,False,PT5M13S,313,hd,false,True,Andrea|Bocelli|Ave|Maria|Universal|Music|Pop|Kodak Theatre|andrea bocelli|ave maria|usa|live|classical|classical pop|opera,10,en-US,none,2015,3974,False,False,5.216666666666667,0.010124614251659968,0.00027456353460608186,374.84574735782587
6oGEN7oS2z4,"Hungarian Rhapsody No.2 in C sharp minor (Live From Teatro Del Silenzio, Italy / 2007)","Music video by Andrea Bocelli, Lang Lang performing Hungarian Rhapsody No.2 In C Sharp Minor (Live).© 2007 Sugar s.r.l.",2015-10-23 02:00:00+00:00,322,3186478,26756,1815,False,PT5M25S,325,hd,false,True,Andrea|Bocelli|Lang|Hungarian|Rhapsody|No.2|sharp|minor|Universal|Music|Pop|LANGLANG|(Live|From|Teatro|Del|Silenzio|Italy|2007),10,en-US,none,2015,3974,False,False,5.416666666666667,0.008396731438283898,0.0005695943923039795,801.8314041268244
7-hMXhcc-tA,Andrea Bocelli - Love In Portofino (Live From Portrofino / 2012),"Andrea Bocelli - Love In Portofino (Live From Portrofino / 2012)
Stream Andrea Bocelli: https://AndreaBocelli.lnk.to/streamID
Subscribe to Andrea Bocelli’s YouTube channel & ring the bell to never miss a new video: https://AndreaBocelli.lnk.to/YTSignUpID

Sign up for Andrea Bocelli’s Email List: https://AndreaBocelli.lnk.to/MailingListSignUpID

Follow Andrea Bocelli: 
Instagram: https://www.instagram.com/andreabocelliofficial
Facebook: https://www.facebook.com/andreabocelli/YouTube
YouTube: https://www.youtube.com/channel/UCb4JB8-ZAeceuR7EPCPOPzg
TikTok:  https://www.tiktok.com/@andreabocelliof?lang=en
X: https://x.com/AndreaBocelliWebsite
Website: https://www.andreabocelli.com/

#AndreaBocelli

Music video by Andrea Bocelli performing Love In Portofino. (C) 2013 Sugar Srl, under exclusive license to Universal International Music B.V.

http://vevo.ly/lIYocP",2015-10-23 02:00:00+00:00,323,14315801,63940,1021,False,PT4M41S,281,hd,false,True,Andrea|Bocelli|Love|Portofino|Universal|Music|Pop|andrea bocelli|Love In Portofino,10,en-US,none,2015,3974,False,False,4.683333333333334,0.004466393462719969,7.131979551825287e-05,3602.3656265727227
8Pv520QfnYI,"Andrea Bocelli, New York Philharmonic, Alan Gilbert - Overture (Live From Central Park, USA / 2011)","Andrea Bocelli, New York Philharmonic Orchestra, Alan Gilbert - Overture (Live From Central Park, USA / 2011)

Subscribe to Andrea Bocelli’s YouTube channel & ring the bell to never miss a new video: https://AndreaBocelli.lnk.to/YTSignUpID

Sign up for Andrea Bocelli’s Email List: https://AndreaBocelli.lnk.to/MailingListSignUpID

Follow Andrea Bocelli: 
Instagram: https://www.instagram.com/andreabocelliofficial
Facebook: https://www.facebook.com/andreabocelli/YouTube
YouTube: https://www.youtube.com/channel/UCb4JB8-ZAeceuR7EPCPOPzg
TikTok:  https://www.tiktok.com/@andreabocelliof?lang=en
X: https://x.com/AndreaBocelliWebsite
Website: https://www.andreabocelli.com/
#AndreaBocelli #Bocelli #NewYork PhilharmonicOrchestra #AlanGilbert #LiveFromCentralPark

Music video by Andrea Bocelli, New York Philharmonic Orchestra, Alan Gilbert performing Overture. (C) 2011 Sugar Srl, Under exclusive licence to Universal International Music B.V.

Watch the Music for Hope full event here: https://andreabocelli.lnk.to/LiveFromDuomoID
Listen to the Music for Hope full event here: https://andreabocelli.lnk.to/MusicForHope1ID

http://vevo.ly/YzoXwH",2015-10-23 02:00:00+00:00,324,35026,271,5,False,PT8M54S,534,hd,false,True,Andrea|Bocelli|New|York|Philharmonic|Orchestra|Alan|Gilbert|Overture|Universal|Music|Pop|Andrea Bocelli|New York Philharmonic Orchestra|Alan Gilbert Overture (Live From Central Park|USA 2011)|Alan Gilbert|(Live From Central Park,10,en-US,none,2015,3974,False,False,8.9,0.007737109575743733,0.0001427510991834637,8.813789632611979
92RqIk87evQ,"Andrea Bocelli - Il Mare Calmo Della Sera - Live From Piazza Dei Cavalieri, Italy / 1997","Music video by Andrea Bocelli performing Il mare calmo della sera (Live).© 2015 Sugar s.r.l., under exclusive license to Universal International Music B.V., a Universal Music Group company",2015-10-23 02:00:00+00:00,325,595294,3154,63,False,PT3M48S,228,sd,false,True,#EllieGoulding|#ReturnToLove|#AndreaBocelli|#SiForever|#NewAlbum,10,en-US,none,2015,3974,False,False,3.8,0.005298222390953042,0.00010583006044072341,149.79718168092603
ABj7gxsbAjY,"Andrea Bocelli, Katherine Jenkins - I Believe","Andrea Bocelli & Katherine Jenkins - I Believe
Stream Andrea Bocelli: https://AndreaBocelli.lnk.to/streamID
Subscribe to Andrea Bocelli’s YouTube channel & ring the bell to never miss a new video: https://AndreaBocelli.lnk.to/YTSignUpID

Sign up for Andrea Bocelli’s Email List: https://AndreaBocelli.lnk.to/MailingListSignUpID

Follow Andrea Bocelli: 
Instagram: https://www.instagram.com/andreabocelliofficial
Facebook: https://www.facebook.com/andreabocelli/YouTube
YouTube: https://www.youtube.com/channel/UCb4JB8-ZAeceuR7EPCPOPzg
TikTok:  https://www.tiktok.com/@andreabocelliof?lang=en
X: https://x.com/AndreaBocelliWebsite
Website: https://www.andreabocelli.com/

Follow Andrea Bocelli: 
Instagram: https://www.instagram.com/andreabocelliofficial
Facebook: https://www.facebook.com/andreabocelli/YouTube
YouTube: https://www.youtube.com/channel/UCb4JB8-ZAeceuR7EPCPOPzg
TikTok:  https://www.tiktok.com/@andreabocelliof?lang=en
X: https://x.com/AndreaBocelliWebsite
Website: https://www.andreabocelli.com/

#AndreaBocelli #Bocelli #Christmas #MyChristmas #IBelieve",2015-10-23 02:00:00+00:00,326,24004936,114236,2833,False,PT5M24S,324,hd,false,True,安德烈波切俐|한글자막|日本語字幕|subtítulos en español|Türkçe Altyazılı|Phụ đề tiếng Việt|Subtitles in Tagalog|Teks dalam Bahasa Indonesia|उपशीर्षक हिंदी में|Sarikata Dalam Bahasa Malaysia|คำบรรยายภาษาไทย|Katherine Jenkins|Andrea Bocelli|Believe|andrea bocelli believe|katherine jenkins believe,10,en-US,none,2015,3974,False,False,5.4,0.00475885459557151,0.00011801739442254709,6040.497232008052
AScMNGm2LNg,O Soave Fanciulla - from Puccini's La bohème (HD),"Music video by Andrea Bocelli, Pretty Yende, New York Philharmonic, Alan Gilbert performing O soave fanciulla (Live).© 2011 Sugar s.r.l., Under exclusive licence to Universal International Music B.V.",2015-10-23 02:00:00+00:00,327,247393,1591,50,False,PT4M49S,289,hd,false,True,Andrea|Bocelli|Pretty|Yende|Soave|Fanciulla|Universal|Music|Classical,10,en-US,none,2015,3974,False,False,4.816666666666666,0.006431063126280857,0.00020210757782152284,62.252893809763464
C6SmJrY3ajQ,Qualche Stupido (Somethin' Stupid) [Live From Portofino / 2012],"Andrea Bocelli & Veronica Berti - Qualche Stupido (Somethin' Stupid)
Stream Andrea Bocelli: https://AndreaBocelli.lnk.to/streamID
Subscribe to Andrea Bocelli’s YouTube channel & ring the bell to never miss a new video: https://AndreaBocelli.lnk.to/YTSignUpID

Sign up for Andrea Bocelli’s Email List: https://AndreaBocelli.lnk.to/MailingListSignUpID

Follow Andrea Bocelli: 
Instagram: https://www.instagram.com/andreabocelliofficial
Facebook: https://www.facebook.com/andreabocelli/YouTube
YouTube: https://www.youtube.com/channel/UCb4JB8-ZAeceuR7EPCPOPzg
TikTok:  https://www.tiktok.com/@andreabocelliof?lang=en
X: https://x.com/AndreaBocelliWebsite
Website: https://www.andreabocelli.com/

#AndreaBocelli #VeronicaBerti

Music video by Andrea Bocelli performing Qualche Stupido. (C) 2012 Sugar Srl, under exclusive license to Universal International Music B.V.
http://vevo.ly/QIuQ9s",2015-10-23 02:00:00+00:00,328,8891117,30463,748,False,PT4M53S,293,hd,false,True,Andrea|Bocelli|Qualche|Stupido|Universal|Music|Pop|Somethin Stupid,10,en-US,none,2015,3974,False,False,4.883333333333334,0.003426228672955265,8.412891203658663e-05,2237.321841972823
DssfYRqh9Y8,"Andrea Bocelli, Mario Reyes - Jurame (Live From Lake Las Vegas Resort, USA / 2006)","Andrea Bocelli & Mario Reyes - Jurame (Live From Lake Las Vegas Resort, USA / 2006)
Stream Andrea Bocelli: https://AndreaBocelli.lnk.to/streamID
Subscribe to Andrea Bocelli’s YouTube channel & ring the bell to never miss a new video: https://AndreaBocelli.lnk.to/YTSignUpID

Sign up for Andrea Bocelli’s Email List: https://AndreaBocelli.lnk.to/MailingListSignUpID

Follow Andrea Bocelli: 
Instagram: https://www.instagram.com/andreabocelliofficial
Facebook: https://www.facebook.com/andreabocelli/YouTube
YouTube: https://www.youtube.com/channel/UCb4JB8-ZAeceuR7EPCPOPzg
TikTok:  https://www.tiktok.com/@andreabocelliof?lang=en
X: https://x.com/AndreaBocelliWebsite
Website: https://www.andreabocelli.com/

#AndreaBocelli

Music video by Andrea Bocelli performing Jurame. (C) 2006 Sugar Srl, under exclusive license to Universal Music B.V.
http://vevo.ly/4PjAmO",2015-10-23 02:00:00+00:00,329,9636051,30909,743,False,PT3M40S,220,sd,false,True,Andrea Bocelli|Mario Reyes|Jurame|Jurame live|andrea bocelli live,10,en-US,none,2015,3974,False,False,3.6666666666666665,0.003207641802643012,7.710627517434268e-05,2424.773779567187
DzfmD4-r3PA,"En Aranjuez Con Tu Amor - Live From Central Park, USA / 2011","Music video by Andrea Bocelli, New York Philharmonic, Alan Gilbert, Nicola Benedetti performing En Aranjuez Con Tu Amor (Live).© 2011 Sugar s.r.l., Under exclusive licence to Universal International Music B.V.",2015-10-23 02:00:00+00:00,330,850609,8817,236,False,PT4M16S,256,hd,false,True,Andrea|Bocelli|Nicola|Benedetti|Aranjuez|Con|Amor|Universal|Music|Classical,10,en-US,none,2015,3974,False,False,4.266666666666667,0.010365514590134833,0.0002774482752945243,214.04353296426774
EITLenR3MeQ,Andrea Bocelli - Vivo Per Lei (Ich Lebe Fur Sie) ft. Judy Weiss,"Andrea Bocelli and Judy Weiss: Vivo per lei (Ich Lebe Fur Sie)

Subscribe to Andrea Bocelli’s YouTube channel & ring the bell to never miss a new video: https://AndreaBocelli.lnk.to/YTSignUpID

Sign up for Andrea Bocelli’s Email List: https://AndreaBocelli.lnk.to/MailingListSignUpID

Follow Andrea Bocelli: 
Instagram: https://www.instagram.com/andreabocelliofficial
Facebook: https://www.facebook.com/andreabocelli/YouTube
YouTube: https://www.youtube.com/channel/UCb4JB8-ZAeceuR7EPCPOPzg
TikTok:  https://www.tiktok.com/@andreabocelliof?lang=en
X: https://x.com/AndreaBocelliWebsite
Website: https://www.andreabocelli.com/
#AndreaBocelli #Bocelli #JudyWeiss

Watch the Music for Hope full event here: https://andreabocelli.lnk.to/LiveFromDuomoID
Listen to the Music for Hope full event here: https://andreabocelli.lnk.to/MusicForHope1ID

http://vevo.ly/BdskEa",2015-10-23 02:00:00+00:00,331,7338487,55283,1384,False,PT4M23S,263,sd,false,True,Andrea|Bocelli|Vivo|Per|Lei|(Ich|Lebe|Fur|Sie)|Universal|Music|Pop|Judy|Weiss,10,en-US,none,2015,3974,False,False,4.383333333333334,0.007533296713614128,0.00018859473349206723,1846.6248112732762
EbvwwwTqeRo,"Andrea Bocelli - What Child Is This (Live From The Kodak Theatre, USA / 2009)","Listen to Andrea Bocelli’s Christmas album 'My Christmas'  featuring 'What Child Is This' here: https://andreabocelli.lnk.to/MyChristmasFiresideID
And listen to the new Christmas album 'A Family Christmas' here: https://AndreaBocelli.lnk.to/FamilyChristmasDeluxeID

Subscribe to Andrea Bocelli’s YouTube channel & ring the bell to never miss a new video: https://AndreaBocelli.lnk.to/YTSignUpID

Sign up for Andrea Bocelli’s Email List: https://AndreaBocelli.lnk.to/MailingListSignUpID

Follow Andrea Bocelli: 
Instagram: https://www.instagram.com/andreabocelliofficial
Facebook: https://www.facebook.com/andreabocelli/YouTube
YouTube: https://www.youtube.com/channel/UCb4JB8-ZAeceuR7EPCPOPzg
TikTok:  https://www.tiktok.com/@andreabocelliof?lang=en
X: https://x.com/AndreaBocelliWebsite
Website: https://www.andreabocelli.com/
#AndreaBocelli #Bocelli 

Music video by Andrea Bocelli performing What Child Is This. (C) 2009 Sugar Srl

Watch the Music for Hope full event here: https://andreabocelli.lnk.to/LiveFromDuomoID
Listen to the Music for Hope full event here: https://andreabocelli.lnk.to/MusicForHope1ID

http://vevo.ly/bfiwWO",2015-10-23 02:00:00+00:00,332,4460084,35921,1231,False,PT4M47S,287,hd,false,True,Andrea|Bocelli|What|Child|This|Universal|Music|Pop|(Live|From|The|Kodak|Theatre|USA|2009),10,en-US,none,2015,3974,False,False,4.783333333333333,0.008053884186934595,0.0002760037703325767,1122.3160543532965
Ew6RG0YcJWQ,"Andrea Bocelli - Canzoni stonate (Live From Lake Las Vegas Resort, USA / 2006)","Andrea Bocelli - Canzoni stonate (Live From Lake Las Vegas Resort, USA / 2006)
Stream Andrea Bocelli: https://AndreaBocelli.lnk.to/streamID
Subscribe to Andrea Bocelli’s YouTube channel & ring the bell to never miss a new video: https://AndreaBocelli.lnk.to/YTSignUpID

Sign up for Andrea Bocelli’s Email List: https://AndreaBocelli.lnk.to/MailingListSignUpID

Follow Andrea Bocelli: 
Instagram: https://www.instagram.com/andreabocelliofficial
Facebook: https://www.facebook.com/andreabocelli/YouTube
YouTube: https://www.youtube.com/channel/UCb4JB8-ZAeceuR7EPCPOPzg
TikTok:  https://www.tiktok.com/@andreabocelliof?lang=en
X: https://x.com/AndreaBocelliWebsite
Website: https://www.andreabocelli.com/

#AndreaBocelli

Music video by Andrea Bocelli performing Canzoni stonate. (C) 2006 Sugar Srl, under exclusive license to Universal Music B.V.
http://vevo.ly/x37OYx",2015-10-23 02:00:00+00:00,333,7638775,21032,662,False,PT6M,360,sd,false,True,Andrea|Bocelli|Canzoni|stonate|Universal|Music|Pop|andrea bocelli|Canzoni stonate,10,en-US,none,2015,3974,False,False,6.0,0.002753321049513829,8.666311025000736e-05,1922.1879718168093
GwJC49-RRWg,"Andrea Bocelli - Vivere: Backstage Footage - Live From Teatro Del Silenzio, Italy / 2007","Music video by Andrea Bocelli performing Vivere: Backstage Footage (Live).© 2015 Sugar s.r.l., under exclusive license to Universal International Music B.V., a Universal Music Group company",2015-10-23 02:00:00+00:00,334,55453,680,20,False,PT15M42S,942,sd,false,True,Andrea|Bocelli|Vivere:|Backstage|Footage|Universal|Music|Classical,10,en-US,none,2015,3974,False,False,15.7,0.012262636827583719,0.00036066578904658,13.953950679416206
Gz1TfT9wf5w,"Andrea Bocelli, Elisa - La Voce Del Silenzio (Live From Teatro Del Silenzio, Italy / 2007)","Andrea Bocelli & Elisa - La Voce Del Silenzio (Live From Teatro Del Silenzio, Italy / 2007)
Stream Andrea Bocelli: https://AndreaBocelli.lnk.to/streamID
Subscribe to Andrea Bocelli’s YouTube channel & ring the bell to never miss a new video: https://AndreaBocelli.lnk.to/YTSignUpID

Sign up for Andrea Bocelli’s Email List: https://AndreaBocelli.lnk.to/MailingListSignUpID

Follow Andrea Bocelli: 
Instagram: https://www.instagram.com/andreabocelliofficial
Facebook: https://www.facebook.com/andreabocelli/YouTube
YouTube: https://www.youtube.com/channel/UCb4JB8-ZAeceuR7EPCPOPzg
TikTok:  https://www.tiktok.com/@andreabocelliof?lang=en
X: https://x.com/AndreaBocelliWebsite
Website: https://www.andreabocelli.com/

#AndreaBocelli

Music video by Andrea Bocelli performing La Voce Del Silenzio. (C) 2007 Sugar Srl

http://vevo.ly/v5ce1W",2015-10-23 02:00:00+00:00,335,9175286,44276,1382,False,PT5M23S,323,hd,false,True,Andrea|Bocelli|Voce|Del|Silenzio|Universal|Music|Pop|andrea bocelli,10,en-US,none,2015,3974,False,False,5.383333333333334,0.004825571649755659,0.0001506220078589376,2308.828887770508
H4-m2UEydpE,"Andrea Bocelli, Zucchero - Miserere","Andrea Bocelli, Zucchero - Miserere

Subscribe to Andrea Bocelli’s YouTube channel & ring the bell to never miss a new video: https://AndreaBocelli.lnk.to/YTSignUpID

Sign up for Andrea Bocelli’s Email List: https://AndreaBocelli.lnk.to/MailingListSignUpID

Follow Andrea Bocelli: 
Instagram: https://www.instagram.com/andreabocelliofficial
Facebook: https://www.facebook.com/andreabocelli/YouTube
YouTube: https://www.youtube.com/channel/UCb4JB8-ZAeceuR7EPCPOPzg
TikTok:  https://www.tiktok.com/@andreabocelliof?lang=en
X: https://x.com/AndreaBocelliWebsite
Website: https://www.andreabocelli.com/
#AndreaBocelli #Bocelli #Zucchero

Subscribe to Andrea Bocelli’s YouTube channel & ring the bell to never miss a new video: https://AndreaBocelli.lnk.to/YTSignUpID

Sign up for Andrea Bocelli’s Email List: https://AndreaBocelli.lnk.to/MailingListSignUpID

Follow Andrea Bocelli: 
Instagram: https://www.instagram.com/andreabocelliofficial
Facebook: https://www.facebook.com/andreabocelli/YouTube
YouTube: https://www.youtube.com/channel/UCb4JB8-ZAeceuR7EPCPOPzg
TikTok:  https://www.tiktok.com/@andreabocelliof?lang=en
X: https://x.com/AndreaBocelliWebsite
Website: https://www.andreabocelli.com/
#AndreaBocelli #Bocelli 

Watch the Music for Hope full event here: https://andreabocelli.lnk.to/LiveFromDuomoID
Listen to the Music for Hope full event here: https://andreabocelli.lnk.to/MusicForHope1ID

Live From Piazza Dei Cavalieri, Italy / 1997

http://vevo.ly/w9RrGI",2015-10-23 02:00:00+00:00,336,1486211,13449,475,False,PT5M57S,357,sd,false,True,Andrea Bocelli|Sugar s.r.l. under exclusive licence to Universal International Music B.V.|Pop,10,en-US,none,2015,3974,False,False,5.95,0.009049186151899024,0.0003196046860102637,373.9836436839457
HI0cbzeNtxM,"Andrea Bocelli, New York Philharmonic, Alan Gilbert - Your Love - Live From Central Park, USA / 2011","Music video by Andrea Bocelli, New York Philharmonic, Alan Gilbert performing Your Love (Live).© 2011 Sugar s.r.l., Under exclusive licence to Universal International Music B.V",2015-10-23 02:00:00+00:00,337,535326,2923,107,False,PT4M35S,275,hd,false,True,Andrea|Bocelli|Your|Love|Universal|Music|Classical,10,en-US,none,2015,3974,False,False,4.583333333333333,0.005460224237193785,0.0001998782050563582,134.70709612481127
I7azt1Wia_Y,"Andrea Bocelli - Part 4 - The Encore - Live From Central Park, USA / 2011","Music video by Andrea Bocelli performing Part 4 - The Encore (Live).© 2015 Sugar s.r.l., under exclusive license to Universal International Music B.V., a Universal Music Group company",2015-10-23 02:00:00+00:00,338,27163,187,5,False,PT8M26S,506,hd,false,True,Andrea|Bocelli|Part|The|Encore|Universal|Music|Classical,10,en-US,none,2015,3974,False,False,8.433333333333334,0.006884364760887973,0.0001840739240879137,6.83517866129844
Jp7HJgfzTbo,"Andrea Bocelli - Mi Manchi (Live From Lake Las Vegas Resort, USA / 2006)","Andrea Bocelli - Mi Manchi (Live From Lake Las Vegas Resort, USA / 2006)
Stream Andrea Bocelli: https://AndreaBocelli.lnk.to/streamID
Subscribe to Andrea Bocelli’s YouTube channel & ring the bell to never miss a new video: https://AndreaBocelli.lnk.to/YTSignUpID

Sign up for Andrea Bocelli’s Email List: https://AndreaBocelli.lnk.to/MailingListSignUpID

Follow Andrea Bocelli: 
Instagram: https://www.instagram.com/andreabocelliofficial
Facebook: https://www.facebook.com/andreabocelli/YouTube
YouTube: https://www.youtube.com/channel/UCb4JB8-ZAeceuR7EPCPOPzg
TikTok:  https://www.tiktok.com/@andreabocelliof?lang=en
X: https://x.com/AndreaBocelliWebsite
Website: https://www.andreabocelli.com/

#AndreaBocelli

Music video by Andrea Bocelli performing Mi Manchi. (C) 2006 Sugar Srl, under exclusive license to Universal Music B.V.
http://vevo.ly/mNOVV3",2015-10-23 02:00:00+00:00,339,4651939,18500,822,False,PT3M47S,227,sd,false,True,Andrea|Bocelli|Manchi|Universal|Music|Pop|Mi Manchi|andrea bocelli|andrea bocelli live,10,en-US,none,2015,3974,False,False,3.783333333333333,0.003976836325669791,0.00017670051133516582,1170.5936084549571
KttXss9H2VQ,"Andrea Bocelli - Part 1 - The Prelude - Live From Central Park, USA / 2011","Music video by Andrea Bocelli performing Part 1 - The Prelude (Live).© 2015 Sugar s.r.l., under exclusive license to Universal International Music B.V., a Universal Music Group company",2015-10-23 02:00:00+00:00,340,4190,90,2,False,PT5M37S,337,hd,false,True,Andrea|Bocelli|Part|The|Prelude|Universal|Music|Classical,10,en-US,none,2015,3974,False,False,5.616666666666666,0.021479713603818614,0.00047732696897374703,1.0543532964267741
LHFztlsqdf0,"Andrea Bocelli - Nessun Dorma (Live From New York, USA / 1995)","Music video by Andrea Bocelli performing Nessun dorma (Live).© 2015 Sugar s.r.l., under exclusive license to Universal International Music B.V., a Universal Music Group company",2015-10-23 02:00:00+00:00,341,552872,5968,213,False,PT3M17S,197,sd,false,True,#EllieGoulding #ReturnToLove #AndreaBocelli #SiForever #NewAlbum|Andrea|Bocelli|Nessun|Dorma|(Live|From|New|York|USA|1995),10,en-US,none,2015,3974,False,False,3.283333333333333,0.010794541955461662,0.00038526096456322623,139.12229491696024
Mwj6-4zGhJI,"O Sole Mio (Live From Central Park, USA / 2011)","Andrea Bocelli - O Sole Mio (Live From Central Park, USA / 2011)
Stream Andrea Bocelli: https://AndreaBocelli.lnk.to/streamID
Subscribe to Andrea Bocelli’s YouTube channel & ring the bell to never miss a new video: https://AndreaBocelli.lnk.to/YTSignUpID

Sign up for Andrea Bocelli’s Email List: https://AndreaBocelli.lnk.to/MailingListSignUpID

Follow Andrea Bocelli: 
Instagram: https://www.instagram.com/andreabocelliofficial
Facebook: https://www.facebook.com/andreabocelli/YouTube
YouTube: https://www.youtube.com/channel/UCb4JB8-ZAeceuR7EPCPOPzg
TikTok:  https://www.tiktok.com/@andreabocelliof?lang=en
X: https://x.com/AndreaBocelliWebsite
Website: https://www.andreabocelli.com/

#AndreaBocelli

Music video by Andrea Bocelli performing O Sole Mio. (C) 2011 Sugar Srl, Under exclusive licence to Universal International Music B.V.
http://vevo.ly/Sxiye5",2015-10-23 02:00:00+00:00,342,7489356,50345,1171,False,PT3M36S,216,hd,false,True,Andrea|Bocelli|Sole|Mio|Universal|Music|Classical|andrea bocelli live|Sole Mio|Sole Mio opera,10,en-US,none,2015,3974,False,False,3.6,0.006722206822589285,0.00015635523267955214,1884.5888273779567
NfU99xfo8MY,"Andrea Bocelli - Cuando Me Enamoro (Live From Lake Las Vegas Resort, USA / 2006)","Andrea Bocelli - Cuando Me Enamoro (Live From Lake Las Vegas Resort, USA / 2006)
Stream Andrea Bocelli: https://AndreaBocelli.lnk.to/streamID
Subscribe to Andrea Bocelli’s YouTube channel & ring the bell to never miss a new video: https://AndreaBocelli.lnk.to/YTSignUpID

Sign up for Andrea Bocelli’s Email List: https://AndreaBocelli.lnk.to/MailingListSignUpID

Follow Andrea Bocelli: 
Instagram: https://www.instagram.com/andreabocelliofficial
Facebook: https://www.facebook.com/andreabocelli/YouTube
YouTube: https://www.youtube.com/channel/UCb4JB8-ZAeceuR7EPCPOPzg
TikTok:  https://www.tiktok.com/@andreabocelliof?lang=en
X: https://x.com/AndreaBocelliWebsite
Website: https://www.andreabocelli.com/

#AndreaBocelli

Music video by Andrea Bocelli performing Cuando Me Enamoro. (C) 2006 Sugar Srl, under exclusive license to Universal Music B.V.

http://vevo.ly/7bE9wq",2015-10-23 02:00:00+00:00,343,50449027,204947,5264,False,PT4M6S,246,sd,false,True,Enamoro|andrea bocelli|andrea bocelli besame mucho|andrea bocelli songs|andrea bocelli time to say goodbye|andrea bocelli vivo por ella|Cuando Me Enamoro|cuando me enamoro andrea bocelli|cuando me enamoro andrea bocelli español|cuando me enamoro andrea bocelli letra|cuando me enamoro il divo|cuando me enamoro letra|cuando me enamoro live|cuando me enamoro acustico|cuando me enamoro lyrics,10,en-US,none,2015,3974,False,False,4.1,0.004062456942925777,0.00010434294401753279,12694.77277302466
Nfb3GzNdToU,"More (Ti Guarderò Nel Cuore) (Live From Central Park, USA / 2011)","Music video by Andrea Bocelli, Chris Botti, David Foster, Chris Botti, David Foster performing More (Ti Guarderò Nel Cuore). (C) 2011 Sugar Srl

Subscribe to Andrea Bocelli’s YouTube channel & ring the bell to never miss a new video: https://AndreaBocelli.lnk.to/YTSignUpID

Sign up for Andrea Bocelli’s Email List: https://AndreaBocelli.lnk.to/MailingListSignUpID

Follow Andrea Bocelli: 
Instagram: https://www.instagram.com/andreabocelliofficial
Facebook: https://www.facebook.com/andreabocelli/YouTube
YouTube: https://www.youtube.com/channel/UCb4JB8-ZAeceuR7EPCPOPzg
TikTok:  https://www.tiktok.com/@andreabocelliof?lang=en
X: https://x.com/AndreaBocelliWebsite
Website: https://www.andreabocelli.com/
#AndreaBocelli #Bocelli 

Watch the Music for Hope full event here: https://andreabocelli.lnk.to/LiveFromDuomoID
Listen to the Music for Hope full event here: https://andreabocelli.lnk.to/MusicForHope1ID

http://vevo.ly/HB9at9",2015-10-23 02:00:00+00:00,344,301798,1684,58,False,PT3M50S,230,sd,false,True,Andrea|Bocelli|Chris|Botti|David|Foster|More|(Ti|Guarderò|Nel|Cuore)|Universal|Music|Classical,10,en-US,none,2015,3974,False,False,3.8333333333333335,0.005579891185494934,0.00019218152539115567,75.94313034725717
NtIv73uyOuk,"Andrea Bocelli - Porque Tu Me Acostumbraste (Live From Lake Las Vegas Resort, USA / 2006)","Andrea Bocelli - Porque Tu Me Acostumbraste (Live From Lake Las Vegas Resort, USA / 2006)
Stream Andrea Bocelli: https://AndreaBocelli.lnk.to/streamID
Subscribe to Andrea Bocelli’s YouTube channel & ring the bell to never miss a new video: https://AndreaBocelli.lnk.to/YTSignUpID

Sign up for Andrea Bocelli’s Email List: https://AndreaBocelli.lnk.to/MailingListSignUpID

Follow Andrea Bocelli: 
Instagram: https://www.instagram.com/andreabocelliofficial
Facebook: https://www.facebook.com/andreabocelli/YouTube
YouTube: https://www.youtube.com/channel/UCb4JB8-ZAeceuR7EPCPOPzg
TikTok:  https://www.tiktok.com/@andreabocelliof?lang=en
X: https://x.com/AndreaBocelliWebsite
Website: https://www.andreabocelli.com/

#AndreaBocelli

Music video by Andrea Bocelli performing Porque Tu Me Acostumbraste. (C) 2006 Sugar Srl, under exclusive license to Universal Music B.V.

http://vevo.ly/GvBqPM",2015-10-23 02:00:00+00:00,345,14037854,43900,1110,False,PT3M24S,204,sd,false,True,#EllieGoulding|#ReturnToLove|#AndreaBocelli|#SiForever|#NewAlbum,10,en-US,none,2015,3974,False,False,3.4,0.003127258625143131,7.9071915123209e-05,3532.4242576748866
OCBoJEnP2dU,"Andrea Bocelli, Bryn Terfel - Home On The Range (HD)","Watch the Music for Hope full event here: https://andreabocelli.lnk.to/LiveFromDuomoID
Listen to the Music for Hope full event here: https://andreabocelli.lnk.to/MusicForHope1ID

Listen to the best of Andrea Bocelli here: http://lnk.to/Vivere
Facebook: http://po.st/BocelliFB
Twitter: http://po.st/BocelliTw
Official Website: http://www.andreabocelli.com

Music video by Andrea Bocelli , New York Philharmonic Orchestra & Bryn Terfel performing Home On The Range - Live From Central Park, USA / 2011. (C) 2011 Sugar Srl, Under exclusive licence to Universal International Music B.V.

http://vevo.ly/EdpPHg",2015-10-23 02:00:00+00:00,346,69452,473,34,False,PT5M39S,339,hd,false,True,Bryn|Terfel|Home|The|Range|Universal|Music|Classical,10,en-US,none,2015,3974,False,False,5.65,0.0068104590220584,0.0004895467373149801,17.476597886260695
ONOalb6axwg,"Intermezzo - Live From Central Park, USA / 2011","Music video by Andrea Bocelli, New York Philharmonic, Alan Gilbert performing Intermezzo (Live).© 2011 Sugar s.r.l., Under exclusive licence to Universal International Music B.V.",2015-10-23 02:00:00+00:00,347,16473,121,1,False,PT5M3S,303,hd,false,True,Andrea|Bocelli|Intermezzo|Universal|Music|Classical,10,en-US,none,2015,3974,False,False,5.05,0.007345353001881868,6.0705396709767496e-05,4.145193759436336
Os88YLleEX8,"Andrea Bocelli - Mille lune mille onde - Live From Ristorante Le Chalet, Italy / 2007","Music video by Andrea Bocelli performing Mille lune mille onde (Live).© 2015 Sugar s.r.l., under exclusive license to Universal International Music B.V., a Universal Music Group company",2015-10-23 02:00:00+00:00,348,70211,765,95,False,PT4M3S,243,sd,false,True,Andrea|Bocelli|Mille|lune|onde|Universal|Music|Classical,10,en-US,none,2015,3974,False,False,4.05,0.010895728589537253,0.001353064334648417,17.66758933064922
PycR0da7KgU,"Sancta Maria (Live From Basilica Di Santa Maria Sopra Minerva, Italy / 1999)","Music video by Andrea Bocelli, Myung-Whun Chung, Norbert Balatsch, Paolo Lucci, Coro dell'Accademia Nazionale di Santa Cecilia, Coro Di Voci Bianche Dell' Arcum, Orchestra dell'Accademia Nazionale di Santa Cecilia performing Sancta maria (Live).© 1999 Sugar s.r.l.",2015-10-23 02:00:00+00:00,349,292530,2546,84,False,PT4M34S,274,sd,false,True,Andrea|Bocelli|Sancta|Maria|Universal|Music|Classical|Myung-Whun|Chung|Norbert|Balatsch|Paolo|Lucci|Coro|dell'Accademia|Nazionale|Santa|Cecilia|Voci|Bianche|Dell'|Arcum|Orchestra|(Live|From|Basilica|Sopra|Minerva|Italy|1999),10,en-US,none,2015,3974,False,False,4.566666666666666,0.008703380849827368,0.0002871500358937545,73.610971313538
QAJbM54miHE,Andrea Bocelli - Love Me Tender (Live From Portrofino / 2012),"Andrea Bocelli - Love Me Tender (Live From Portrofino / 2012)
Stream Andrea Bocelli: https://AndreaBocelli.lnk.to/streamID
Subscribe to Andrea Bocelli’s YouTube channel & ring the bell to never miss a new video: https://AndreaBocelli.lnk.to/YTSignUpID

Sign up for Andrea Bocelli’s Email List: https://AndreaBocelli.lnk.to/MailingListSignUpID

Follow Andrea Bocelli: 
Instagram: https://www.instagram.com/andreabocelliofficial
Facebook: https://www.facebook.com/andreabocelli/YouTube
YouTube: https://www.youtube.com/channel/UCb4JB8-ZAeceuR7EPCPOPzg
TikTok:  https://www.tiktok.com/@andreabocelliof?lang=en
X: https://x.com/AndreaBocelliWebsite
Website: https://www.andreabocelli.com/

#AndreaBocelli

Music video by Andrea Bocelli performing Love Me Tender. (C) 2013 Sugar Srl, under exclusive license to Universal International Music B.V.
http://vevo.ly/a5ALiG",2015-10-23 02:00:00+00:00,350,13103223,45622,1009,False,PT4M31S,271,hd,false,True,Love Me Tender|andrea bocelli|andrea bocelli besame mucho|andrea bocelli songs|andrea bocelli time to say goodbye|andrea bocelli vivo por ella|love me tender acoustic|love me tender andrea bocelli|love me tender andrea bocelli lyrics|love me tender live|love me tender lyrics|love me tender cover|love me tender elvis|love me tender elvis presley 1956|passione|passione album|passione andrea bocelli full album|love me tender Andrea Bocelli live,10,en-US,none,2015,3974,False,False,4.516666666666667,0.0034817388057884688,7.700395543905496e-05,3297.237795671867
Qq0I0x__U-g,Andrea Bocelli - Somos Novios (Live From Lake Las Vegas / 2001),"Andrea Bocelli - Somos Novios (Live From Lake Las Vegas / 2001)
Stream Andrea Bocelli: https://AndreaBocelli.lnk.to/streamID
Subscribe to Andrea Bocelli’s YouTube channel & ring the bell to never miss a new video: https://AndreaBocelli.lnk.to/YTSignUpID

Sign up for Andrea Bocelli’s Email List: https://AndreaBocelli.lnk.to/MailingListSignUpID

Follow Andrea Bocelli: 
Instagram: https://www.instagram.com/andreabocelliofficial
Facebook: https://www.facebook.com/andreabocelli/YouTube
YouTube: https://www.youtube.com/channel/UCb4JB8-ZAeceuR7EPCPOPzg
TikTok:  https://www.tiktok.com/@andreabocelliof?lang=en
X: https://x.com/AndreaBocelliWebsite
Website: https://www.andreabocelli.com/

#AndreaBocelli",2015-10-23 02:00:00+00:00,351,37446792,152092,3423,False,PT5M53S,353,sd,false,True,#EllieGoulding #ReturnToLove #AndreaBocelli #SiForever #NewAlbum|ジャスティン・ビーバー|저스틴 비버|小賈斯汀|贾斯汀比伯|lyrics in|한글자막|日本語字幕|subtítulos en español|Türkçe Altyazılı|Phụ đề tiếng Việt|Subtitles in Tagalog|Teks dalam Bahasa Indonesia|उपशीर्षक हिंदी में|Sarikata Dalam Bahasa Malaysia|คำบรรยายภาษาไทย,10,en-US,none,2015,3974,False,False,5.883333333333334,0.004061549518046833,9.140969939427655e-05,9422.947156517363
RFKYLr8lotQ,"Vicino A Te S'Acqueta - Live From Central Park, USA / 2011","Music video by Andrea Bocelli, Ana María Martínez, New York Philharmonic, Alan Gilbert performing Vicino a te s'acqueta (Live).© 2011 Sugar s.r.l., Under exclusive licence to Universal International Music B.V",2015-10-23 02:00:00+00:00,352,383659,1208,36,False,PT8M48S,528,hd,false,True,Andrea|Bocelli|Ana|María|Martínez|Vicino|S'Acqueta|Universal|Music|Classical,10,en-US,none,2015,3974,False,False,8.8,0.003148629381820836,9.383332594830305e-05,96.54227478610972
RmUwNqaHLCk,"Andrea Bocelli, New York Philharmonic, Alan Gilbert - Amarcord - Live From Central Park, USA / 2011","Music video by Andrea Bocelli, New York Philharmonic, Alan Gilbert performing Amarcord (Live).© 2011 Sugar s.r.l., Under exclusive licence to Universal International Music B.V.",2015-10-23 02:00:00+00:00,353,21292,226,10,False,PT4M26S,266,hd,false,True,Andrea|Bocelli|Amarcord|Universal|Music|Classical,10,en-US,none,2015,3974,False,False,4.433333333333334,0.010614315235769303,0.00046965996618448245,5.357825868142929
Rz2HYs59m2g,"Andrea Bocelli - Holiday Piece - Live From The Kodak Theatre, USA / 2009","Music video by Andrea Bocelli performing Holiday Piece (Live).© 2015 Sugar s.r.l., under exclusive license to Universal International Music B.V., a Universal Music Group company",2015-10-23 02:00:00+00:00,354,811118,3538,59,False,PT2M49S,169,hd,false,True,Andrea|Bocelli|Holiday|Piece|Universal|Music|Classical,10,en-US,none,2015,3974,False,False,2.816666666666667,0.004361880762108596,7.273910824319026e-05,204.1061902365375
SNpHeu7VJIo,"Andrea Bocelli - Caro Gesu Bambino - Live From The Kodak Theatre, USA / 2009","Listen to Andrea Bocelli’s Christmas album 'My Christmas'  featuring 'Caro Gesu Bambino' here: https://andreabocelli.lnk.to/MyChristmasFiresideID
And listen to the new Christmas album 'A Family Christmas' here: https://AndreaBocelli.lnk.to/FamilyChristmasDeluxeID

Watch the Music for Hope full event here: https://andreabocelli.lnk.to/LiveFromDuomoID
Listen to the Music for Hope full event here: https://andreabocelli.lnk.to/MusicForHope1ID

Subscribe to Andrea's YouTube:
https://www.youtube.com/c/AndreaBocelli?sub_confirmation=1
Listen to the Essentials playlist: https://andreabocelli.lnk.to/EssentialsID

Follow Andrea:
Facebook: https://www.facebook.com/AndreaBocelli
Instagram: https://www.instagram.com/AndreaBocelli
Twitter: https://twitter.com/AndreaBocelli
YouTube: https://www.youtube.com/AndreaBocelli
TikTok: https://www.tiktok.com/@andreabocelliof

#AndreaBocelli #Bocelli #Christmas #MyChristmas",2015-10-23 02:00:00+00:00,355,440754,1821,58,False,PT2M50S,170,hd,false,True,Andrea|Bocelli|Caro|Gesu|Bambino|Universal|Music|Classical,10,en-US,none,2015,3974,False,False,2.8333333333333335,0.004131556378387944,0.00013159267981685928,110.90941117262204
SXNMvxDTAWw,"Andrea Bocelli, Helèna Hellwig - L'Abitudine (Behind The Scenes)","Andrea Bocelli, Helèna Hellwig - L'Abitudine (Behind The Scenes)

Subscribe to Andrea Bocelli’s YouTube channel & ring the bell to never miss a new video: https://AndreaBocelli.lnk.to/YTSignUpID

Sign up for Andrea Bocelli’s Email List: https://AndreaBocelli.lnk.to/MailingListSignUpID

Follow Andrea Bocelli: 
Instagram: https://www.instagram.com/andreabocelliofficial
Facebook: https://www.facebook.com/andreabocelli/YouTube
YouTube: https://www.youtube.com/channel/UCb4JB8-ZAeceuR7EPCPOPzg
TikTok:  https://www.tiktok.com/@andreabocelliof?lang=en
X: https://x.com/AndreaBocelliWebsite
Website: https://www.andreabocelli.com/
#AndreaBocelli #Bocelli #HelènaHellwig #L'Abitudine #BehindTheScenes

Music video by Andrea Bocelli performing L'Abitudine. (C) 2015 Sugar Srl, under exclusive license to Universal International Music B.V., a Universal Music Group company

Watch the Music for Hope full event here: https://andreabocelli.lnk.to/LiveFromDuomoID
Listen to the Music for Hope full event here: https://andreabocelli.lnk.to/MusicForHope1ID

http://vevo.ly/f737jA",2015-10-23 02:00:00+00:00,356,2750180,17731,517,False,PT5M1S,301,sd,false,True,Andrea|Bocelli|L'Abitudine|Universal|Music|Classical|HelènaHellwig #L'Abitudine #BehindTheScenes|HelènaHellwig|#L'Abitudine|#BehindTheScenes,10,en-US,none,2015,3974,False,False,5.016666666666667,0.00644721436415071,0.00018798769535084976,692.0432813286361
VJ5mPzdfV14,"Andrea Bocelli, Dulce Pontes - O Mare E Tu - Live From Milan, Italy / 1999","Music video by Andrea Bocelli, Dulce Pontes performing O mare e tu (Live).© 2015 Sugar s.r.l., under exclusive license to Universal International Music B.V., a Universal Music Group company",2015-10-23 02:00:00+00:00,357,3916925,37997,1318,False,PT4M33S,273,sd,false,True,Andrea|Bocelli|Dulce|Pontes|Mare|Universal|Music|Classical,10,en-US,none,2015,3974,False,False,4.55,0.009700721867281095,0.0003364884443792005,985.6378963261197
WNSarjtbLzM,"Andrea Bocelli - Tornera' La Neve (Live From Castagneto Carducci, Italy / 2001)","Andrea Bocelli - Tornera' La Neve (Live From Castagneto Carducci, Italy / 2001)

Subscribe to Andrea Bocelli’s YouTube channel & ring the bell to never miss a new video: https://AndreaBocelli.lnk.to/YTSignUpID

Sign up for Andrea Bocelli’s Email List: https://AndreaBocelli.lnk.to/MailingListSignUpID

Follow Andrea Bocelli: 
Instagram: https://www.instagram.com/andreabocelliofficial
Facebook: https://www.facebook.com/andreabocelli/YouTube
YouTube: https://www.youtube.com/channel/UCb4JB8-ZAeceuR7EPCPOPzg
TikTok:  https://www.tiktok.com/@andreabocelliof?lang=en
X: https://x.com/AndreaBocelliWebsite
Website: https://www.andreabocelli.com/
#AndreaBocelli #Bocelli #Tornera'LaNeve #LiveFromCastagnetoCarducci

Music video by Andrea Bocelli performing Tornera' La Neve. (C) 2015 Sugar Srl, under exclusive license to Universal International Music B.V., a Universal Music Group company

Watch the Music for Hope full event here: https://andreabocelli.lnk.to/LiveFromDuomoID
Listen to the Music for Hope full event here: https://andreabocelli.lnk.to/MusicForHope1ID

http://vevo.ly/yUToCK",2015-10-23 02:00:00+00:00,358,113848,1249,119,False,PT5M,300,sd,false,True,Andrea|Bocelli|Tornera'|Neve|Universal|Music|Classical|Andrea Bocelli Tornera' La Neve (Live From Castagneto Carducci|Italy 2001)|Andrea Bocelli|Tornera' La Neve|(Live From Castagneto Carducci,10,en-US,none,2015,3974,False,False,5.0,0.010970768041599325,0.001045253320216429,28.648213387015602
X5c-1Ef9DSg,Andrea Bocelli - Per amore (Live),"Music video by Andrea Bocelli performing Per amore (Live).© 2013 Sugar s.r.l., under exclusive license to Universal International Music B.V.",2015-10-23 02:00:00+00:00,359,302621,3218,144,False,PT4M42S,282,sd,false,True,Andrea|Bocelli|Per|Amore|Universal|Music|Pop,10,en-US,none,2015,3974,False,False,4.7,0.010633763023716134,0.0004758427207629345,76.15022647206844
XH9mTzOhpV8,"Sanctus - Live From Basilica Di Santa Maria Sopra Minerva, Italy / 1999","Music video by Andrea Bocelli, Orchestra dell'Accademia Nazionale di Santa Cecilia, Myung-Whun Chung performing Sanctus (Live).© 1999 Sugar s.r.l.",2015-10-23 02:00:00+00:00,360,11946,76,1,False,PT2M45S,165,sd,false,True,Andrea|Bocelli|Sanctus|Universal|Music|Classical,10,en-US,none,2015,3974,False,False,2.75,0.006361962163067136,8.371002846140967e-05,3.0060392551585307
Xjl156IBVGY,"Andrea Bocelli - Il Mare Calmo Della Sera (Live From Teatro Del Silenzio, Italy / 2007)","Andrea Bocelli - Il Mare Calmo Della Sera (Live From Teatro Del Silenzio, Italy / 2007)

Subscribe to Andrea Bocelli’s YouTube channel & ring the bell to never miss a new video: https://AndreaBocelli.lnk.to/YTSignUpID

Sign up for Andrea Bocelli’s Email List: https://AndreaBocelli.lnk.to/MailingListSignUpID

Follow Andrea Bocelli: 
Instagram: https://www.instagram.com/andreabocelliofficial
Facebook: https://www.facebook.com/andreabocelli/YouTube
YouTube: https://www.youtube.com/channel/UCb4JB8-ZAeceuR7EPCPOPzg
TikTok:  https://www.tiktok.com/@andreabocelliof?lang=en
X: https://x.com/AndreaBocelliWebsite
Website: https://www.andreabocelli.com/
#AndreaBocelli #Bocelli 

Watch the Music for Hope full event here: https://andreabocelli.lnk.to/LiveFromDuomoID
Listen to the Music for Hope full event here: https://andreabocelli.lnk.to/MusicForHope1ID

Listen to the best of Andrea Bocelli here: http://lnk.to/Vivere
Facebook: http://po.st/BocelliFB
Twitter: http://po.st/BocelliTw
Official Website: http://www.andreabocelli.com

Live From Teatro Del Silenzio, Italy / 2007

http://vevo.ly/AjgXX0",2015-10-23 02:00:00+00:00,361,8512233,37999,1316,False,PT5M26S,326,hd,false,True,Andrea|Bocelli|Mare|Calmo|Della|Sera|Universal|Music|Pop|(Live|From|Teatro|Del|Silenzio|Italy|2007),10,en-US,none,2015,3974,False,False,5.433333333333334,0.004464046038213475,0.00015460103124526783,2141.9811273276296
Xww_oaafCBA,Andrea Bocelli - O Tannenbaum (Live),"Listen to Andrea Bocelli’s Christmas album 'My Christmas'  featuring 'O Tannenbaum' here: https://andreabocelli.lnk.to/MyChristmasFiresideID
And listen to the new Christmas album 'A Family Christmas' here: https://AndreaBocelli.lnk.to/FamilyChristmasDeluxeID

Watch the Music for Hope full event here: https://andreabocelli.lnk.to/LiveFromDuomoID
Listen to the Music for Hope full event here: https://andreabocelli.lnk.to/MusicForHope1ID

Subscribe to Andrea Bocelli’s YouTube channel & ring the bell to never miss a new video: https://AndreaBocelli.lnk.to/YTSignUpID

Sign up for Andrea Bocelli’s Email List: https://AndreaBocelli.lnk.to/MailingListSignUpID

Follow Andrea:
Facebook: https://www.facebook.com/AndreaBocelli
Instagram: https://www.instagram.com/AndreaBocelli
Twitter: https://twitter.com/AndreaBocelli
YouTube: https://www.youtube.com/AndreaBocelli
TikTok: https://www.tiktok.com/@andreabocelliof

#AndreaBocelli #Bocelli #Christmas #MyChristmas",2015-10-23 02:00:00+00:00,362,4080029,26384,661,False,PT4M19S,259,hd,false,True,Andrea|Bocelli|Tannenbaum|Universal|Music|Classical|#AndreaBocelli|#Bocelli|#Christmas|#MyChristmas,10,en-US,none,2015,3974,False,False,4.316666666666666,0.006466620702941082,0.00016200865238948057,1026.6806743834927
YSHEo1YYqF8,Andrea Bocelli - Because We Believe,"Watch the Music for Hope full event here: https://andreabocelli.lnk.to/LiveFromDuomoID
Listen to the Music for Hope full event here: https://andreabocelli.lnk.to/MusicForHope1ID

Listen to the best of Andrea Bocelli here: http://lnk.to/Vivere
Facebook: http://po.st/BocelliFB
Twitter: http://po.st/BocelliTw
Official Website: http://www.andreabocelli.com

Andrea Bocelli and David Foster: Because We Believe
Live From Lake Las Vegas Resort, USA / 2006

http://vevo.ly/EVUghz",2015-10-23 02:00:00+00:00,363,5360138,22490,962,False,PT7M27S,447,sd,false,True,Andrea|Bocelli|Because|Believe|Universal|Music|Pop,10,en-US,none,2015,3974,False,False,7.45,0.004195787496515948,0.00017947299118045094,1348.8017111222948
bMvFqy9_RUo,Andrea Bocelli - Santa Claus Is Coming To Town,"Listen to Andrea Bocelli’s Christmas album 'My Christmas'  featuring 'Santa Claus Is Coming To Town' here: https://andreabocelli.lnk.to/MyChristmasFiresideID
And listen to the new Christmas album 'A Family Christmas' here: https://AndreaBocelli.lnk.to/FamilyChristmasDeluxeID

Watch the Music for Hope full event here: https://andreabocelli.lnk.to/LiveFromDuomoID
Listen to the Music for Hope full event here: https://andreabocelli.lnk.to/MusicForHope1ID

Facebook: http://po.st/BocelliFB
Twitter: http://po.st/BocelliTw
Official Website: http://www.andreabocelli.com
Live From The Kodak Theatre, USA / 2009

http://vevo.ly/6VtKDd",2015-10-23 02:00:00+00:00,364,28862763,148598,2887,False,PT4M39S,279,hd,false,True,Andrea|Bocelli|Santa|Claus|Coming|Town|Universal|Music|Pop|한글자막|日本語字幕|subtítulos en español|Türkçe Altyazılı|Phụ đề tiếng Việt|Subtitles in Tagalog|Teks dalam Bahasa Indonesia|उपशीर्षक हिंदी में|Sarikata Dalam Bahasa Malaysia|คำบรรยายภาษาไทย|安德烈波切俐,10,en-US,none,2015,3974,False,False,4.65,0.005148432948016792,0.00010002507382955679,7262.89959738299
blZsfmAOW6A,"Andrea Bocelli - Amapola (Live From Lake Las Vegas Resort, USA / 2006)","Andrea Bocelli - Amapola (Live From Lake Las Vegas Resort, USA / 2006)
Stream Andrea Bocelli: https://AndreaBocelli.lnk.to/streamID
Subscribe to Andrea Bocelli’s YouTube channel & ring the bell to never miss a new video: https://AndreaBocelli.lnk.to/YTSignUpID

Sign up for Andrea Bocelli’s Email List: https://AndreaBocelli.lnk.to/MailingListSignUpID

Follow Andrea Bocelli: 
Instagram: https://www.instagram.com/andreabocelliofficial
Facebook: https://www.facebook.com/andreabocelli/YouTube
YouTube: https://www.youtube.com/channel/UCb4JB8-ZAeceuR7EPCPOPzg
TikTok:  https://www.tiktok.com/@andreabocelliof?lang=en
X: https://x.com/AndreaBocelliWebsite
Website: https://www.andreabocelli.com/

#AndreaBocelli

Music video by Andrea Bocelli performing Amapola. (C) 2006 Sugar Srl, under exclusive license to Universal Music B.V.
http://vevo.ly/fFghK4",2015-10-23 02:00:00+00:00,365,7121141,32622,915,False,PT3M46S,226,sd,false,True,Andrea|Bocelli|Amapola|Universal|Music|Pop|andrea bocelli|andrea bocelli live,10,en-US,none,2015,3974,False,False,3.7666666666666666,0.0045810074537212505,0.00012849064496827124,1791.9328132863614
c-vrD_TB1ns,"Andrea Bocelli - L'incontro (Live From Castagneto Carducci, Italy / 2001)","L'incontro (Live From Castagneto Carducci, Italy / 2001)

Subscribe to Andrea Bocelli’s YouTube channel & ring the bell to never miss a new video: https://AndreaBocelli.lnk.to/YTSignUpID

Sign up for Andrea Bocelli’s Email List: https://AndreaBocelli.lnk.to/MailingListSignUpID

Follow Andrea Bocelli: 
Instagram: https://www.instagram.com/andreabocelliofficial
Facebook: https://www.facebook.com/andreabocelli/YouTube
YouTube: https://www.youtube.com/channel/UCb4JB8-ZAeceuR7EPCPOPzg
TikTok:  https://www.tiktok.com/@andreabocelliof?lang=en
X: https://x.com/AndreaBocelliWebsite
Website: https://www.andreabocelli.com/
#AndreaBocelli #Bocelli #L'incontro #LiveFromCastagneto Carducci

Music video by Andrea Bocelli performing L'incontro. (C) 2015 Sugar Srl, under exclusive license to Universal International Music B.V., a Universal Music Group company

Watch the Music for Hope full event here: https://andreabocelli.lnk.to/LiveFromDuomoID
Listen to the Music for Hope full event here: https://andreabocelli.lnk.to/MusicForHope1ID

http://vevo.ly/Japs2e",2015-10-23 02:00:00+00:00,366,259137,2005,80,False,PT5M5S,305,sd,false,True,Andrea|Bocelli|L'incontro|Universal|Music|Classical|andrea bocelli|(Live From Castagneto Carducci|Italy 2001),10,en-US,none,2015,3974,False,False,5.083333333333333,0.00773722008049796,0.00030871701069318545,65.2081026673377
ciawICBvQoE,"Andrea Bocelli, Heather Headley - Vivo Per Lei (Live From Teatro Del Silenzio, Italy / 2007)","Andrea Bocelli & Heather Headley - Vivo Per Lei (Live From Teatro Del Silenzio, Italy / 2007)
Stream Andrea Bocelli: https://AndreaBocelli.lnk.to/streamID
Subscribe to Andrea Bocelli’s YouTube channel & ring the bell to never miss a new video: https://AndreaBocelli.lnk.to/YTSignUpID

Sign up for Andrea Bocelli’s Email List: https://AndreaBocelli.lnk.to/MailingListSignUpID

Follow Andrea Bocelli: 
Instagram: https://www.instagram.com/andreabocelliofficial
Facebook: https://www.facebook.com/andreabocelli/YouTube
YouTube: https://www.youtube.com/channel/UCb4JB8-ZAeceuR7EPCPOPzg
TikTok:  https://www.tiktok.com/@andreabocelliof?lang=en
X: https://x.com/AndreaBocelliWebsite
Website: https://www.andreabocelli.com/

#AndreaBocelli

http://vevo.ly/5ddooR",2015-10-23 02:00:00+00:00,367,66843741,345902,10395,False,PT4M57S,297,hd,false,True,andrea bocelli|andrea bocelli besame mucho|andrea bocelli songs|andrea bocelli time to say goodbye|andrea bocelli vivo por ella|vivo per lei|vivo per lei andrea bocelli|vivo per lei andrea bocelli laura pausini|vivo per lei andrea bocelli laura pausini lyrics|vivo per lei andrea bocelli lyrics|vivo per lei bocelli|vivo per lei heather headley|vivo per lei lyrics|Heather Headley|Heather Headley Andrea Bocelli|安德烈波切俐|한글자막|日本語字幕|subtítulos en español,10,en-US,none,2015,3974,False,False,4.95,0.005174785175473647,0.00015551194239711986,16820.266985405135
d9I82WAy_vQ,Andrea Bocelli - Anema E Core (Live From Portrofino / 2012),"Andrea Bocelli - Anema E Core (Live From Portrofino / 2012)
Stream Andrea Bocelli: https://AndreaBocelli.lnk.to/streamID
Subscribe to Andrea Bocelli’s YouTube channel & ring the bell to never miss a new video: https://AndreaBocelli.lnk.to/YTSignUpID

Sign up for Andrea Bocelli’s Email List: https://AndreaBocelli.lnk.to/MailingListSignUpID

Follow Andrea Bocelli: 
Instagram: https://www.instagram.com/andreabocelliofficial
Facebook: https://www.facebook.com/andreabocelli/YouTube
YouTube: https://www.youtube.com/channel/UCb4JB8-ZAeceuR7EPCPOPzg
TikTok:  https://www.tiktok.com/@andreabocelliof?lang=en
X: https://x.com/AndreaBocelliWebsite
Website: https://www.andreabocelli.com/

#AndreaBocelli

Music video by Andrea Bocelli performing Anema E Core. (C) 2012 Sugar Srl, under exclusive license to Universal International Music B.V.

http://vevo.ly/eVtV14",2015-10-23 02:00:00+00:00,368,9023525,18592,516,False,PT4M42S,282,hd,false,True,Andrea|Bocelli|Anema|Core|Universal|Music|Pop,10,en-US,none,2015,3974,False,False,4.7,0.0020603921416519596,5.7183861074247594e-05,2270.640412682436
fIdKD6JkIpU,"Andrea Bocelli - Romanza (Live From Teatro Del Silenzio, Italy / 2007)","Andrea Bocelli - Romanza (Live From Teatro Del Silenzio, Italy / 2007)
Stream Andrea Bocelli: https://AndreaBocelli.lnk.to/streamID
Subscribe to Andrea Bocelli’s YouTube channel & ring the bell to never miss a new video: https://AndreaBocelli.lnk.to/YTSignUpID

Sign up for Andrea Bocelli’s Email List: https://AndreaBocelli.lnk.to/MailingListSignUpID

Follow Andrea Bocelli: 
Instagram: https://www.instagram.com/andreabocelliofficial
Facebook: https://www.facebook.com/andreabocelli/YouTube
YouTube: https://www.youtube.com/channel/UCb4JB8-ZAeceuR7EPCPOPzg
TikTok:  https://www.tiktok.com/@andreabocelliof?lang=en
X: https://x.com/AndreaBocelliWebsite
Website: https://www.andreabocelli.com/

#AndreaBocelli 

Music video by Andrea Bocelli performing Romanza. (C) 2007 Sugar Srl
http://vevo.ly/kdT3Lz",2015-10-23 02:00:00+00:00,369,5726583,22372,851,False,PT3M59S,239,hd,false,True,Andrea|Bocelli|Romanza|Universal|Music|Pop|andrea bocelli|andrea bocelli live,10,en-US,none,2015,3974,False,False,3.9833333333333334,0.003906692699643051,0.00014860519789899142,1441.0123301459487
fTxcrjBGves,"Andrea Bocelli - Besame Mucho (Live From Lake Las Vegas Resort, USA / 2006)","Andrea Bocelli - Besame Mucho (Live From Lake Las Vegas Resort, USA / 2006)
Stream Andrea Bocelli: https://AndreaBocelli.lnk.to/streamID
Subscribe to Andrea Bocelli’s YouTube channel & ring the bell to never miss a new video: https://AndreaBocelli.lnk.to/YTSignUpID

Sign up for Andrea Bocelli’s Email List: https://AndreaBocelli.lnk.to/MailingListSignUpID

Follow Andrea Bocelli: 
Instagram: https://www.instagram.com/andreabocelliofficial
Facebook: https://www.facebook.com/andreabocelli/YouTube
YouTube: https://www.youtube.com/channel/UCb4JB8-ZAeceuR7EPCPOPzg
TikTok:  https://www.tiktok.com/@andreabocelliof?lang=en
X: https://x.com/AndreaBocelliWebsite
Website: https://www.andreabocelli.com/

#AndreaBocelli

http://vevo.ly/rQ8wIW",2015-10-23 02:00:00+00:00,370,79888977,515918,12469,False,PT4M23S,263,sd,false,True,andrea bocelli|andrea bocelli besame mucho|andrea bocelli songs|andrea bocelli time to say goodbye|andrea bocelli vivo por ella|Besame Mucho|besame mucho andrea|besame mucho andrea bocelli|besame mucho andrea bocelli lyrics|besame mucho letra|besame mucho live|besame mucho lyrics|Amore|Amore basame mucho|Amore besame mucho andrea bocelli|安德烈波切俐|한글자막|日本語字幕|subtítulos en español|Türkçe Altyazılı|Phụ đề tiếng Việt|Subtitles in Tagalog,10,en-US,none,2015,3974,False,False,4.383333333333334,0.006457937244583818,0.00015607910463041728,20102.913185707097
foKSmlMnt-U,"Andrea Bocelli - Because We Believe (Live From Studio Ferrante Aporti, Italy / 2007)","Music video by Andrea Bocelli performing Because We Believe (Live).© 2006 Sugar s.r.l., under exclusive license to Universal International Music BV",2015-10-23 02:00:00+00:00,371,1068388,7152,306,False,PT5M20S,320,hd,false,True,Andrea|Bocelli|Because|Believe|Universal|Music|Pop,10,en-US,none,2015,3974,False,False,5.333333333333333,0.006694197239205233,0.0002864128013418346,268.84448917966785
fsKyqEkAww4,"Andrea Bocelli - O Soave Fanciulla (Live From Piazza Dei Cavalieri, Italy / 1997)","Music video by Andrea Bocelli performing O soave fanciulla (Live).© 2015 Sugar s.r.l., under exclusive license to Universal International Music B.V., a Universal Music Group company",2015-10-23 02:00:00+00:00,372,41033,501,25,False,PT4M33S,273,sd,false,True,Andrea|Bocelli|Soave|Fanciulla|Universal|Music|Pop|(Live|From|Piazza|Dei|Cavalieri|Italy|1997),10,en-US,none,2015,3974,False,False,4.55,0.012209684887773256,0.0006092657129627374,10.325364871665828
gHAHdLjPso4,"Andrea Bocelli - Brindisi - Live From Piazza Dei Cavalieri, Italy / 1997","Music video by Andrea Bocelli performing Brindisi (Live).© 2015 Sugar s.r.l., under exclusive license to Universal International Music B.V., a Universal Music Group company",2015-10-23 02:00:00+00:00,373,53404,678,27,False,PT5M6S,306,sd,false,True,Andrea|Bocelli|Brindisi|Universal|Music|Classical,10,en-US,none,2015,3974,False,False,5.1,0.012695678226350086,0.0005055801063590743,13.43834927025667
iCJgy5E5eME,"Andrea Bocelli, Heather Headley - The Prayer (Live From Lake Las Vegas Resort, USA / 2006)","Andrea Bocelli & Heather Headley - The Prayer (Live From Lake Las Vegas Resort, USA / 2006)
Stream Andrea Bocelli: https://AndreaBocelli.lnk.to/streamID
Subscribe to Andrea Bocelli’s YouTube channel & ring the bell to never miss a new video: https://AndreaBocelli.lnk.to/YTSignUpID

Sign up for Andrea Bocelli’s Email List: https://AndreaBocelli.lnk.to/MailingListSignUpID

Follow Andrea Bocelli: 
Instagram: https://www.instagram.com/andreabocelliofficial
Facebook: https://www.facebook.com/andreabocelli/YouTube
YouTube: https://www.youtube.com/channel/UCb4JB8-ZAeceuR7EPCPOPzg
TikTok:  https://www.tiktok.com/@andreabocelliof?lang=en
X: https://x.com/AndreaBocelliWebsite
Website: https://www.andreabocelli.com/

#AndreaBocelli #HeatherHeadley

http://vevo.ly/EfOe2O",2015-10-23 02:00:00+00:00,374,10591411,63984,2278,False,PT5M12S,312,sd,false,True,Andrea|Bocelli|The|Prayer|Universal|Music|Pop|安德烈波切俐|한글자막|日本語字幕|subtítulos en español|Türkçe Altyazılı|Phụ đề tiếng Việt|Subtitles in Tagalog|Teks dalam Bahasa Indonesia|उपशीर्षक हिंदी में|Sarikata Dalam Bahasa Malaysia|คำบรรยายภาษาไทย|Heather Headley,10,en-US,none,2015,3974,False,False,5.2,0.006041121433206586,0.00021507993599719622,2665.1763965777554
iIJSHzQsBWk,Andrea Bocelli - White Christmas / Home Acoustic Version,"‘Return To Love’ featuring Ellie Goulding is out now! Listen here: https://andreabocelli.lnk.to/ReturnToLoveID
Pre-order ""Sì Forever"", the new album from Andrea Bocelli, here: https://andreabocelli.lnk.to/SiForever 

Watch the Music for Hope full event here: https://andreabocelli.lnk.to/LiveFromDuomoID
Listen to the Music for Hope full event here: https://andreabocelli.lnk.to/MusicForHope1ID

Listen to Andrea Bocelli’s Christmas album here: http://lnk.to/Bocelli-MyChristmas
Facebook: http://po.st/BocelliFB
Twitter: http://po.st/BocelliTw
Official Website: http://www.andreabocelli.com

Music video by Andrea Bocelli performing White Christmas. (C) 2015 Sugar Srl, under exclusive license to Universal International Music B.V., a Universal Music Group company

http://vevo.ly/ACSKYp",2015-10-23 02:00:00+00:00,375,120696,1971,41,False,PT2M59S,179,sd,false,True,#EllieGoulding|#ReturnToLove|#AndreaBocelli|#SiForever|#NewAlbum,10,en-US,none,2015,3974,False,False,2.9833333333333334,0.01633028435076556,0.0003396964273878173,30.371414192249624
jBb0wYutiYk,"Andrea Bocelli - Introduction - Live From Piazza Dei Cavalieri, Italy / 1997","Music video by Andrea Bocelli performing Introduction (Live).© 2015 Sugar s.r.l., under exclusive license to Universal International Music B.V., a Universal Music Group company",2015-10-23 02:00:00+00:00,376,11230,129,12,False,PT6M38S,398,sd,false,True,Andrea|Bocelli|Introduction|Universal|Music|Pop,10,en-US,none,2015,3974,False,False,6.633333333333334,0.011487088156723063,0.0010685663401602849,2.8258681429290387
jgabsV6PruA,"Andrea Bocelli - Voglio restare cosi' - Live From Piazza Dei Cavalieri, Italy / 1997","Music video by Andrea Bocelli performing Voglio restare cosi' (Live).© 2015 Sugar s.r.l., under exclusive license to Universal International Music B.V., a Universal Music Group company",2015-10-23 02:00:00+00:00,377,38487,472,23,False,PT4M6S,246,sd,false,True,Andrea|Bocelli|Voglio|restare|cosi'|Universal|Music|Pop,10,en-US,none,2015,3974,False,False,4.1,0.012263881310572402,0.0005976043858965365,9.68470055359839
kU6bAhFLWFY,"Andrea Bocelli - Part 3 - The Performance - Live From Central Park, USA / 2011","Music video by Andrea Bocelli performing Part 3 - The Performance (Live).© 2015 Sugar s.r.l., under exclusive license to Universal International Music B.V., a Universal Music Group company",2015-10-23 02:00:00+00:00,378,6260,112,4,False,PT5M6S,306,hd,false,True,Andrea|Bocelli|Part|The|Performance|Universal|Music|Classical,10,en-US,none,2015,3974,False,False,5.1,0.017891373801916934,0.0006389776357827476,1.5752390538500252
lPCct1MXGSs,"Pieta' Signore (Live From Basilica Di Santa Maria Sopra Minerva, Italy / 1999)","Music video by Andrea Bocelli, Coro dell'Accademia Nazionale di Santa Cecilia, Norbert Balatsch, Orchestra dell'Accademia Nazionale di Santa Cecilia, Myung-Whun Chung performing Pieta' signore (Live).© 1999 Sugar s.r.l.",2015-10-23 02:00:00+00:00,379,217757,1175,49,False,PT8M,480,sd,false,True,Andrea|Bocelli|Pieta'|Signore|Universal|Music|Classical|Coro|dell'Accademia|Nazionale|Santa|Cecilia|Norbert|Balatsch|Orchestra|Myung-Whun|Chung|(Live|From|Basilica|Maria|Sopra|Minerva|Italy|1999),10,en-US,none,2015,3974,False,False,8.0,0.005395922978365793,0.00022502146888504158,54.79542023150478
m5UcZ9thgPI,"Andrea Bocelli, Marta Sánchez - Vivo Por Ella (Official Music Video)","Andrea Bocelli & Marta Sánchez - Vivo Por Ella (Official Music Video)
Stream Andrea Bocelli: https://AndreaBocelli.lnk.to/streamID
Subscribe to Andrea Bocelli’s YouTube channel & ring the bell to never miss a new video: https://AndreaBocelli.lnk.to/YTSignUpID

Sign up for Andrea Bocelli’s Email List: https://AndreaBocelli.lnk.to/MailingListSignUpID

Follow Andrea Bocelli: 
Instagram: https://www.instagram.com/andreabocelliofficial
Facebook: https://www.facebook.com/andreabocelli/YouTube
YouTube: https://www.youtube.com/channel/UCb4JB8-ZAeceuR7EPCPOPzg
TikTok:  https://www.tiktok.com/@andreabocelliof?lang=en
X: https://x.com/AndreaBocelliWebsite
Website: https://www.andreabocelli.com/

#AndreaBocelli #MartaSánchez #Romanza",2015-10-23 02:00:00+00:00,380,352591273,1567572,56168,False,PT4M27S,267,sd,false,True,marta sanchez|marta sanchez vivo por ella|marta sanchez bocelli vivo por ella|andrea bocelli|vivo por ella andrea bocelli|andrea bocelli vivo por ella|vivo por ella marta sanchez andrea bocelli|marta sanchez andrea bocelli vivo por ella|vivo por ella|andrea bocelli songs|andrea bocelli videos|bocelli duet marta sanchez|vivo por ella official video|Bocelli vivo por ella official video|vivo por ella andrea bocelli marta sanchez video,10,en-US,none,2015,3974,False,False,4.45,0.00444586159680702,0.00015930059618917455,88724.52767991948
mzO87aiF_Lk,"Andrea Bocelli, David Foster - Ave Maria (Schubert) / Home Acoustic Version","‘Return To Love’ featuring Ellie Goulding is out now! Listen here: https://andreabocelli.lnk.to/ReturnToLoveID
Pre-order ""Sì Forever"", the new album from Andrea Bocelli, here: https://andreabocelli.lnk.to/SiForever 

Watch the Music for Hope full event here: https://andreabocelli.lnk.to/LiveFromDuomoID
Listen to the Music for Hope full event here: https://andreabocelli.lnk.to/MusicForHope1ID

Listen to Andrea Bocelli’s Christmas album here: http://lnk.to/Bocelli-MyChristmas
Facebook: http://po.st/BocelliFB
Twitter: http://po.st/BocelliTw
Official Website: http://www.andreabocelli.com

http://vevo.ly/dymo8l",2015-10-23 02:00:00+00:00,381,450769,5191,184,False,PT4M13S,253,sd,false,True,#EllieGoulding|#ReturnToLove|#AndreaBocelli|#SiForever|#NewAlbum,10,en-US,none,2015,3974,False,False,4.216666666666667,0.011515876202666997,0.00040819133525153684,113.42954202315047
okyzEnO7g3c,Andrea Bocelli - Adeste Fideles,Music video by Andrea Bocelli performing Adeste Fideles (Live).© 2009 Sugar s.r.l.,2015-10-23 02:00:00+00:00,382,6252891,50292,1227,False,PT3M52S,232,hd,false,True,Andrea|Bocelli|Adeste|Fideles|Universal|Music|Pop,10,en-US,none,2015,3974,False,False,3.8666666666666667,0.008042999630091105,0.00019622923220635063,1573.4501761449421
q7jx98pKKlk,"Andrea Bocelli, Edith Piaf - La Vie En Rose (Live From Portrofino / 2012)","Andrea Bocelli - La Vie En Rose (Live From Portrofino / 2012)

Andrea Bocelli ‘Duets’ 30th Anniversary, 30 years of bringing people together.
The definitive collection of ‘Duets’ is released Friday 25th October.
Pre-Order 'Duets' here: https://AndreaBocelli.lnk.to/DuetsID

Stream Andrea Bocelli: https://AndreaBocelli.lnk.to/streamID
Subscribe to Andrea Bocelli’s YouTube channel & ring the bell to never miss a new video: https://AndreaBocelli.lnk.to/YTSignUpID

Sign up for Andrea Bocelli’s Email List: https://AndreaBocelli.lnk.to/MailingListSignUpID

Follow Andrea Bocelli: 
Instagram: https://www.instagram.com/andreabocelliofficial
Facebook: https://www.facebook.com/andreabocelli/YouTube
YouTube: https://www.youtube.com/channel/UCb4JB8-ZAeceuR7EPCPOPzg
TikTok:  https://www.tiktok.com/@andreabocelliof?lang=en
X: https://x.com/AndreaBocelliWebsite
Website: https://www.andreabocelli.com/

#AndreaBocelli #EdithPiaf #LaVieEnRose #LiveFromPortrofino

Music video by Andrea Bocelli performing La Vie En Rose. (C) 2013 Sugar Srl, under exclusive license to Universal International Music B.V.
http://vevo.ly/KjInMG",2015-10-23 02:00:00+00:00,383,8408925,37322,661,False,PT3M31S,211,hd,false,True,Andrea|Bocelli|Vie|Rose|Universal|Music|Pop|La Vie En Rose|Live From Portrofino|edithpiaf|classical|classicalpop|opera|Edith Piaf,10,en-US,none,2015,3974,False,False,3.5166666666666666,0.004438379459919074,7.860695629940807e-05,2115.985153497735
qJ_PSTr0xs4,Andrea Bocelli - Tu Scendi Dalle Stelle / Home Acoustic Version,"Listen to Andrea Bocelli’s Christmas album here: http://lnk.to/Bocelli-MyChristmas

Watch the Music for Hope full event here: https://andreabocelli.lnk.to/LiveFromDuomoID
Listen to the Music for Hope full event here: https://andreabocelli.lnk.to/MusicForHope1ID

Facebook: http://po.st/BocelliFB
Twitter: http://po.st/BocelliTw
Official Website: http://www.andreabocelli.com

http://vevo.ly/QJn6Lf",2015-10-23 02:00:00+00:00,384,36247,508,6,False,PT2M29S,149,sd,false,True,Andrea|Bocelli|Scendi|Dalle|Stelle|Universal|Music|Pop,10,en-US,none,2015,3974,False,False,2.4833333333333334,0.014014952961624411,0.0001655309404916269,9.121036738802214
qqPxMinMvV0,"Andrea Bocelli, Helene Fischer - When I Fall In Love (Live From Portofino / 2012)","Andrea Bocelli & Helene Fischer - When I Fall In Love
Stream Andrea Bocelli: https://AndreaBocelli.lnk.to/streamID
Subscribe to Andrea Bocelli’s YouTube channel & ring the bell to never miss a new video: https://AndreaBocelli.lnk.to/YTSignUpID

Sign up for Andrea Bocelli’s Email List: https://AndreaBocelli.lnk.to/MailingListSignUpID

Follow Andrea Bocelli: 
Instagram: https://www.instagram.com/andreabocelliofficial
Facebook: https://www.facebook.com/andreabocelli/YouTube
YouTube: https://www.youtube.com/channel/UCb4JB8-ZAeceuR7EPCPOPzg
TikTok:  https://www.tiktok.com/@andreabocelliof?lang=en
X: https://x.com/AndreaBocelliWebsite
Website: https://www.andreabocelli.com/

#AndreaBocelli #HeleneFischer

Music video by Andrea Bocelli, Helene Fischer performing When I Fall In Love. (C) 2013 Sugar Srl, under exclusive license to Universal International Music B.V.
http://vevo.ly/LoUBxR",2015-10-23 02:00:00+00:00,385,23442551,87579,2146,False,PT5M43S,343,hd,false,True,Andrea|Bocelli|Helene|Fischer|When|Fall|Love|Universal|Music|Pop|한글자막|日本語字幕|subtítulos en español|Türkçe Altyazılı|Phụ đề tiếng Việt|Subtitles in Tagalog|Teks dalam Bahasa Indonesia|उपशीर्षक हिंदी में|Sarikata Dalam Bahasa Malaysia|คำบรรยายภาษาไทย|安德烈波切俐|when fall in love|andrea bocelli live|andrea bocelli when fall in love|when fall in love live,10,en-US,none,2015,3974,False,False,5.716666666666667,0.0037358988789232025,9.15429383090603e-05,5898.98112732763
qt_OkgSOrkU,"Andrea Bocelli, Céline Dion - The Prayer (Live at Central Park / 2011)","Andrea Bocelli & Céline Dion - The Prayer (Live at Central Park / 2011)

Andrea Bocelli ‘Duets’ 30th Anniversary, 30 years of bringing people together.
The definitive collection of ‘Duets’ is released Friday 25th October.
Pre-Order 'Duets' here: https://AndreaBocelli.lnk.to/DuetsID

Stream Andrea Bocelli: https://AndreaBocelli.lnk.to/streamID
Subscribe to Andrea Bocelli’s YouTube channel & ring the bell to never miss a new video: https://AndreaBocelli.lnk.to/YTSignUpID

Sign up for Andrea Bocelli’s Email List: https://AndreaBocelli.lnk.to/MailingListSignUpID

Follow Andrea Bocelli: 
Instagram: https://www.instagram.com/andreabocelliofficial
Facebook: https://www.facebook.com/andreabocelli/YouTube
YouTube: https://www.youtube.com/channel/UCb4JB8-ZAeceuR7EPCPOPzg
TikTok:  https://www.tiktok.com/@andreabocelliof?lang=en
X: https://x.com/AndreaBocelliWebsite
Website: https://www.andreabocelli.com/

#AndreaBocelli #CélineDion #ThePrayer 

http://vevo.ly/iFbArR",2015-10-23 02:00:00+00:00,386,246633360,1496112,42697,False,PT6M30S,390,hd,false,True,celine dion|celine dion the prayer|celine dion bocelli the prayer|andrea bocelli|david foster the prayer|the prayer andrea bocelli|andrea bocelli the prayer|the prayer celine dion andrea bocelli|celine dion and andrea bocelli the prayer|the prayer|celine dion live|andrea bocelli live|bocelli celine dion central park|andrea bocelli songs|andrea bocelli videos|andrea bocelli central park 2011|andrea bocelli celine dion the prayer live,10,en-US,none,2015,3974,False,False,6.5,0.006066138011500148,0.00017311932173328051,62061.74131857071
rMGV_UuNSLE,"Andrea Bocelli, David Foster - Caro Gesù Bambino (Home Acoustic Version)","Andrea Bocelli, David Foster - Caro Gesù Bambino (Home Acoustic Version)

Subscribe to Andrea Bocelli’s YouTube channel & ring the bell to never miss a new video: https://AndreaBocelli.lnk.to/YTSignUpID

Sign up for Andrea Bocelli’s Email List: https://AndreaBocelli.lnk.to/MailingListSignUpID

Follow Andrea Bocelli: 
Instagram: https://www.instagram.com/andreabocelliofficial
Facebook: https://www.facebook.com/andreabocelli/YouTube
YouTube: https://www.youtube.com/channel/UCb4JB8-ZAeceuR7EPCPOPzg
TikTok:  https://www.tiktok.com/@andreabocelliof?lang=en
X: https://x.com/AndreaBocelliWebsite
Website: https://www.andreabocelli.com/
#AndreaBocelli #Bocelli 

Listen to Andrea Bocelli’s Christmas album 'My Christmas'  featuring 'Caro Gesù Bambino' here: https://andreabocelli.lnk.to/MyChristmasFiresideID
And listen to the new Christmas album 'A Family Christmas' here: https://AndreaBocelli.lnk.to/FamilyChristmasDeluxeID

Watch the Music for Hope full event here: https://andreabocelli.lnk.to/LiveFromDuomoID
Listen to the Music for Hope full event here: https://andreabocelli.lnk.to/MusicForHope1ID
Listen to the Essentials playlist: https://andreabocelli.lnk.to/EssentialsID",2015-10-23 02:00:00+00:00,387,31704,418,16,False,PT1M47S,107,sd,false,True,Andrea|Bocelli|Caro|Gesu'|Bambino|Universal|Music|Pop|David|Foster|Gesù|(Home|Acoustic|Version),10,en-US,none,2015,3974,False,False,1.7833333333333334,0.013184456220035327,0.0005046681806712087,7.977856064418722
raNc3s-coD4,"Andrea Bocelli, Sandy - Corcovado (Live From Portrofino / 2012)","Andrea Bocelli & Sandy - Corcovado (Live From Portrofino / 2012)
Stream Andrea Bocelli: https://AndreaBocelli.lnk.to/streamID
Subscribe to Andrea Bocelli’s YouTube channel & ring the bell to never miss a new video: https://AndreaBocelli.lnk.to/YTSignUpID

Sign up for Andrea Bocelli’s Email List: https://AndreaBocelli.lnk.to/MailingListSignUpID

Follow Andrea Bocelli: 
Instagram: https://www.instagram.com/andreabocelliofficial
Facebook: https://www.facebook.com/andreabocelli/YouTube
YouTube: https://www.youtube.com/channel/UCb4JB8-ZAeceuR7EPCPOPzg
TikTok:  https://www.tiktok.com/@andreabocelliof?lang=en
X: https://x.com/AndreaBocelliWebsite
Website: https://www.andreabocelli.com/

#AndreaBocelli #Sandy

Music video by Andrea Bocelli performing Corcovado. (C) 2012 Sugar Srl, under exclusive license to Universal International Music B.V.

http://vevo.ly/gAvrss",2015-10-23 02:00:00+00:00,388,13236180,114397,4919,False,PT4M15S,255,hd,false,True,Andrea|Bocelli|Corcovado|Universal|Music|Pop|Sandy|Andrea Bocelli|Andrea Bocelli Sandy|Sandy Portofino|andrea bocelli live|classical pop|opera|Live From Portrofino,10,en-US,none,2015,3974,False,False,4.25,0.008642750400795396,0.0003716329031487937,3330.694514343231
rvdIrcSxhKA,"Andrea Bocelli, Veronica Berti - Les Feuilles Mortes (Live From Lake Las Vegas Resort, USA / 2006)","Andrea Bocelli & Veronica Berti - Les Feuilles Mortes (Live From Lake Las Vegas Resort, USA / 2006)
Stream Andrea Bocelli: https://AndreaBocelli.lnk.to/streamID
Subscribe to Andrea Bocelli’s YouTube channel & ring the bell to never miss a new video: https://AndreaBocelli.lnk.to/YTSignUpID

Sign up for Andrea Bocelli’s Email List: https://AndreaBocelli.lnk.to/MailingListSignUpID

Follow Andrea Bocelli: 
Instagram: https://www.instagram.com/andreabocelliofficial
Facebook: https://www.facebook.com/andreabocelli/YouTube
YouTube: https://www.youtube.com/channel/UCb4JB8-ZAeceuR7EPCPOPzg
TikTok:  https://www.tiktok.com/@andreabocelliof?lang=en
X: https://x.com/AndreaBocelliWebsite
Website: https://www.andreabocelli.com/

#AndreaBocelli

Music video by Andrea Bocelli performing Les Feuilles Mortes. (C) 2006 Sugar Srl, under exclusive license to Universal Music B.V.
http://vevo.ly/nOt9lB",2015-10-23 02:00:00+00:00,389,18371807,63362,1519,False,PT5M31S,331,sd,false,True,Andrea|Bocelli|Les|Feuilles|Mortes|Universal|Music|Pop,10,en-US,none,2015,3974,False,False,5.516666666666667,0.0034488714147715574,8.26810340430857e-05,4623.001258178158
seDSkDDKV8E,"Andrea Bocelli - Part 2 - The Interlude - Live From Central Park, USA / 2011","Music video by Andrea Bocelli performing Part 2 - The Interlude (Live).© 2015 Sugar s.r.l., under exclusive license to Universal International Music B.V., a Universal Music Group company",2015-10-23 02:00:00+00:00,390,10771,175,2,False,PT9M15S,555,hd,false,True,Andrea|Bocelli|Part|The|Interlude|Universal|Music|Classical,10,en-US,none,2015,3974,False,False,9.25,0.016247330795655,0.00018568378052177142,2.710367388022144
so9qdfmP318,"Funiculì Funiculà - Live From Central Park, USA / 2011","Music video by Andrea Bocelli, Andrea Griminelli, New York Philharmonic, Alan Gilbert performing Funiculì funiculà (Live).© 2011 Sugar s.r.l., Under exclusive licence to Universal International Music B.V.",2015-10-23 02:00:00+00:00,391,563155,4377,164,False,PT3M30S,210,hd,false,True,Andrea|Bocelli|Griminelli|Funiculì|Funiculà|Universal|Music|Classical,10,en-US,none,2015,3974,False,False,3.5,0.0077722829416412885,0.00029121645017801494,141.70986411675892
tJJPdwRPIT8,"Andrea Bocelli - Pero Te Extrano (Live From Lake Las Vegas Resort, USA / 2006)","Andrea Bocelli - Pero Te Extrano (Live From Lake Las Vegas Resort, USA / 2006)
Stream Andrea Bocelli: https://AndreaBocelli.lnk.to/streamID
Subscribe to Andrea Bocelli’s YouTube channel & ring the bell to never miss a new video: https://AndreaBocelli.lnk.to/YTSignUpID

Sign up for Andrea Bocelli’s Email List: https://AndreaBocelli.lnk.to/MailingListSignUpID

Follow Andrea Bocelli: 
Instagram: https://www.instagram.com/andreabocelliofficial
Facebook: https://www.facebook.com/andreabocelli/YouTube
YouTube: https://www.youtube.com/channel/UCb4JB8-ZAeceuR7EPCPOPzg
TikTok:  https://www.tiktok.com/@andreabocelliof?lang=en
X: https://x.com/AndreaBocelliWebsite
Website: https://www.andreabocelli.com/

#AndreaBocelli",2015-10-23 02:00:00+00:00,392,18689613,69462,1971,False,PT4M14S,254,sd,false,True,andrea bocelli|andrea bocelli live|Pero Te Extrano,10,en-US,none,2015,3974,False,False,4.233333333333333,0.0037166098623871986,0.00010545964755931544,4702.972571716155
wC8-gb9ISag,Andrea Bocelli - Roma Nun Fa' La Stupida Stasera (Live From Portrofino / 2012),"Andrea Bocelli - Roma Nun Fa' La Stupida Stasera - (Live From Portrofino / 2012)
Stream Andrea Bocelli: https://AndreaBocelli.lnk.to/streamID
Subscribe to Andrea Bocelli’s YouTube channel & ring the bell to never miss a new video: https://AndreaBocelli.lnk.to/YTSignUpID

Sign up for Andrea Bocelli’s Email List: https://AndreaBocelli.lnk.to/MailingListSignUpID

Follow Andrea Bocelli: 
Instagram: https://www.instagram.com/andreabocelliofficial
Facebook: https://www.facebook.com/andreabocelli/YouTube
YouTube: https://www.youtube.com/channel/UCb4JB8-ZAeceuR7EPCPOPzg
TikTok:  https://www.tiktok.com/@andreabocelliof?lang=en
X: https://x.com/AndreaBocelliWebsite
Website: https://www.andreabocelli.com/

#AndreaBocelli

Music video by Andrea Bocelli performing Roma Nun Fa' La Stupida Stasera. (C) 2013 Sugar Srl, under exclusive license to Universal International Music B.V.
http://vevo.ly/9YScUN",2015-10-23 02:00:00+00:00,393,5188966,10665,310,False,PT4M57S,297,hd,false,True,Andrea|Bocelli|Roma|Nun|Fa'|Stupida|Stasera|Universal|Music|Pop|Lando Fiorini|Andrea Bocelli Live,10,en-US,none,2015,3974,False,False,4.95,0.00205532277528895,5.974215286822076e-05,1305.7287367891292
wU4LoJCqI5M,"Andrea Bocelli - Medley - Live From Teatro Del Silenzio, Italy / 2007",Music video by Andrea Bocelli performing Medley (Live).© 2007 Sugar s.r.l.,2015-10-23 02:00:00+00:00,394,7490357,19568,491,False,PT6M35S,395,hd,false,True,Andrea|Bocelli|Medley|Universal|Music|Pop,10,en-US,none,2015,3974,False,False,6.583333333333333,0.002612425549276223,6.555094770516278e-05,1884.8407146451937
zG0kvc2p-h0,"Andrea Bocelli - Lamento Di Federico (Live From Piazza Dei Cavalieri, Italy / 1997)","Music video by Andrea Bocelli performing Lamento di federico (Live).© 2015 Sugar s.r.l., under exclusive license to Universal International Music B.V., a Universal Music Group company",2015-10-23 02:00:00+00:00,395,164935,1259,79,False,PT4M56S,296,sd,false,True,Andrea|Bocelli|Lamento|Federico|Universal|Music|Classical|(Live|From|Piazza|Dei|Cavalieri|Italy|1997),10,en-US,none,2015,3974,False,False,4.933333333333334,0.007633310091854367,0.0004789765665262073,41.503522898842476
zMaRUWBl29A,"Andrea Bocelli, David Foster - Nel Biu Dipinto Di Blu (Live From Central Park, USA / 2011)","Andrea Bocelli, David Foster - Nel Biu Dipinto Di Blu (Live From Central Park, USA / 2011)

Subscribe to Andrea Bocelli’s YouTube channel & ring the bell to never miss a new video: https://AndreaBocelli.lnk.to/YTSignUpID

Sign up for Andrea Bocelli’s Email List: https://AndreaBocelli.lnk.to/MailingListSignUpID

Follow Andrea Bocelli: 
Instagram: https://www.instagram.com/andreabocelliofficial
Facebook: https://www.facebook.com/andreabocelli/YouTube
YouTube: https://www.youtube.com/channel/UCb4JB8-ZAeceuR7EPCPOPzg
TikTok:  https://www.tiktok.com/@andreabocelliof?lang=en
X: https://x.com/AndreaBocelliWebsite
Website: https://www.andreabocelli.com/
#AndreaBocelli #Bocelli #David Foster #NelBiuDipintoDiBlu #LiveFromCentralPark

Music video by Andrea Bocelli, David Foster performing Nel Biu Dipinto Di Blu. (C) 2011 Sugar Srl, Under exclusive licence to Universal International Music B.V.

Watch the Music for Hope full event here: https://andreabocelli.lnk.to/LiveFromDuomoID
Listen to the Music for Hope full event here: https://andreabocelli.lnk.to/MusicForHope1ID

http://vevo.ly/bsHcbJ",2015-10-23 02:00:00+00:00,396,901590,7742,146,False,PT3M56S,236,hd,false,True,Andrea|Bocelli|David|Foster|Nel|Biu|Dipinto|Blu|Universal|Music|Classical|Andrea Bocelli|David Foster Nel Biu Dipinto Di Blu (Live From Central Park|USA 2011)|David Foster|Nel Biu Dipinto Di Blu|live,10,en-US,none,2015,3974,False,False,3.933333333333333,0.008587051764105636,0.00016193613505030002,226.87216909914443
zw2UrKdeARs,"Andrea Bocelli - A Te (Live From Teatro Del Silenzio, Italy / 2007) ft. Kenny G","Music video by Andrea Bocelli performing A Te. (C) 2007 Sugar Srl

Subscribe to Andrea Bocelli’s YouTube channel & ring the bell to never miss a new video: https://AndreaBocelli.lnk.to/YTSignUpID

Sign up for Andrea Bocelli’s Email List: https://AndreaBocelli.lnk.to/MailingListSignUpID

Follow Andrea Bocelli: 
Instagram: https://www.instagram.com/andreabocelliofficial
Facebook: https://www.facebook.com/andreabocelli/YouTube
YouTube: https://www.youtube.com/channel/UCb4JB8-ZAeceuR7EPCPOPzg
TikTok:  https://www.tiktok.com/@andreabocelliof?lang=en
X: https://x.com/AndreaBocelliWebsite
Website: https://www.andreabocelli.com/
#AndreaBocelli #Bocelli #Kenny G #ATe #Teatro Del Silenzio

Watch the Music for Hope full event here: https://andreabocelli.lnk.to/LiveFromDuomoID
Listen to the Music for Hope full event here: https://andreabocelli.lnk.to/MusicForHope1ID

http://vevo.ly/9BaMAR",2015-10-23 02:00:00+00:00,397,3119353,12751,331,False,PT5M1S,301,hd,false,True,Andrea|Bocelli|Universal|Music|Pop|Kenny|(Live|From|Teatro|Del|Silenzio|Italy|2007),10,en-US,none,2015,3974,False,False,5.016666666666667,0.004087706649423775,0.0001061117481734193,784.9403623553095
8gsIeaawhUA,"Ave Maria (Live From Basilica Di Santa Maria Sopra Minerva, Italy / 1999)","Music video by Andrea Bocelli, Orchestra dell'Accademia Nazionale di Santa Cecilia, Myung-Whun Chung performing Ave Maria (Live).© 1999 Sugar s.r.l.",2015-10-22 23:00:01+00:00,398,210633,2306,100,False,PT3M48S,228,sd,false,True,Andrea|Bocelli|Ave|Maria|Universal|Music|Classical|Orchestra|dell'Accademia|Nazionale|Santa|Cecilia|Myung-Whun|Chung|(Live|From|Basilica|Sopra|Minerva|Italy|1999),10,en-US,none,2015,3974,False,False,3.8,0.010947952125260525,0.0004747594156661112,53.00276799194766
zWbPwNCreRE,Andrea Bocelli - La Mia Via / My Way (Live From Portofino / 2012),"Andrea Bocelli - La Mia Via / My Way (Live From Portofino / 2012)
Stream Andrea Bocelli: https://AndreaBocelli.lnk.to/streamID
Subscribe to Andrea Bocelli’s YouTube channel & ring the bell to never miss a new video: https://AndreaBocelli.lnk.to/YTSignUpID

Sign up for Andrea Bocelli’s Email List: https://AndreaBocelli.lnk.to/MailingListSignUpID

Follow Andrea Bocelli: 
Instagram: https://www.instagram.com/andreabocelliofficial
Facebook: https://www.facebook.com/andreabocelli/YouTube
YouTube: https://www.youtube.com/channel/UCb4JB8-ZAeceuR7EPCPOPzg
TikTok:  https://www.tiktok.com/@andreabocelliof?lang=en
X: https://x.com/AndreaBocelliWebsite
Website: https://www.andreabocelli.com/

#AndreaBocelli #Bocelli

Music video by Andrea Bocelli performing La Mia Via. (C) 2012 Sugar Srl, under exclusive license to Universal International Music B.V.
http://vevo.ly/XSGltd",2015-10-22 23:00:01+00:00,399,7279566,32396,889,False,PT6M3S,363,hd,false,True,Andrea|Bocelli|Mia|Via|Universal|Music|Pop,10,en-US,none,2015,3974,False,False,6.05,0.004450265304277755,0.00012212266500502913,1831.7981882234524
J1needAV_NQ,Andrea Bocelli - Con Te Partirò (Romanza) / Time To Say Goodbye (Official Music Video),"Andrea Bocelli - Con Te Partirò / Time To Say Goodbye (Official Music Video)
Stream Andrea Bocelli: https://AndreaBocelli.lnk.to/streamID
Subscribe to Andrea Bocelli’s YouTube channel & ring the bell to never miss a new video: https://AndreaBocelli.lnk.to/YTSignUpID

Sign up for Andrea Bocelli’s Email List: https://AndreaBocelli.lnk.to/MailingListSignUpID

Follow Andrea Bocelli: 
Instagram: https://www.instagram.com/andreabocelliofficial
Facebook: https://www.facebook.com/andreabocelli/YouTube
YouTube: https://www.youtube.com/channel/UCb4JB8-ZAeceuR7EPCPOPzg
TikTok:  https://www.tiktok.com/@andreabocelliof?lang=en
X: https://x.com/AndreaBocelliWebsite
Website: https://www.andreabocelli.com/

#AndreaBocelli #Bocelli #ConTePartiro #TimeToSayGoodbye

Music video by Andrea Bocelli performing Con Te Partiro (Romanza). (C) 2015 Sugar Srl
http://vevo.ly/y3Ky2Y",2015-10-22 23:00:00+00:00,400,5951563,69190,2161,False,PT4M10S,250,sd,false,True,Andrea|Bocelli|Con|Partiro|(Romanza)|Universal|Music|Classical|andrea bocelli live|time to say goodbye|andrea bocelli time to say goodbye|Con Te Partirò|andrea bocelli Con Te Partirò,10,en-US,none,2015,3974,False,False,4.166666666666667,0.011625517532117194,0.0003630978954604026,1497.6253145445396
Km8KfPVaFk0,"Hallelujah (Live From Basilica Di Santa Maria Sopra Minerva, Italy / 1999)","Music video by Andrea Bocelli, Orchestra dell'Accademia Nazionale di Santa Cecilia, Myung-Whun Chung performing Hallelujah (Live).© 1999 Sugar s.r.l.",2015-10-22 23:00:00+00:00,401,54271,544,19,False,PT3M27S,207,sd,false,True,Andrea|Bocelli|Hallelujah|Universal|Music|Classical|Christmas|Christmas Music|Christmas Songs|Xmas|Xmas Music|Xmas Songs|Top Christmas songs|Christmas Classics|Winter|Santa|Rudolph|Holly|Snow|Noel|Navidad|December|Holiday Music|Festive|Orchestra dell'Accademia Nazionale di Santa Cecilia|Myung-Whun Chung|(Live From Basilica Di Santa Maria Sopra Minerva,10,en-US,none,2015,3974,False,False,3.45,0.01002376960070756,0.0003500948941423596,13.656517362858581
Rs4oRY30ymw,"Ingemisco (Live From Basilica Di Santa Maria Sopra Minerva, Italy / 1999)","Music video by Andrea Bocelli, Orchestra dell'Accademia Nazionale di Santa Cecilia, Myung-Whun Chung performing Ingemisco (Live).© 1999 Sugar s.r.l.",2015-10-22 23:00:00+00:00,402,40883,370,20,False,PT4M20S,260,sd,false,True,Andrea|Bocelli|Ingemisco|Universal|Music|Classical|Orchestra|dell'Accademia|Nazionale|Santa|Cecilia|Myung-Whun|Chung|(Live|From|Basilica|Maria|Sopra|Minerva|Italy|1999),10,en-US,none,2015,3974,False,False,4.333333333333333,0.009050216471393977,0.0004892008903456204,10.287619526925013
ZlSwX12W3Zk,"Amen (Live From Basilica Di Santa Maria Sopra Minerva, Italy / 1999)","Music video by Andrea Bocelli, Orchestra dell'Accademia Nazionale di Santa Cecilia, Myung-Whun Chung performing Amen (Live).© 1999 Sugar s.r.l.",2015-10-22 23:00:00+00:00,403,34941,283,15,False,PT6M13S,373,sd,false,True,Andrea|Bocelli|Amen|Universal|Music|Classical|Orchestra|dell'Accademia|Nazionale|Santa|Cecilia|Myung-Whun|Chung|(Live|From|Basilica|Maria|Sopra|Minerva|Italy|1999),10,en-US,none,2015,3974,False,False,6.216666666666667,0.00809936750522309,0.0004292950974499871,8.792400603925516
bkgahyXMaJw,"Andrea Bocelli - Melodramma (Live From Castagneto Carducci, Italy / 2001)","Music video by Andrea Bocelli performing Melodramma. (C) 2001 Sugar Srl

Subscribe to Andrea Bocelli’s YouTube channel & ring the bell to never miss a new video: https://AndreaBocelli.lnk.to/YTSignUpID

Sign up for Andrea Bocelli’s Email List: https://AndreaBocelli.lnk.to/MailingListSignUpID

Follow Andrea Bocelli: 
Instagram: https://www.instagram.com/andreabocelliofficial
Facebook: https://www.facebook.com/andreabocelli/YouTube
YouTube: https://www.youtube.com/channel/UCb4JB8-ZAeceuR7EPCPOPzg
TikTok:  https://www.tiktok.com/@andreabocelliof?lang=en
X: https://x.com/AndreaBocelliWebsite
Website: https://www.andreabocelli.com/
#AndreaBocelli #Bocelli #Melodrammaa

Watch the Music for Hope full event here: https://andreabocelli.lnk.to/LiveFromDuomoID
Listen to the Music for Hope full event here: https://andreabocelli.lnk.to/MusicForHope1ID

http://vevo.ly/vAtmWW",2015-10-22 23:00:00+00:00,404,229060,2560,93,False,PT6M31S,391,sd,false,True,Andrea|Bocelli|Melodramma|Polydor|Pop|andrea bocelli|classical pop|classical|opera,10,en-US,none,2015,3974,False,False,6.516666666666667,0.011176111062603685,0.0004060071596961495,57.63965777554102
dE-6srTZw3k,Andrea Bocelli - Canto De La Tierra,"Music video by Andrea Bocelli performing Canto de la tierra (Live).© 2015 Sugar s.r.l., under exclusive license to Universal International Music B.V., a Universal Music Group company",2015-10-22 23:00:00+00:00,405,509086,6078,283,False,PT4M10S,250,sd,false,True,Andrea|Bocelli|Canto|Tierra|Universal|Music|Classical,10,en-US,none,2015,3974,False,False,4.166666666666667,0.011939043697921373,0.0005558982175899554,128.10417715148466
eTicGdszENQ,"Cujus Animam (Live From Basilica Di Santa Maria Sopra Minerva, Italy / 1999)","Music video by Andrea Bocelli, Orchestra dell'Accademia Nazionale di Santa Cecilia, Myung-Whun Chung performing Cujus Animam (Live).© 1999 Sugar s.r.l.",2015-10-22 23:00:00+00:00,406,125577,855,48,False,PT5M49S,349,sd,false,True,Andrea|Bocelli|Cujus|Animam|Universal|Music|Classical|Orchestra|dell'Accademia|Nazionale|Santa|Cecilia|Myung-Whun|Chung|(Live|From|Basilica|Maria|Sopra|Minerva|Italy|1999),10,en-US,none,2015,3974,False,False,5.816666666666666,0.0068085716333405,0.00038223560046823864,31.599647710115754
fCyHA5G3YZI,Andrea Bocelli - Con Te Partiro' (Bocelli) - Live / 1995,Music video by Andrea Bocelli performing Con Te Partiro (Live).© 2015 Sugar s.r.l.,2015-10-22 23:00:00+00:00,407,1130979,4196,122,False,PT4M2S,242,sd,false,True,Andrea|Bocelli|Con|Partiro'|(Bocelli)|Universal|Music|Classical,10,en-US,none,2015,3974,False,False,4.033333333333333,0.0037100600453235646,0.00010787114526441252,284.59461499748363
hLiyP8NQ2DA,Andrea Bocelli - Mascagni,"Andrea Bocelli - Mascagni

Subscribe to Andrea Bocelli’s YouTube channel & ring the bell to never miss a new video: https://AndreaBocelli.lnk.to/YTSignUpID

Sign up for Andrea Bocelli’s Email List: https://AndreaBocelli.lnk.to/MailingListSignUpID

Follow Andrea Bocelli: 
Instagram: https://www.instagram.com/andreabocelliofficial
Facebook: https://www.facebook.com/andreabocelli/YouTube
YouTube: https://www.youtube.com/channel/UCb4JB8-ZAeceuR7EPCPOPzg
TikTok:  https://www.tiktok.com/@andreabocelliof?lang=en
X: https://x.com/AndreaBocelliWebsite
Website: https://www.andreabocelli.com/
#AndreaBocelli #Bocelli #Mascagni

Music video by Andrea Bocelli performing Mascagni. (C) 2015 Sugar Srl, under exclusive license to Universal International Music B.V., a Universal Music Group company

Watch the Music for Hope full event here: https://andreabocelli.lnk.to/LiveFromDuomoID
Listen to the Music for Hope full event here: https://andreabocelli.lnk.to/MusicForHope1ID

http://vevo.ly/A47t6i",2015-10-22 23:00:00+00:00,408,233055,2303,111,False,PT3M31S,211,sd,false,True,Andrea|Bocelli|Mascagni|Universal|Music|Classical|Andrea Bocelli Mascagni|Andrea Bocelli|classical pop|flute,10,en-US,none,2015,3974,False,False,3.5166666666666666,0.009881787560876189,0.00047628242260410635,58.64494212380473
6jFz2wnsikM,"Gloria A Te, Cristo Gesu (Live From Basilica Di Santa Maria Sopra Minerva, Italy /1999)","Andrea Bocelli - Gloria A Te, Cristo Gesu (Live From Basilica Di Santa Maria Sopra Minerva, Italy/1999)

Subscribe to Andrea Bocelli’s YouTube channel & ring the bell to never miss a new video: https://AndreaBocelli.lnk.to/YTSignUpID

Sign up for Andrea Bocelli’s Email List: https://AndreaBocelli.lnk.to/MailingListSignUpID

Follow Andrea Bocelli: 
Instagram: https://www.instagram.com/andreabocelliofficial
Facebook: https://www.facebook.com/andreabocelli/YouTube
YouTube: https://www.youtube.com/channel/UCb4JB8-ZAeceuR7EPCPOPzg
TikTok:  https://www.tiktok.com/@andreabocelliof?lang=en
X: https://x.com/AndreaBocelliWebsite
Website: https://www.andreabocelli.com/
#AndreaBocelli #Bocelli 


Music video by Andrea Bocelli performing Gloria A Te, Cristo Gesu. (C) 1999 Sugarmusic Lucitana Lda.

Watch the Music for Hope full event here: https://andreabocelli.lnk.to/LiveFromDuomoID
Listen to the Music for Hope full event here: https://andreabocelli.lnk.to/MusicForHope1ID

http://vevo.ly/3KS0P1",2015-10-22 22:00:01+00:00,409,445996,3893,138,False,PT4M23S,263,sd,false,True,Andrea|Bocelli|Gloria|Cristo|Gesu|Universal|Music|Classical|Gloria Te|Cristo Gesu|Andrea Bocelli Gloria Te|Cristo Gesu (Live From Basilica Di Santa Maria Sopra Minerva|Italy /1999)|Live From Basilica Di Santa Maria Sopra Minerva|live|opera|classical pop,10,en-US,none,2015,3974,False,False,4.383333333333334,0.008728777836572525,0.0003094198154243536,112.22848515349773
gGaKSDGgtEs,Andrea Bocelli - Love In Portofino: Making Of,"Andrea Bocelli - Love In Portofino: Making Of 

Subscribe to Andrea Bocelli’s YouTube channel & ring the bell to never miss a new video: https://AndreaBocelli.lnk.to/YTSignUpID

Sign up for Andrea Bocelli’s Email List: https://AndreaBocelli.lnk.to/MailingListSignUpID

Follow Andrea Bocelli: 
Instagram: https://www.instagram.com/andreabocelliofficial
Facebook: https://www.facebook.com/andreabocelli/YouTube
YouTube: https://www.youtube.com/channel/UCb4JB8-ZAeceuR7EPCPOPzg
TikTok:  https://www.tiktok.com/@andreabocelliof?lang=en
X: https://x.com/AndreaBocelliWebsite
Website: https://www.andreabocelli.com/
#AndreaBocelli #Bocelli #LoveInPortofino #MakingOf #BehindTheScenes

Music video by Andrea Bocelli performing Love In Portofino: Making Of. (C) 2015 Sugar Srl, under exclusive license to Universal International Music B.V., a Universal Music Group company

Watch the Music for Hope full event here: https://andreabocelli.lnk.to/LiveFromDuomoID
Listen to the Music for Hope full event here: https://andreabocelli.lnk.to/MusicForHope1ID

http://vevo.ly/135bbR",2015-10-22 22:00:00+00:00,410,1120064,4968,158,False,PT14M49S,889,hd,false,True,Andrea|Bocelli|Love|Portofino:|Making|Universal|Music|Classical|Love In Portofino|Making Of|Behind The Scenes,10,en-US,none,2015,3974,False,False,14.816666666666666,0.004435460830809668,0.00014106336780755386,281.8480120785103
dYXLaZ97p4Y,Andrea Bocelli - An Introduction to Cinema - By My Love (from The Toast Of New Orleans),"Discover the songs from Andrea Bocelli's album, Cinema, featuring By My Love from The Toast Of New Orleans. Listen to the album sampler: https://www.youtube.com/watch?v=WLm9ryGCLVk

Living legend Andrea Bocelli gives his unique voice to some of the best loved music from the movies ever composed. Released on October 23rd the album features themes from Doctor Zhivago, The Godfather, Gladiator, Breakfast at Tiffany's and many more, as well as popular songs from stage musicals, immortalised by their film versions, such as west side story and Evita.

Subscribe to Andrea's YouTube:
https://www.youtube.com/c/AndreaBocelli?sub_confirmation=1
Listen to the Essentials playlist: https://andreabocelli.lnk.to/EssentialsID

Follow Andrea:
Facebook: https://www.facebook.com/AndreaBocelli
Instagram: https://www.instagram.com/AndreaBocelli
Twitter: https://twitter.com/AndreaBocelli
YouTube: https://www.youtube.com/AndreaBocelli
TikTok: https://www.tiktok.com/@andreabocelliof

#AndreaBocelli #Bocelli #Cinema",2015-10-22 14:41:32+00:00,411,11303,88,6,False,PT1M20S,80,hd,false,False,andrea|bocelli|gladiator|nelle|tue|mani|now|cinema|film|theatre|opera|tenor|voice|angel|free|be|my|love,10,en,none,2015,3974,False,False,1.3333333333333333,0.007785543660974962,0.000530832522339202,2.8442375440362357
I1HS40mLzRU,Andrea Bocelli - An Introduction to Cinema - Brucia La Terra (from The Godfather),"Discover the songs from Andrea Bocelli's album, Cinema, featuring Brucia La Terra from The Godfather. Listen to the album sampler: https://www.youtube.com/watch?v=WLm9ryGCLVk

Living legend Andrea Bocelli gives his unique voice to some of the best loved music from the movies ever composed. Released on October 23rd the album features themes from Doctor Zhivago, The Godfather, Gladiator, Breakfast at Tiffany's and many more, as well as popular songs from stage musicals, immortalised by their film versions, such as west side story and Evita.

Subscribe to Andrea's YouTube:
https://www.youtube.com/c/AndreaBocelli?sub_confirmation=1
Listen to the Essentials playlist: https://andreabocelli.lnk.to/EssentialsID

Follow Andrea:
Facebook: https://www.facebook.com/AndreaBocelli
Instagram: https://www.instagram.com/AndreaBocelli
Twitter: https://twitter.com/AndreaBocelli
YouTube: https://www.youtube.com/AndreaBocelli
TikTok: https://www.tiktok.com/@andreabocelliof

#AndreaBocelli #Bocelli #NicoleScherzinger #Cinema",2015-10-22 14:41:31+00:00,412,14434,108,3,False,PT1M31S,91,hd,false,False,andrea|bocelli|gladiator|nelle|tue|mani|now|cinema|film|theatre|opera|tenor|voice|angel|free|brucia|terra|godfather,10,en,none,2015,3974,False,False,1.5166666666666666,0.007482333379520576,0.00020784259387557157,3.6321087065928537
M1lsA8-fpek,Andrea Bocelli - An Introduction to Cinema - Ol' Man River (from Show Boat),"Discover the songs from Andrea Bocelli's album, Cinema, featuring Ol' Man River from Show Boat. Listen to the album sampler: https://www.youtube.com/watch?v=WLm9ryGCLVk

Living legend Andrea Bocelli gives his unique voice to some of the best loved music from the movies ever composed. Released on October 23rd the album features themes from Doctor Zhivago, The Godfather, Gladiator, Breakfast at Tiffany's and many more, as well as popular songs from stage musicals, immortalised by their film versions, such as west side story and Evita.

Subscribe to Andrea's YouTube:
https://www.youtube.com/c/AndreaBocelli?sub_confirmation=1
Listen to the Essentials playlist: https://andreabocelli.lnk.to/EssentialsID

Follow Andrea:
Facebook: https://www.facebook.com/AndreaBocelli
Instagram: https://www.instagram.com/AndreaBocelli
Twitter: https://twitter.com/AndreaBocelli
YouTube: https://www.youtube.com/AndreaBocelli
TikTok: https://www.tiktok.com/@andreabocelliof

#AndreaBocelli #Bocelli #Cinema",2015-10-22 14:41:31+00:00,413,8298,53,7,False,PT1M37S,97,hd,false,False,andrea|bocelli|gladiator|nelle|tue|mani|now|cinema|film|theatre|opera|tenor|voice|angel|free|man|river|show|boat,10,en,none,2015,3974,False,False,1.6166666666666667,0.00638708122439142,0.0008435767654856592,2.0880724710619023
SC6NUvjla38,Andrea Bocelli - An Introduction to Cinema - Cheek To Cheek (Duet with Veronica Berti),"Discover the songs from Andrea Bocelli's album, Cinema, featuring Cheek To Cheek with Veronica Berti. Listen to the album sampler: https://www.youtube.com/watch?v=WLm9ryGCLVk

Living legend Andrea Bocelli gives his unique voice to some of the best loved music from the movies ever composed. Released on October 23rd the album features themes from Doctor Zhivago, The Godfather, Gladiator, Breakfast at Tiffany's and many more, as well as popular songs from stage musicals, immortalised by their film versions, such as west side story and Evita.

Subscribe to Andrea's YouTube:
https://www.youtube.com/c/AndreaBocelli?sub_confirmation=1
Listen to the Essentials playlist: https://andreabocelli.lnk.to/EssentialsID

Follow Andrea:
Facebook: https://www.facebook.com/AndreaBocelli
Instagram: https://www.instagram.com/AndreaBocelli
Twitter: https://twitter.com/AndreaBocelli
YouTube: https://www.youtube.com/AndreaBocelli
TikTok: https://www.tiktok.com/@andreabocelliof

#AndreaBocelli #Bocelli #ArianaGrande #Cinema",2015-10-22 14:41:31+00:00,414,20712,153,10,False,PT1M59S,119,hd,false,False,andrea|bocelli|gladiator|nelle|tue|mani|now|cinema|film|theatre|opera|tenor|voice|angel|free|cheek|veronica|berti,10,en,none,2015,3974,False,False,1.9833333333333334,0.00738702201622248,0.0004828118964851294,5.2118772018117765
gRTfLXrd0X8,Andrea Bocelli - An Introduction to Cinema - Historia De Amor (from Love Story),"Discover the songs from Andrea Bocelli's album, Cinema, featuring Historia De Amor from Love Story. Listen to the album sampler: https://www.youtube.com/watch?v=WLm9ryGCLVk

Living legend Andrea Bocelli gives his unique voice to some of the best loved music from the movies ever composed. Released on October 23rd the album features themes from Doctor Zhivago, The Godfather, Gladiator, Breakfast at Tiffany's and many more, as well as popular songs from stage musicals, immortalised by their film versions, such as west side story and Evita.

Subscribe to Andrea's YouTube:
https://www.youtube.com/c/AndreaBocelli?sub_confirmation=1
Listen to the Essentials playlist: https://andreabocelli.lnk.to/EssentialsID

Follow Andrea:
Facebook: https://www.facebook.com/AndreaBocelli
Instagram: https://www.instagram.com/AndreaBocelli
Twitter: https://twitter.com/AndreaBocelli
YouTube: https://www.youtube.com/AndreaBocelli
TikTok: https://www.tiktok.com/@andreabocelliof

#AndreaBocelli #Bocelli #NicoleScherzinger #Cinema",2015-10-22 14:41:31+00:00,415,11583,44,2,False,PT1M42S,102,hd,false,False,andrea|bocelli|gladiator|nelle|tue|mani|now|cinema|film|theatre|opera|tenor|voice|angel|free|historia|amor|love|story,10,en,none,2015,3974,False,False,1.7,0.003798670465337132,0.000172666839333506,2.9146955208857572
j-CwWJGVRtY,Andrea Bocelli - An Introduction To Cinema - No Llores Por Mì Argentina (Duet w/ Nicole Scherzinger),"Discover the songs from Andrea Bocelli's album, Cinema, featuring No Llores Por Mì Argentina with Nicole Scherzinger. Listen to the album sampler: https://www.youtube.com/watch?v=WLm9ryGCLVk

Living legend Andrea Bocelli gives his unique voice to some of the best loved music from the movies ever composed. Released on October 23rd the album features themes from Doctor Zhivago, The Godfather, Gladiator, Breakfast at Tiffany's and many more, as well as popular songs from stage musicals, immortalised by their film versions, such as west side story and Evita.

Subscribe to Andrea's YouTube:
https://www.youtube.com/c/AndreaBocelli?sub_confirmation=1
Listen to the Essentials playlist: https://andreabocelli.lnk.to/EssentialsID

Follow Andrea:
Facebook: https://www.facebook.com/AndreaBocelli
Instagram: https://www.instagram.com/AndreaBocelli
Twitter: https://twitter.com/AndreaBocelli
YouTube: https://www.youtube.com/AndreaBocelli
TikTok: https://www.tiktok.com/@andreabocelliof

#AndreaBocelli #Bocelli #NicoleScherzinger #Cinema",2015-10-22 14:41:31+00:00,416,16419,79,3,False,PT1M19S,79,hd,false,False,andrea|bocelli|gladiator|nelle|tue|mani|now|cinema|film|theatre|opera|tenor|voice|angel|free|llores|argentina|don't|cry|nicole|scherzinger,10,en,none,2015,3974,False,False,1.3166666666666667,0.004811498873256593,0.0001827151470856934,4.131605435329643
qg9qXNa9fms,Andrea Bocelli - An Introduction to Cinema - Moon River (from Breakfast At Tiffany's),"Discover the songs from Andrea Bocelli's album, Cinema, featuring Moon River from Breakfast At Tiffany's. Listen to the album sampler: https://www.youtube.com/watch?v=WLm9ryGCLVk

Living legend Andrea Bocelli gives his unique voice to some of the best loved music from the movies ever composed. Released on October 23rd the album features themes from Doctor Zhivago, The Godfather, Gladiator, Breakfast at Tiffany's and many more, as well as popular songs from stage musicals, immortalised by their film versions, such as west side story and Evita.

Subscribe to Andrea's YouTube:
https://www.youtube.com/c/AndreaBocelli?sub_confirmation=1
Listen to the Essentials playlist: https://andreabocelli.lnk.to/EssentialsID

Follow Andrea:
Facebook: https://www.facebook.com/AndreaBocelli
Instagram: https://www.instagram.com/AndreaBocelli
Twitter: https://twitter.com/AndreaBocelli
YouTube: https://www.youtube.com/AndreaBocelli
TikTok: https://www.tiktok.com/@andreabocelliof

#AndreaBocelli #Bocelli #NicoleScherzinger #Cinema",2015-10-22 14:41:31+00:00,417,10662,72,3,False,PT1M52S,112,hd,false,False,andrea|bocelli|gladiator|nelle|tue|mani|now|cinema|film|theatre|opera|tenor|voice|angel|free|moon|river|breakfast|tiffanys,10,en,none,2015,3974,False,False,1.8666666666666667,0.006752954417557681,0.0002813731007315701,2.6829391041771515
YObsnDtQgmo,Andrea Bocelli - An Introduction to Cinema - Por Una Cabeza (from Scent Of A Woman),"Discover the songs from Andrea Bocelli's album, Cinema, featuring Por Una Cabeza (from Scent Of A Woman). Listen to the album sampler: https://www.youtube.com/watch?v=WLm9ryGCLVk

Living legend Andrea Bocelli gives his unique voice to some of the best loved music from the movies ever composed. Released on October 23rd the album features themes from Doctor Zhivago, The Godfather, Gladiator, Breakfast at Tiffany's and many more, as well as popular songs from stage musicals, immortalised by their film versions, such as west side story and Evita.

Subscribe to Andrea's YouTube:
https://www.youtube.com/c/AndreaBocelli?sub_confirmation=1
Listen to the Essentials playlist: https://andreabocelli.lnk.to/EssentialsID

Follow Andrea:
Facebook: https://www.facebook.com/AndreaBocelli
Instagram: https://www.instagram.com/AndreaBocelli
Twitter: https://twitter.com/AndreaBocelli
YouTube: https://www.youtube.com/AndreaBocelli
TikTok: https://www.tiktok.com/@andreabocelliof

#AndreaBocelli #Bocelli #Cinema",2015-10-22 14:41:30+00:00,418,43507,155,5,False,PT1M27S,87,hd,false,False,andrea|bocelli|gladiator|nelle|tue|mani|now|cinema|film|theatre|opera|tenor|voice|angel|free|por|una|cabeza|scent|woman,10,en,none,2015,3974,False,False,1.45,0.003562645091594456,0.00011492403521272439,10.947911424257676
tu2pArIU-JU,Andrea Bocelli - An Introduction to Cinema - Music Of The Night (from Phantom Of The Opera),"Discover the songs from Andrea Bocelli's album, Cinema, featuring Music Of The Night from Phantom Of The Opera. Listen to the album sampler: https://www.youtube.com/watch?v=WLm9ryGCLVk

Living legend Andrea Bocelli gives his unique voice to some of the best loved music from the movies ever composed. Released on October 23rd the album features themes from Doctor Zhivago, The Godfather, Gladiator, Breakfast at Tiffany's and many more, as well as popular songs from stage musicals, immortalised by their film versions, such as west side story and Evita.

Subscribe to Andrea's YouTube:
https://www.youtube.com/c/AndreaBocelli?sub_confirmation=1
Listen to the Essentials playlist: https://andreabocelli.lnk.to/EssentialsID

Follow Andrea:
Facebook: https://www.facebook.com/AndreaBocelli
Instagram: https://www.instagram.com/AndreaBocelli
Twitter: https://twitter.com/AndreaBocelli
YouTube: https://www.youtube.com/AndreaBocelli
TikTok: https://www.tiktok.com/@andreabocelliof

#AndreaBocelli #Bocelli #Cinema",2015-10-22 14:41:30+00:00,419,9897,60,3,False,PT1M39S,99,hd,false,False,andrea|bocelli|gladiator|nelle|tue|mani|now|cinema|film|theatre|opera|tenor|voice|angel|free|music|night|phantom|lloyd|andrew|webber,10,en,none,2015,3974,False,False,1.65,0.006062443164595332,0.0003031221582297666,2.4904378459989935
zApVj1-B3Ek,Andrea Bocelli - An Introduction to Cinema - Maria (from West Side Story),"Discover the songs from Andrea Bocelli's album, Cinema, featuring Maria from West Side Story. Listen to the album sampler: https://www.youtube.com/watch?v=WLm9ryGCLVk

Living legend Andrea Bocelli gives his unique voice to some of the best loved music from the movies ever composed. Released on October 23rd the album features themes from Doctor Zhivago, The Godfather, Gladiator, Breakfast at Tiffany's and many more, as well as popular songs from stage musicals, immortalised by their film versions, such as west side story and Evita.

Subscribe to Andrea's YouTube:
https://www.youtube.com/c/AndreaBocelli?sub_confirmation=1
Listen to the Essentials playlist: https://andreabocelli.lnk.to/EssentialsID

Follow Andrea:
Facebook: https://www.facebook.com/AndreaBocelli
Instagram: https://www.instagram.com/AndreaBocelli
Twitter: https://twitter.com/AndreaBocelli
YouTube: https://www.youtube.com/AndreaBocelli
TikTok: https://www.tiktok.com/@andreabocelliof

#AndreaBocelli #Bocelli #NicoleScherzinger #Cinema",2015-10-22 14:41:30+00:00,420,14143,78,2,False,PT1M39S,99,hd,false,False,andrea|bocelli|gladiator|nelle|tue|mani|now|cinema|film|theatre|opera|tenor|voice|angel|free|maria|west|side|story|leonard|bernstein,10,en,none,2015,3974,False,False,1.65,0.00551509580711306,0.00014141271300289896,3.5588827377956718
Z8SYtmvEI9U,"Andrea Bocelli, Ariana Grande - E Più Ti Penso (Official Music Video)","Andrea Bocelli & Arianna Grande - E Più Ti Penso

Andrea Bocelli ‘Duets’ 30th Anniversary, 30 years of bringing people together.
The definitive collection of ‘Duets’ is released Friday 25th October.
Pre-Order 'Duets' here: https://AndreaBocelli.lnk.to/DuetsID

Stream Andrea Bocelli: https://AndreaBocelli.lnk.to/streamID
Subscribe to Andrea Bocelli’s YouTube channel & ring the bell to never miss a new video: https://AndreaBocelli.lnk.to/YTSignUpID

Sign up for Andrea Bocelli’s Email List: https://AndreaBocelli.lnk.to/MailingListSignUpID

Follow Andrea Bocelli: 
Instagram: https://www.instagram.com/andreabocelliofficial
Facebook: https://www.facebook.com/andreabocelli/YouTube
YouTube: https://www.youtube.com/channel/UCb4JB8-ZAeceuR7EPCPOPzg
TikTok:  https://www.tiktok.com/@andreabocelliof?lang=en
X: https://x.com/AndreaBocelliWebsite
Website: https://www.andreabocelli.com/

#AndreaBocelli #ArianaGrande #EPiùTiPenso",2015-10-13 10:00:01+00:00,421,66624650,780208,28585,False,PT4M30S,270,hd,false,True,Bocelli|più ti penso testo|più ti penso live|più ti penso il volo|più ti penso ariana grande live|più ti penso cover|più ti penso lyrics|più ti penso ariana grande testo|più ti penso|più ti penso ariana grande|più ti penso ariana|più ti penso bocelli|andrea bocelli più ti penso|più ti penso con testo|più ti penso concerto|ariana grande|andrea bocelli|andrea bocelli ariana grande|andrea bocelli ariana grande più ti penso|duets,10,en-US,none,2015,3983,False,False,4.5,0.011710500542967205,0.00042904540586704773,16727.253326638212
WLm9ryGCLVk,Andrea Bocelli - Cinema (Official Album Sampler),"The world's greatest tenor sings the world's greatest movie songs!
Living legend Andrea Bocelli gives his unique voice to some of the best loved music from the movies ever composed. The brand new album features themes from Doctor Zhivago, The Godfather, Gladiator, Breakfast at Tiffany's and many more, as well as popular songs from stage musicals, immortalised by their film versions, such as west side story and Evita, and includes stunning duets with Nicole Scherzinger and Ariana Grande.

Subscribe to Andrea's YouTube:
https://www.youtube.com/c/AndreaBocelli?sub_confirmation=1
Listen to the Essentials playlist: https://andreabocelli.lnk.to/EssentialsID

Follow Andrea:
Facebook: https://www.facebook.com/AndreaBocelli
Instagram: https://www.instagram.com/AndreaBocelli
Twitter: https://twitter.com/AndreaBocelli
YouTube: https://www.youtube.com/AndreaBocelli
TikTok: https://www.tiktok.com/@andreabocelliof

#AndreaBocelli #Bocelli",2015-10-05 16:41:49+00:00,422,644915,2286,107,False,PT7M41S,461,hd,false,False,andrea|bocelli|cinema|official|album|sampler|maria|moon|river|music|night|west|side|story|doctor|zhivago|breakfast|tiffanys|phantom|opera|godfather|nicola|scherzinger|cheek|gladiator|nelle|penso|ariana|grande,10,en,none,2015,3991,False,False,7.683333333333334,0.0035446531713481623,0.00016591333741655876,161.59233274868453
gZG51A72uCA,Andrea Bocelli - Cinema (Official Album Trailer),"The world's greatest tenor sings cinema’s greatest music!
Living legend Andrea Bocelli gives his unique voice to some of the best loved music from the movies ever composed. Released on October 23rd the album features themes from Doctor Zhivago, The Godfather, Gladiator, Breakfast at Tiffany's and many more, as well as popular songs from stage musicals, immortalised by their film versions, such as west side story and Evita.

Subscribe to Andrea's YouTube:
https://www.youtube.com/c/AndreaBocelli?sub_confirmation=1
Listen to the Essentials playlist: https://andreabocelli.lnk.to/EssentialsID

Follow Andrea:
Facebook: https://www.facebook.com/AndreaBocelli
Instagram: https://www.instagram.com/AndreaBocelli
Twitter: https://twitter.com/AndreaBocelli
YouTube: https://www.youtube.com/AndreaBocelli
TikTok: https://www.tiktok.com/@andreabocelliof

#AndreaBocelli #Bocelli",2015-09-29 16:52:16+00:00,423,62081,361,15,False,PT2M49S,169,hd,false,False,Andrea Bocelli (Musical Artist)|cINEMA|Gladiator (Award-Winning Work)|The Godfather (Film)|Tenor (Musical Performance Role),10,en,none,2015,3997,False,False,2.816666666666667,0.00581498365039223,0.0002416198192683752,15.531898924193145
7EnY5PrTy7E,Andrea Bocelli - An Introduction to Cinema - E Più Ti Penso (Duet w/ Ariana Grande),"Discover the songs from Andrea Bocelli's album, Cinema, featuring E Più Ti Penso with Ariana Grande. Listen to the album sampler: https://www.youtube.com/watch?v=WLm9ryGCLVk

Living legend Andrea Bocelli gives his unique voice to some of the best loved music from the movies ever composed. Released on October 23rd the album features themes from Doctor Zhivago, The Godfather, Gladiator, Breakfast at Tiffany's and many more, as well as popular songs from stage musicals, immortalised by their film versions, such as west side story and Evita.

Subscribe to Andrea's YouTube:
https://www.youtube.com/c/AndreaBocelli?sub_confirmation=1
Listen to the Essentials playlist: https://andreabocelli.lnk.to/EssentialsID

Follow Andrea:
Facebook: https://www.facebook.com/AndreaBocelli
Instagram: https://www.instagram.com/AndreaBocelli
Twitter: https://twitter.com/AndreaBocelli
YouTube: https://www.youtube.com/AndreaBocelli
TikTok: https://www.tiktok.com/@andreabocelliof

#AndreaBocelli #Bocelli #ArianaGrande #Cinema",2015-09-29 14:01:57+00:00,424,296198,5592,117,False,PT1M49S,109,hd,false,False,andrea|bocelli|gladiator|nelle|tue|mani|now|cinema|film|theatre|opera|tenor|voice|angel|free|piu|penso|ariana|grande,10,en,none,2015,3997,False,False,1.8166666666666667,0.01887926319556513,0.0003950060432548498,74.10507880910683
COkfyxVWP0o,Andrea Bocelli - Cinema (Official Trailer),"The world's greatest tenor sings cinema’s greatest music! Living legend Andrea Bocelli gives his unique voice to some of the best loved music from the movies ever composed. Released on October 23rd the album features themes from Doctor Zhivago, The Godfather, Gladiator, Breakfast at Tiffany's and many more, as well as popular songs from stage musicals, immortalised by their film versions, such as west side story and Evita.

Subscribe to Andrea's YouTube:
https://www.youtube.com/c/AndreaBocelli?sub_confirmation=1
Listen to the Essentials playlist: https://andreabocelli.lnk.to/EssentialsID

Follow Andrea:
Facebook: https://www.facebook.com/AndreaBocelli
Instagram: https://www.instagram.com/AndreaBocelli
Twitter: https://twitter.com/AndreaBocelli
YouTube: https://www.youtube.com/AndreaBocelli
TikTok: https://www.tiktok.com/@andreabocelliof

#AndreaBocelli #Bocelli #Cinema",2015-09-10 12:32:48+00:00,425,77336,426,21,False,PT2M58S,178,hd,false,False,Andrea Bocelli (Musical Artist)|Tenor (Musical Performance Role)|cinema|voice|sugar music,10,en,none,2015,4016,False,False,2.966666666666667,0.005508430743767456,0.0002715423606082549,19.256972111553786
KBhORCYFIww,Andrea Bocelli - O Soave Fanciulla / La Bohéme (Picture Postcard),"Reflecting his very first love, Opera – The Ultimate Collection is the definitive collection of Andrea Bocelli’s own beloved and favorite operatic selections that have inspired his career over the years. Bocelli explains, """"The main objective of this album is to draw people closer to the opera, in particular to the whole opera. So I chose the tracks that are the most engaging the first time you hear them. I hope I have made the right choice and it encourages people to discover more.” 
Opera – The Ultimate Collection has been released in over 56 countries, and features prestigious figures of the classical music world including bass-baritone Bryn Terfel and soprano Barbara Frittoli, as well as such esteemed conductors as Zubin Mehta, Myung-Whun Chung, and Plácido Domingo. The album also features orchestras from all over the world, including The Israel Philharmonic Orchestra, Orchestra e coro del Teatro Massimo Vincenzo Bellini di Catania, Orchestre Philharmonique de Radio France, Orchestra Sinfonica e Coro di Milano Giuseppe Verdi to name a few.

Often credited with bringing classical music to the masses, Bocelli has always performed and released both pop and core classical material, often combining both in two separate halves of his concerts. Over the years he has also appeared in numerous opera productions including Puccini’s La Bohème, Verdi’s Macbeth and Massenet’s Werther. His ability to comfortably sing varied repertoire is evident from his best-selling discography, which includes 9 chart-topping pop albums and 14 core classical recordings to date.

Bocelli is one of the world's most popular classical artists having sold 80 million records and counting. Drawing millions in with his popular crossover appeal, Bocelli has always enthusiastically shared his passion for classical repertoire which his fans have overwhelmingly embraced. Bocelli explains """"I simply enjoy sharing something so beautiful with as many people as possible.""""

Subscribe to Andrea's YouTube:
https://www.youtube.com/c/AndreaBocelli?sub_confirmation=1
Listen to the Essentials playlist: https://andreabocelli.lnk.to/EssentialsID

Follow Andrea:
Facebook: https://www.facebook.com/AndreaBocelli
Instagram: https://www.instagram.com/AndreaBocelli
Twitter: https://twitter.com/AndreaBocelli
YouTube: https://www.youtube.com/AndreaBocelli
TikTok: https://www.tiktok.com/@andreabocelliof

#AndreaBocelli #Bocelli

Opera: The Ultimate Collection Tracklist 
1. Rigoletto – La donna è mobile
2. La bohème – Che gelida manina
3. Pagliacci – Vesti la giubba
4. Verdi Requiem – Ingemisco
5. The Pearl Fishers – Au fond du temple saint w/ Bryn Terfel
6. Fedora – Amor ti vieta
7. Manon Lescaut – Donna non vidi mai
8. L’Elisir d’amore – Una furtiva lagrima
9. La traviata – O mio rimorso
10. Madama Butterfly – Addio fiorito asil
11. La bohème – O soave fanciulla w/ Barbara Frittoli
12. Aida – Celeste Aida
13. L’Arlesiana – Lamento di Federico
14. Cavalleria rusticana – Brindisi
15. Tosca – E lucevan le stelle
16. Tosca – Recondita armonia
17. Werther – Pourquoi me réveiller
18. Roméo et Juliette – L’amour!
19. La fille du régiment – Pour mon âme quel destin! 
20. Il trovatore – Di quella pira
21. Andrea Chénier – Come un bel dì di maggio
22. Turandot – Nessun dorma

DIGITAL BONUS TRACKS
Il trovatore – Mal reggendo all'aspro assalto
Pagliacci – Un tal gioco, credetemi 
Werther – Je ne sais si je veille",2015-09-02 14:43:58+00:00,426,28301,258,10,False,PT1M3S,63,hd,false,False,Andrea Bocelli (Musical Artist)|La Bohème (Opera)|O Soave Fanciulla (Musical Recording),10,it,none,2015,4024,False,False,1.05,0.009116285643616833,0.00035334440479135014,7.033051689860835
GD2THFRoYW0,Andrea Bocelli - Nelle Tue Mani (Now We Are Free) from ‘Gladiator' [Official Music Video],"Andrea Bocelli - Nelle Tue Mani (Now We Are Free) from ‘Gladiator' 
Stream Andrea Bocelli: https://AndreaBocelli.lnk.to/streamID
Subscribe to Andrea Bocelli’s YouTube channel & ring the bell to never miss a new video: https://AndreaBocelli.lnk.to/YTSignUpID

Sign up for Andrea Bocelli’s Email List: https://AndreaBocelli.lnk.to/MailingListSignUpID

Follow Andrea Bocelli: 
Instagram: https://www.instagram.com/andreabocelliofficial
Facebook: https://www.facebook.com/andreabocelli/YouTube
YouTube: https://www.youtube.com/channel/UCb4JB8-ZAeceuR7EPCPOPzg
TikTok:  https://www.tiktok.com/@andreabocelliof?lang=en
X: https://x.com/AndreaBocelliWebsite
Website: https://www.andreabocelli.com/

#AndreaBocelli",2015-08-21 09:00:00+00:00,427,15063946,102102,3258,False,PT4M17S,257,hd,false,True,Andrea Bocelli|Andrea Bocelli Live|Gladiator,10,en-US,none,2015,4036,False,False,4.283333333333333,0.006777905337685092,0.00021627799249944205,3732.3949454905846
uNsDerbkAxQ,Andrea Bocelli - The Complete Pop Albums: Remastered (Official Trailer),"Andrea Bocelli - The Complete Pop Albums: Remastered is out now: http://AndreaBocelli.lnk.to/PopBoxCD! 

Renowned Italian tenor Andrea Bocelli is the most successful classical solo artist ever and one of the best-selling performers in any genre, having sold more than 80 million albums worldwide of both his classical and pop albums. 

The 13 titles that form his incredible ‘pop’ catalog, recently remastered with attention to every detail, to ensure the highest sonic quality, will be released in a box set with faithfully replicated original artwork, including the original booklets. The 3 bonus discs are a collection of rare tracks that have not been available internationally, and only available as bonus tracks on local versions of certain albums.  The collection from Sugar Music / UMe will be available both as individual albums and within the expansive and lavish box set which includes all 13 albums, ranging from 1994’s Il Mare Calmo Della Sera to 2013’s Passione and the live Love in Portofino. This is to be the first time Il Mare Calmo Della Sera  has been available in many territories. The bonus discs contain two highly sought after and rare tracks, ‘Quando Mi Innamoro,’ the original version of ‘Cuando Me Enamoro’ and ‘Solo Piu’ Che Mai,’ the Italian version of Sinatra’s ‘Strangers In The Night.’ 

Andrea Bocelli is an icon in music. He has performed for 4 U.S. presidents, 3 Popes, the British Royal Family, several Prime Ministers, and as well as at ceremonies for the Olympic Games, Shanghai World Expo and Expo Milan 2015. His long list of awards begins with his win at the Sanremo Festival (with Il Mare Calmo Della Sera), as well as 7 World Music awards, Golden Globe®, Latin Grammy® award, 6 Classical Brit awards, 4 ECHO awards, Kamera awards, Bambi award, and many more. 

In addition to his long list of admirers including Luciano Pavarotti, his teacher and guide Franco Corelli, Plácido Domingo, Zubin Mehta, José Carreras, Lorin Maazel, Renée Fleming, Céline Dion  and many others, Andrea Bocelli fans demonstrate their love for him, even through rainstorms, as they did during his concert on the Great Lawn in Central Park New York. More than 60,000 fans, braved a thunderstorm to witness this historic event. 

The demand for Andrea Bocelli performances, as well as his music, continues as new fans discover his timeless music each day.

Subscribe to Andrea's YouTube:
https://www.youtube.com/c/AndreaBocelli?sub_confirmation=1
Listen to the Essentials playlist: https://andreabocelli.lnk.to/EssentialsID

Follow Andrea:
Facebook: https://www.facebook.com/AndreaBocelli
Instagram: https://www.instagram.com/AndreaBocelli
Twitter: https://twitter.com/AndreaBocelli
YouTube: https://www.youtube.com/AndreaBocelli
TikTok: https://www.tiktok.com/@andreabocelliof

#AndreaBocelli #Bocelli",2015-07-16 13:49:03+00:00,428,23960,220,13,False,PT1M30S,90,hd,false,False,Andrea Bocelli (Musical Artist)|Pop Music (Musical Genre)|Classic|remastered,10,en,none,2015,4072,False,False,1.5,0.009181969949916527,0.0005425709515859766,5.884086444007859
261T-dpG6_0,Andrea Bocelli - Au Fond Du Temple Saint (Picture Postcard),"Reflecting his very first love, Opera – The Ultimate Collection is the definitive collection of Andrea Bocelli’s own beloved and favorite operatic selections that have inspired his career over the years. Bocelli explains, ""The main objective of this album is to draw people closer to the opera, in particular to the whole opera. So I chose the tracks that are the most engaging the first time you hear them. I hope I have made the right choice and it encourages people to discover more.” 
Opera – The Ultimate Collection has been released in over 56 countries, and features prestigious figures of the classical music world including bass-baritone Bryn Terfel and soprano Barbara Frittoli, as well as such esteemed conductors as Zubin Mehta, Myung-Whun Chung, and Plácido Domingo. The album also features orchestras from all over the world, including The Israel Philharmonic Orchestra, Orchestra e coro del Teatro Massimo Vincenzo Bellini di Catania, Orchestre Philharmonique de Radio France, Orchestra Sinfonica e Coro di Milano Giuseppe Verdi to name a few.

Often credited with bringing classical music to the masses, Bocelli has always performed and released both pop and core classical material, often combining both in two separate halves of his concerts. Over the years he has also appeared in numerous opera productions including Puccini’s La Bohème, Verdi’s Macbeth and Massenet’s Werther. His ability to comfortably sing varied repertoire is evident from his best-selling discography, which includes 9 chart-topping pop albums and 14 core classical recordings to date.

Bocelli is one of the world's most popular classical artists having sold 80 million records and counting. Drawing millions in with his popular crossover appeal, Bocelli has always enthusiastically shared his passion for classical repertoire which his fans have overwhelmingly embraced. Bocelli explains ""I simply enjoy sharing something so beautiful with as many people as possible.""

Subscribe to Andrea's YouTube:
https://www.youtube.com/c/AndreaBocelli?sub_confirmation=1
Listen to the Essentials playlist: https://andreabocelli.lnk.to/EssentialsID

Follow Andrea:
Facebook: https://www.facebook.com/AndreaBocelli
Instagram: https://www.instagram.com/AndreaBocelli
Twitter: https://twitter.com/AndreaBocelli
YouTube: https://www.youtube.com/AndreaBocelli
TikTok: https://www.tiktok.com/@andreabocelliof

#AndreaBocelli #Bocelli

Opera: The Ultimate Collection Tracklist 
1. Rigoletto – La donna è mobile
2. La bohème – Che gelida manina
3. Pagliacci – Vesti la giubba
4. Verdi Requiem – Ingemisco
5. The Pearl Fishers – Au fond du temple saint w/ Bryn Terfel
6. Fedora – Amor ti vieta
7. Manon Lescaut – Donna non vidi mai **NEW recording
8. L’Elisir d’amore – Una furtiva lagrima
9. La traviata – O mio rimorso
10. Madama Butterfly – Addio fiorito asil
11. La bohème – O soave fanciulla w/ Barbara Frittoli
12. Aida – Celeste Aida
13. L’Arlesiana – Lamento di Federico
14. Cavalleria rusticana – Brindisi
15. Tosca – E lucevan le stelle
16. Tosca – Recondita armonia
17. Werther – Pourquoi me réveiller
18. Roméo et Juliette – L’amour! **NEW to this release
19. La fille du régiment – Pour mon âme quel destin! 
20. Il trovatore – Di quella pira
21. Andrea Chénier – Come un bel dì di maggio
22. Turandot – Nessun dorma **NEW recording

DIGITAL BONUS TRACKS
Il trovatore – Mal reggendo all'aspro assalto
Pagliacci – Un tal gioco, credetemi 
Werther – Je ne sais si je veille",2015-02-04 15:15:27+00:00,429,66629,359,11,False,PT1M,60,hd,false,False,The Pearl Fishers Duet (Composition)|Andrea Bocelli (Musical Artist),10,it,none,2015,4234,False,True,1.0,0.005388044244998424,0.00016509327770190157,15.736655644780349
xCpDuQHvnac,"Andrea Bocelli - Intano, Amici Qua ... - Cavalleria Rusticana (Official Commentary)","""Reflecting his very first love, Opera: The Ultimate Collection is the definitive collection of Andrea Bocelli’s own beloved and favorite operatic selections that have inspired his career over the years. Bocelli explains, """"The main objective of this album is to draw people closer to the opera, in particular to the whole opera. So I chose the tracks that are the most engaging the first time you hear them. I hope I have made the right choice and it encourages people to discover more.” 
Opera – The Ultimate Collection has been released in over 56 countries, and features prestigious figures of the classical music world including bass-baritone Bryn Terfel and soprano Barbara Frittoli, as well as such esteemed conductors as Zubin Mehta, Myung-Whun Chung, and Plácido Domingo. The album also features orchestras from all over the world, including The Israel Philharmonic Orchestra, Orchestra e coro del Teatro Massimo Vincenzo Bellini di Catania, Orchestre Philharmonique de Radio France, Orchestra Sinfonica e Coro di Milano Giuseppe Verdi to name a few.

Often credited with bringing classical music to the masses, Bocelli has always performed and released both pop and core classical material, often combining both in two separate halves of his concerts. Over the years he has also appeared in numerous opera productions including Puccini’s La Bohème, Verdi’s Macbeth and Massenet’s Werther. His ability to comfortably sing varied repertoire is evident from his best-selling discography, which includes 9 chart-topping pop albums and 14 core classical recordings to date.

Bocelli is one of the world's most popular classical artists having sold 80 million records and counting. Drawing millions in with his popular crossover appeal, Bocelli has always enthusiastically shared his passion for classical repertoire which his fans have overwhelmingly embraced. Bocelli explains ""I simply enjoy sharing something so beautiful with as many people as possible.""

Subscribe to Andrea's YouTube:
https://www.youtube.com/c/AndreaBocelli?sub_confirmation=1
Listen to the Essentials playlist: https://andreabocelli.lnk.to/EssentialsID

Follow Andrea:
Facebook: https://www.facebook.com/AndreaBocelli
Instagram: https://www.instagram.com/AndreaBocelli
Twitter: https://twitter.com/AndreaBocelli
YouTube: https://www.youtube.com/AndreaBocelli
TikTok: https://www.tiktok.com/@andreabocelliof

#AndreaBocelli #Bocelli

Opera: The Ultimate Collection Tracklist 
1. Rigoletto – La donna è mobile
2. La bohème – Che gelida manina
3. Pagliacci – Vesti la giubba
4. Verdi Requiem – Ingemisco
5. The Pearl Fishers – Au fond du temple saint w/ Bryn Terfel
6. Fedora – Amor ti vieta
7. Manon Lescaut – Donna non vidi mai **NEW recording
8. L’Elisir d’amore – Una furtiva lagrima
9. La traviata – O mio rimorso
10. Madama Butterfly – Addio fiorito asil
11. La bohème – O soave fanciulla w/ Barbara Frittoli
12. Aida – Celeste Aida
13. L’Arlesiana – Lamento di Federico
14. Cavalleria rusticana – Brindisi
15. Tosca – E lucevan le stelle
16. Tosca – Recondita armonia
17. Werther – Pourquoi me réveiller
18. Roméo et Juliette – L’amour! **NEW to this release
19. La fille du régiment – Pour mon âme quel destin! 
20. Il trovatore – Di quella pira
21. Andrea Chénier – Come un bel dì di maggio
22. Turandot – Nessun dorma **NEW recording

DIGITAL BONUS TRACKS
Il trovatore – Mal reggendo all'aspro assalto
Pagliacci – Un tal gioco, credetemi 
Werther – Je ne sais si je veille",2015-02-02 13:42:32+00:00,430,7160,70,3,False,PT2M27S,147,hd,false,False,Opera (Composition Type)|Andrea Bocelli (Musical Artist)|Cavalleria Rusticana (Opera),10,it,none,2015,4236,False,False,2.45,0.009776536312849162,0.0004189944134078212,1.6902738432483475
g4JMPNHZQzc,Andrea Bocelli - E Lucevan Le Stelle - Tosca (Official Commentary),"Reflecting his very first love, Opera: The Ultimate Collection is the definitive collection of Andrea Bocelli’s own beloved and favorite operatic selections that have inspired his career over the years. Bocelli explains, ""The main objective of this album is to draw people closer to the opera, in particular to the whole opera. So I chose the tracks that are the most engaging the first time you hear them. I hope I have made the right choice and it encourages people to discover more.” 
Opera – The Ultimate Collection has been released in over 56 countries, and features prestigious figures of the classical music world including bass-baritone Bryn Terfel and soprano Barbara Frittoli, as well as such esteemed conductors as Zubin Mehta, Myung-Whun Chung, and Plácido Domingo. The album also features orchestras from all over the world, including The Israel Philharmonic Orchestra, Orchestra e coro del Teatro Massimo Vincenzo Bellini di Catania, Orchestre Philharmonique de Radio France, Orchestra Sinfonica e Coro di Milano Giuseppe Verdi to name a few.

Often credited with bringing classical music to the masses, Bocelli has always performed and released both pop and core classical material, often combining both in two separate halves of his concerts. Over the years he has also appeared in numerous opera productions including Puccini’s La Bohème, Verdi’s Macbeth and Massenet’s Werther. His ability to comfortably sing varied repertoire is evident from his best-selling discography, which includes 9 chart-topping pop albums and 14 core classical recordings to date.

Bocelli is one of the world's most popular classical artists having sold 80 million records and counting. Drawing millions in with his popular crossover appeal, Bocelli has always enthusiastically shared his passion for classical repertoire which his fans have overwhelmingly embraced. Bocelli explains ""I simply enjoy sharing something so beautiful with as many people as possible.""

Subscribe to Andrea's YouTube:
https://www.youtube.com/c/AndreaBocelli?sub_confirmation=1
Listen to the Essentials playlist: https://andreabocelli.lnk.to/EssentialsID

Follow Andrea:
Facebook: https://www.facebook.com/AndreaBocelli
Instagram: https://www.instagram.com/AndreaBocelli
Twitter: https://twitter.com/AndreaBocelli
YouTube: https://www.youtube.com/AndreaBocelli
TikTok: https://www.tiktok.com/@andreabocelliof

#AndreaBocelli #Bocelli

Opera: The Ultimate Collection Tracklist 
1. Rigoletto – La donna è mobile
2. La bohème – Che gelida manina
3. Pagliacci – Vesti la giubba
4. Verdi Requiem – Ingemisco
5. The Pearl Fishers – Au fond du temple saint w/ Bryn Terfel
6. Fedora – Amor ti vieta
7. Manon Lescaut – Donna non vidi mai **NEW recording
8. L’Elisir d’amore – Una furtiva lagrima
9. La traviata – O mio rimorso
10. Madama Butterfly – Addio fiorito asil
11. La bohème – O soave fanciulla w/ Barbara Frittoli
12. Aida – Celeste Aida
13. L’Arlesiana – Lamento di Federico
14. Cavalleria rusticana – Brindisi
15. Tosca – E lucevan le stelle
16. Tosca – Recondita armonia
17. Werther – Pourquoi me réveiller
18. Roméo et Juliette – L’amour! **NEW to this release
19. La fille du régiment – Pour mon âme quel destin! 
20. Il trovatore – Di quella pira
21. Andrea Chénier – Come un bel dì di maggio
22. Turandot – Nessun dorma **NEW recording

DIGITAL BONUS TRACKS
Il trovatore – Mal reggendo all'aspro assalto
Pagliacci – Un tal gioco, credetemi 
Werther – Je ne sais si je veille",2015-02-02 13:42:13+00:00,431,25097,230,11,False,PT3M22S,202,hd,false,False,E Lucevan Le Stelle (Composition)|Opera (Composition Type)|Andrea Bocelli (Musical Artist)|Tosca: E Lucevan Le Stelle... (Musical Recording)|Tosca (Opera),10,it,none,2015,4236,False,False,3.3666666666666667,0.009164441965175121,0.00043829939833446227,5.924693106704438
LvtgVmBCLiY,Andrea Bocelli - Soave Fanciulla - La Bohéme (Official Commentary),"""Reflecting his very first love, Opera: The Ultimate Collection is the definitive collection of Andrea Bocelli’s own beloved and favorite operatic selections that have inspired his career over the years. Bocelli explains, """"The main objective of this album is to draw people closer to the opera, in particular to the whole opera. So I chose the tracks that are the most engaging the first time you hear them. I hope I have made the right choice and it encourages people to discover more.” 
Opera – The Ultimate Collection has been released in over 56 countries, and features prestigious figures of the classical music world including bass-baritone Bryn Terfel and soprano Barbara Frittoli, as well as such esteemed conductors as Zubin Mehta, Myung-Whun Chung, and Plácido Domingo. The album also features orchestras from all over the world, including The Israel Philharmonic Orchestra, Orchestra e coro del Teatro Massimo Vincenzo Bellini di Catania, Orchestre Philharmonique de Radio France, Orchestra Sinfonica e Coro di Milano Giuseppe Verdi to name a few.

Often credited with bringing classical music to the masses, Bocelli has always performed and released both pop and core classical material, often combining both in two separate halves of his concerts. Over the years he has also appeared in numerous opera productions including Puccini’s La Bohème, Verdi’s Macbeth and Massenet’s Werther. His ability to comfortably sing varied repertoire is evident from his best-selling discography, which includes 9 chart-topping pop albums and 14 core classical recordings to date.

Bocelli is one of the world's most popular classical artists having sold 80 million records and counting. Drawing millions in with his popular crossover appeal, Bocelli has always enthusiastically shared his passion for classical repertoire which his fans have overwhelmingly embraced. Bocelli explains ""I simply enjoy sharing something so beautiful with as many people as possible.""

Subscribe to Andrea's YouTube:
https://www.youtube.com/c/AndreaBocelli?sub_confirmation=1
Listen to the Essentials playlist: https://andreabocelli.lnk.to/EssentialsID

Follow Andrea:
Facebook: https://www.facebook.com/AndreaBocelli
Instagram: https://www.instagram.com/AndreaBocelli
Twitter: https://twitter.com/AndreaBocelli
YouTube: https://www.youtube.com/AndreaBocelli
TikTok: https://www.tiktok.com/@andreabocelliof

#AndreaBocelli #Bocelli

Opera: The Ultimate Collection Tracklist 
1. Rigoletto – La donna è mobile
2. La bohème – Che gelida manina
3. Pagliacci – Vesti la giubba
4. Verdi Requiem – Ingemisco
5. The Pearl Fishers – Au fond du temple saint w/ Bryn Terfel
6. Fedora – Amor ti vieta
7. Manon Lescaut – Donna non vidi mai **NEW recording
8. L’Elisir d’amore – Una furtiva lagrima
9. La traviata – O mio rimorso
10. Madama Butterfly – Addio fiorito asil
11. La bohème – O soave fanciulla w/ Barbara Frittoli
12. Aida – Celeste Aida
13. L’Arlesiana – Lamento di Federico
14. Cavalleria rusticana – Brindisi
15. Tosca – E lucevan le stelle
16. Tosca – Recondita armonia
17. Werther – Pourquoi me réveiller
18. Roméo et Juliette – L’amour! **NEW to this release
19. La fille du régiment – Pour mon âme quel destin! 
20. Il trovatore – Di quella pira
21. Andrea Chénier – Come un bel dì di maggio
22. Turandot – Nessun dorma **NEW recording

DIGITAL BONUS TRACKS
Il trovatore – Mal reggendo all'aspro assalto
Pagliacci – Un tal gioco, credetemi 
Werther – Je ne sais si je veille",2015-02-02 13:41:49+00:00,432,4162,49,0,False,PT2M28S,148,hd,false,False,O Soave Fanciulla (Musical Recording)|Andrea Bocelli (Musical Artist)|La Bohème (Opera)|Barbara Frittoli (Musical Artist)|Opera (Composition Type),10,it,none,2015,4236,False,False,2.466666666666667,0.011773185968284479,0.0,0.9825306893295562
vGkFG3fpsjQ,Andrea Bocelli - Di Quella Pira -  Il Trovatore (Official Commentary),"""Reflecting his very first love, Opera: The Ultimate Collection is the definitive collection of Andrea Bocelli’s own beloved and favorite operatic selections that have inspired his career over the years. Bocelli explains, """"The main objective of this album is to draw people closer to the opera, in particular to the whole opera. So I chose the tracks that are the most engaging the first time you hear them. I hope I have made the right choice and it encourages people to discover more.” 
Opera – The Ultimate Collection has been released in over 56 countries, and features prestigious figures of the classical music world including bass-baritone Bryn Terfel and soprano Barbara Frittoli, as well as such esteemed conductors as Zubin Mehta, Myung-Whun Chung, and Plácido Domingo. The album also features orchestras from all over the world, including The Israel Philharmonic Orchestra, Orchestra e coro del Teatro Massimo Vincenzo Bellini di Catania, Orchestre Philharmonique de Radio France, Orchestra Sinfonica e Coro di Milano Giuseppe Verdi to name a few.

Often credited with bringing classical music to the masses, Bocelli has always performed and released both pop and core classical material, often combining both in two separate halves of his concerts. Over the years he has also appeared in numerous opera productions including Puccini’s La Bohème, Verdi’s Macbeth and Massenet’s Werther. His ability to comfortably sing varied repertoire is evident from his best-selling discography, which includes 9 chart-topping pop albums and 14 core classical recordings to date.

Bocelli is one of the world's most popular classical artists having sold 80 million records and counting. Drawing millions in with his popular crossover appeal, Bocelli has always enthusiastically shared his passion for classical repertoire which his fans have overwhelmingly embraced. Bocelli explains ""I simply enjoy sharing something so beautiful with as many people as possible.""

Subscribe to Andrea's YouTube:
https://www.youtube.com/c/AndreaBocelli?sub_confirmation=1
Listen to the Essentials playlist: https://andreabocelli.lnk.to/EssentialsID

Follow Andrea:
Facebook: https://www.facebook.com/AndreaBocelli
Instagram: https://www.instagram.com/AndreaBocelli
Twitter: https://twitter.com/AndreaBocelli
YouTube: https://www.youtube.com/AndreaBocelli
TikTok: https://www.tiktok.com/@andreabocelliof

#AndreaBocelli #Bocelli

Opera: The Ultimate Collection Tracklist 
1. Rigoletto – La donna è mobile
2. La bohème – Che gelida manina
3. Pagliacci – Vesti la giubba
4. Verdi Requiem – Ingemisco
5. The Pearl Fishers – Au fond du temple saint w/ Bryn Terfel
6. Fedora – Amor ti vieta
7. Manon Lescaut – Donna non vidi mai **NEW recording
8. L’Elisir d’amore – Una furtiva lagrima
9. La traviata – O mio rimorso
10. Madama Butterfly – Addio fiorito asil
11. La bohème – O soave fanciulla w/ Barbara Frittoli
12. Aida – Celeste Aida
13. L’Arlesiana – Lamento di Federico
14. Cavalleria rusticana – Brindisi
15. Tosca – E lucevan le stelle
16. Tosca – Recondita armonia
17. Werther – Pourquoi me réveiller
18. Roméo et Juliette – L’amour! **NEW to this release
19. La fille du régiment – Pour mon âme quel destin! 
20. Il trovatore – Di quella pira
21. Andrea Chénier – Come un bel dì di maggio
22. Turandot – Nessun dorma **NEW recording

DIGITAL BONUS TRACKS
Il trovatore – Mal reggendo all'aspro assalto
Pagliacci – Un tal gioco, credetemi 
Werther – Je ne sais si je veille",2015-02-02 13:41:23+00:00,433,5423,58,4,False,PT1M45S,105,hd,false,False,Opera (Composition Type)|Il Trovatore (Opera)|Di Quella Pira (Composition)|Andrea Bocelli (Musical Artist),10,it,none,2015,4236,False,False,1.75,0.0106951871657754,0.0007375991148810622,1.2802171860245515
JFX-bCm6Hlk,Andrea Bocelli - E' La Solita Storia (Lamento Di Federico) - L'Arlesiana (Official Commentary),"""Reflecting his very first love, Opera: The Ultimate Collection is the definitive collection of Andrea Bocelli’s own beloved and favorite operatic selections that have inspired his career over the years. Bocelli explains, """"The main objective of this album is to draw people closer to the opera, in particular to the whole opera. So I chose the tracks that are the most engaging the first time you hear them. I hope I have made the right choice and it encourages people to discover more.” 
Opera – The Ultimate Collection has been released in over 56 countries, and features prestigious figures of the classical music world including bass-baritone Bryn Terfel and soprano Barbara Frittoli, as well as such esteemed conductors as Zubin Mehta, Myung-Whun Chung, and Plácido Domingo. The album also features orchestras from all over the world, including The Israel Philharmonic Orchestra, Orchestra e coro del Teatro Massimo Vincenzo Bellini di Catania, Orchestre Philharmonique de Radio France, Orchestra Sinfonica e Coro di Milano Giuseppe Verdi to name a few.

Often credited with bringing classical music to the masses, Bocelli has always performed and released both pop and core classical material, often combining both in two separate halves of his concerts. Over the years he has also appeared in numerous opera productions including Puccini’s La Bohème, Verdi’s Macbeth and Massenet’s Werther. His ability to comfortably sing varied repertoire is evident from his best-selling discography, which includes 9 chart-topping pop albums and 14 core classical recordings to date.

Bocelli is one of the world's most popular classical artists having sold 80 million records and counting. Drawing millions in with his popular crossover appeal, Bocelli has always enthusiastically shared his passion for classical repertoire which his fans have overwhelmingly embraced. Bocelli explains ""I simply enjoy sharing something so beautiful with as many people as possible.""

Subscribe to Andrea's YouTube:
https://www.youtube.com/c/AndreaBocelli?sub_confirmation=1
Listen to the Essentials playlist: https://andreabocelli.lnk.to/EssentialsID

Follow Andrea:
Facebook: https://www.facebook.com/AndreaBocelli
Instagram: https://www.instagram.com/AndreaBocelli
Twitter: https://twitter.com/AndreaBocelli
YouTube: https://www.youtube.com/AndreaBocelli
TikTok: https://www.tiktok.com/@andreabocelliof

#AndreaBocelli #Bocelli

Opera: The Ultimate Collection Tracklist 
1. Rigoletto – La donna è mobile
2. La bohème – Che gelida manina
3. Pagliacci – Vesti la giubba
4. Verdi Requiem – Ingemisco
5. The Pearl Fishers – Au fond du temple saint w/ Bryn Terfel
6. Fedora – Amor ti vieta
7. Manon Lescaut – Donna non vidi mai **NEW recording
8. L’Elisir d’amore – Una furtiva lagrima
9. La traviata – O mio rimorso
10. Madama Butterfly – Addio fiorito asil
11. La bohème – O soave fanciulla w/ Barbara Frittoli
12. Aida – Celeste Aida
13. L’Arlesiana – Lamento di Federico
14. Cavalleria rusticana – Brindisi
15. Tosca – E lucevan le stelle
16. Tosca – Recondita armonia
17. Werther – Pourquoi me réveiller
18. Roméo et Juliette – L’amour! **NEW to this release
19. La fille du régiment – Pour mon âme quel destin! 
20. Il trovatore – Di quella pira
21. Andrea Chénier – Come un bel dì di maggio
22. Turandot – Nessun dorma **NEW recording

DIGITAL BONUS TRACKS
Il trovatore – Mal reggendo all'aspro assalto
Pagliacci – Un tal gioco, credetemi 
Werther – Je ne sais si je veille",2015-02-02 13:41:02+00:00,434,5139,45,1,False,PT1M52S,112,hd,false,False,Andrea Bocelli (Musical Artist)|Lamento Di Federico (Musical Recording)|L'arlesiana (Opera)|Opera (Composition Type),10,it,none,2015,4236,False,False,1.8666666666666667,0.008756567425569177,0.0001945903872348706,1.2131728045325778
yXGbdOvfb9U,Andrea Bocelli - Dammi I Color! ...Recondita Armonia - Tosca (Official Commentary),"""Reflecting his very first love, Opera: The Ultimate Collection is the definitive collection of Andrea Bocelli’s own beloved and favorite operatic selections that have inspired his career over the years. Bocelli explains, """"The main objective of this album is to draw people closer to the opera, in particular to the whole opera. So I chose the tracks that are the most engaging the first time you hear them. I hope I have made the right choice and it encourages people to discover more.” 
Opera – The Ultimate Collection has been released in over 56 countries, and features prestigious figures of the classical music world including bass-baritone Bryn Terfel and soprano Barbara Frittoli, as well as such esteemed conductors as Zubin Mehta, Myung-Whun Chung, and Plácido Domingo. The album also features orchestras from all over the world, including The Israel Philharmonic Orchestra, Orchestra e coro del Teatro Massimo Vincenzo Bellini di Catania, Orchestre Philharmonique de Radio France, Orchestra Sinfonica e Coro di Milano Giuseppe Verdi to name a few.

Often credited with bringing classical music to the masses, Bocelli has always performed and released both pop and core classical material, often combining both in two separate halves of his concerts. Over the years he has also appeared in numerous opera productions including Puccini’s La Bohème, Verdi’s Macbeth and Massenet’s Werther. His ability to comfortably sing varied repertoire is evident from his best-selling discography, which includes 9 chart-topping pop albums and 14 core classical recordings to date.

Bocelli is one of the world's most popular classical artists having sold 80 million records and counting. Drawing millions in with his popular crossover appeal, Bocelli has always enthusiastically shared his passion for classical repertoire which his fans have overwhelmingly embraced. Bocelli explains ""I simply enjoy sharing something so beautiful with as many people as possible.""

Subscribe to Andrea's YouTube:
https://www.youtube.com/c/AndreaBocelli?sub_confirmation=1
Listen to the Essentials playlist: https://andreabocelli.lnk.to/EssentialsID

Follow Andrea:
Facebook: https://www.facebook.com/AndreaBocelli
Instagram: https://www.instagram.com/AndreaBocelli
Twitter: https://twitter.com/AndreaBocelli
YouTube: https://www.youtube.com/AndreaBocelli
TikTok: https://www.tiktok.com/@andreabocelliof

#AndreaBocelli #Bocelli

Opera: The Ultimate Collection Tracklist 
1. Rigoletto – La donna è mobile
2. La bohème – Che gelida manina
3. Pagliacci – Vesti la giubba
4. Verdi Requiem – Ingemisco
5. The Pearl Fishers – Au fond du temple saint w/ Bryn Terfel
6. Fedora – Amor ti vieta
7. Manon Lescaut – Donna non vidi mai **NEW recording
8. L’Elisir d’amore – Una furtiva lagrima
9. La traviata – O mio rimorso
10. Madama Butterfly – Addio fiorito asil
11. La bohème – O soave fanciulla w/ Barbara Frittoli
12. Aida – Celeste Aida
13. L’Arlesiana – Lamento di Federico
14. Cavalleria rusticana – Brindisi
15. Tosca – E lucevan le stelle
16. Tosca – Recondita armonia
17. Werther – Pourquoi me réveiller
18. Roméo et Juliette – L’amour! **NEW to this release
19. La fille du régiment – Pour mon âme quel destin! 
20. Il trovatore – Di quella pira
21. Andrea Chénier – Come un bel dì di maggio
22. Turandot – Nessun dorma **NEW recording

DIGITAL BONUS TRACKS
Il trovatore – Mal reggendo all'aspro assalto
Pagliacci – Un tal gioco, credetemi 
Werther – Je ne sais si je veille",2015-02-02 13:40:37+00:00,435,5020,57,1,False,PT2M22S,142,hd,false,False,Opera (Composition Type)|Recondita Armonia (Composition)|Andrea Bocelli (Musical Artist)|Tosca: Recondita Armonia (Canonical Version)|Tosca (Opera),10,it,none,2015,4236,False,False,2.3666666666666667,0.011354581673306772,0.00019920318725099602,1.1850802644003777
JprbVHcpPYs,Andrea Bocelli - Toute Mon Âme Esta Lá... Pourquoi Me Réveiller - Werther (Official Commentary),"""Reflecting his very first love, Opera: The Ultimate Collection is the definitive collection of Andrea Bocelli’s own beloved and favorite operatic selections that have inspired his career over the years. Bocelli explains, """"The main objective of this album is to draw people closer to the opera, in particular to the whole opera. So I chose the tracks that are the most engaging the first time you hear them. I hope I have made the right choice and it encourages people to discover more.” 
Opera – The Ultimate Collection has been released in over 56 countries, and features prestigious figures of the classical music world including bass-baritone Bryn Terfel and soprano Barbara Frittoli, as well as such esteemed conductors as Zubin Mehta, Myung-Whun Chung, and Plácido Domingo. The album also features orchestras from all over the world, including The Israel Philharmonic Orchestra, Orchestra e coro del Teatro Massimo Vincenzo Bellini di Catania, Orchestre Philharmonique de Radio France, Orchestra Sinfonica e Coro di Milano Giuseppe Verdi to name a few.

Often credited with bringing classical music to the masses, Bocelli has always performed and released both pop and core classical material, often combining both in two separate halves of his concerts. Over the years he has also appeared in numerous opera productions including Puccini’s La Bohème, Verdi’s Macbeth and Massenet’s Werther. His ability to comfortably sing varied repertoire is evident from his best-selling discography, which includes 9 chart-topping pop albums and 14 core classical recordings to date.

Bocelli is one of the world's most popular classical artists having sold 80 million records and counting. Drawing millions in with his popular crossover appeal, Bocelli has always enthusiastically shared his passion for classical repertoire which his fans have overwhelmingly embraced. Bocelli explains ""I simply enjoy sharing something so beautiful with as many people as possible.""

Subscribe to Andrea's YouTube:
https://www.youtube.com/c/AndreaBocelli?sub_confirmation=1
Listen to the Essentials playlist: https://andreabocelli.lnk.to/EssentialsID

Follow Andrea:
Facebook: https://www.facebook.com/AndreaBocelli
Instagram: https://www.instagram.com/AndreaBocelli
Twitter: https://twitter.com/AndreaBocelli
YouTube: https://www.youtube.com/AndreaBocelli
TikTok: https://www.tiktok.com/@andreabocelliof

#AndreaBocelli #Bocelli

Opera: The Ultimate Collection Tracklist 
1. Rigoletto – La donna è mobile
2. La bohème – Che gelida manina
3. Pagliacci – Vesti la giubba
4. Verdi Requiem – Ingemisco
5. The Pearl Fishers – Au fond du temple saint w/ Bryn Terfel
6. Fedora – Amor ti vieta
7. Manon Lescaut – Donna non vidi mai **NEW recording
8. L’Elisir d’amore – Una furtiva lagrima
9. La traviata – O mio rimorso
10. Madama Butterfly – Addio fiorito asil
11. La bohème – O soave fanciulla w/ Barbara Frittoli
12. Aida – Celeste Aida
13. L’Arlesiana – Lamento di Federico
14. Cavalleria rusticana – Brindisi
15. Tosca – E lucevan le stelle
16. Tosca – Recondita armonia
17. Werther – Pourquoi me réveiller
18. Roméo et Juliette – L’amour! **NEW to this release
19. La fille du régiment – Pour mon âme quel destin! 
20. Il trovatore – Di quella pira
21. Andrea Chénier – Come un bel dì di maggio
22. Turandot – Nessun dorma **NEW recording

DIGITAL BONUS TRACKS
Il trovatore – Mal reggendo all'aspro assalto
Pagliacci – Un tal gioco, credetemi 
Werther – Je ne sais si je veille",2015-02-02 13:39:36+00:00,436,2916,25,2,False,PT1M52S,112,hd,false,False,Opera (Composition Type)|Andrea Bocelli (Musical Artist)|Werther: Pourquoi Me Réveiller (Musical Recording)|Werther (Opera),10,it,none,2015,4236,False,False,1.8666666666666667,0.008573388203017833,0.0006858710562414266,0.6883852691218131
bUfh_rdEyKE,Andrea Bocelli - Come Un Bel Di' Di Maggio - Andrea Chénier (Official Commentary),"""Reflecting his very first love, Opera: The Ultimate Collection is the definitive collection of Andrea Bocelli’s own beloved and favorite operatic selections that have inspired his career over the years. Bocelli explains, """"The main objective of this album is to draw people closer to the opera, in particular to the whole opera. So I chose the tracks that are the most engaging the first time you hear them. I hope I have made the right choice and it encourages people to discover more.” 
Opera – The Ultimate Collection has been released in over 56 countries, and features prestigious figures of the classical music world including bass-baritone Bryn Terfel and soprano Barbara Frittoli, as well as such esteemed conductors as Zubin Mehta, Myung-Whun Chung, and Plácido Domingo. The album also features orchestras from all over the world, including The Israel Philharmonic Orchestra, Orchestra e coro del Teatro Massimo Vincenzo Bellini di Catania, Orchestre Philharmonique de Radio France, Orchestra Sinfonica e Coro di Milano Giuseppe Verdi to name a few.

Often credited with bringing classical music to the masses, Bocelli has always performed and released both pop and core classical material, often combining both in two separate halves of his concerts. Over the years he has also appeared in numerous opera productions including Puccini’s La Bohème, Verdi’s Macbeth and Massenet’s Werther. His ability to comfortably sing varied repertoire is evident from his best-selling discography, which includes 9 chart-topping pop albums and 14 core classical recordings to date.

Bocelli is one of the world's most popular classical artists having sold 80 million records and counting. Drawing millions in with his popular crossover appeal, Bocelli has always enthusiastically shared his passion for classical repertoire which his fans have overwhelmingly embraced. Bocelli explains ""I simply enjoy sharing something so beautiful with as many people as possible.""

Subscribe to Andrea's YouTube:
https://www.youtube.com/c/AndreaBocelli?sub_confirmation=1
Listen to the Essentials playlist: https://andreabocelli.lnk.to/EssentialsID

Follow Andrea:
Facebook: https://www.facebook.com/AndreaBocelli
Instagram: https://www.instagram.com/AndreaBocelli
Twitter: https://twitter.com/AndreaBocelli
YouTube: https://www.youtube.com/AndreaBocelli
TikTok: https://www.tiktok.com/@andreabocelliof

#AndreaBocelli #Bocelli

Opera: The Ultimate Collection Tracklist 
1. Rigoletto – La donna è mobile
2. La bohème – Che gelida manina
3. Pagliacci – Vesti la giubba
4. Verdi Requiem – Ingemisco
5. The Pearl Fishers – Au fond du temple saint w/ Bryn Terfel
6. Fedora – Amor ti vieta
7. Manon Lescaut – Donna non vidi mai **NEW recording
8. L’Elisir d’amore – Una furtiva lagrima
9. La traviata – O mio rimorso
10. Madama Butterfly – Addio fiorito asil
11. La bohème – O soave fanciulla w/ Barbara Frittoli
12. Aida – Celeste Aida
13. L’Arlesiana – Lamento di Federico
14. Cavalleria rusticana – Brindisi
15. Tosca – E lucevan le stelle
16. Tosca – Recondita armonia
17. Werther – Pourquoi me réveiller
18. Roméo et Juliette – L’amour! **NEW to this release
19. La fille du régiment – Pour mon âme quel destin! 
20. Il trovatore – Di quella pira
21. Andrea Chénier – Come un bel dì di maggio
22. Turandot – Nessun dorma **NEW recording

DIGITAL BONUS TRACKS
Il trovatore – Mal reggendo all'aspro assalto
Pagliacci – Un tal gioco, credetemi 
Werther – Je ne sais si je veille",2015-02-02 13:38:56+00:00,437,8172,60,6,False,PT1M42S,102,hd,false,False,Opera (Composition Type)|Andrea Bocelli (Musical Artist)|Come Un Bel Di Di Maggio|Andrea Chénier (Opera),10,it,none,2015,4236,False,False,1.7,0.007342143906020558,0.0007342143906020558,1.9291784702549575
UuGgziK4C-g,Andrea Bocelli - Pour Mon Âme Quel Destin - La Fille Du Régiment (Official Commentary),"""Reflecting his very first love, Opera: The Ultimate Collection is the definitive collection of Andrea Bocelli’s own beloved and favorite operatic selections that have inspired his career over the years. Bocelli explains, """"The main objective of this album is to draw people closer to the opera, in particular to the whole opera. So I chose the tracks that are the most engaging the first time you hear them. I hope I have made the right choice and it encourages people to discover more.” 
Opera – The Ultimate Collection has been released in over 56 countries, and features prestigious figures of the classical music world including bass-baritone Bryn Terfel and soprano Barbara Frittoli, as well as such esteemed conductors as Zubin Mehta, Myung-Whun Chung, and Plácido Domingo. The album also features orchestras from all over the world, including The Israel Philharmonic Orchestra, Orchestra e coro del Teatro Massimo Vincenzo Bellini di Catania, Orchestre Philharmonique de Radio France, Orchestra Sinfonica e Coro di Milano Giuseppe Verdi to name a few.

Often credited with bringing classical music to the masses, Bocelli has always performed and released both pop and core classical material, often combining both in two separate halves of his concerts. Over the years he has also appeared in numerous opera productions including Puccini’s La Bohème, Verdi’s Macbeth and Massenet’s Werther. His ability to comfortably sing varied repertoire is evident from his best-selling discography, which includes 9 chart-topping pop albums and 14 core classical recordings to date.

Bocelli is one of the world's most popular classical artists having sold 80 million records and counting. Drawing millions in with his popular crossover appeal, Bocelli has always enthusiastically shared his passion for classical repertoire which his fans have overwhelmingly embraced. Bocelli explains ""I simply enjoy sharing something so beautiful with as many people as possible.""

Subscribe to Andrea's YouTube:
https://www.youtube.com/c/AndreaBocelli?sub_confirmation=1
Listen to the Essentials playlist: https://andreabocelli.lnk.to/EssentialsID

Follow Andrea:
Facebook: https://www.facebook.com/AndreaBocelli
Instagram: https://www.instagram.com/AndreaBocelli
Twitter: https://twitter.com/AndreaBocelli
YouTube: https://www.youtube.com/AndreaBocelli
TikTok: https://www.tiktok.com/@andreabocelliof

#AndreaBocelli #Bocelli

Opera: The Ultimate Collection Tracklist 
1. Rigoletto – La donna è mobile
2. La bohème – Che gelida manina
3. Pagliacci – Vesti la giubba
4. Verdi Requiem – Ingemisco
5. The Pearl Fishers – Au fond du temple saint w/ Bryn Terfel
6. Fedora – Amor ti vieta
7. Manon Lescaut – Donna non vidi mai **NEW recording
8. L’Elisir d’amore – Una furtiva lagrima
9. La traviata – O mio rimorso
10. Madama Butterfly – Addio fiorito asil
11. La bohème – O soave fanciulla w/ Barbara Frittoli
12. Aida – Celeste Aida
13. L’Arlesiana – Lamento di Federico
14. Cavalleria rusticana – Brindisi
15. Tosca – E lucevan le stelle
16. Tosca – Recondita armonia
17. Werther – Pourquoi me réveiller
18. Roméo et Juliette – L’amour! **NEW to this release
19. La fille du régiment – Pour mon âme quel destin! 
20. Il trovatore – Di quella pira
21. Andrea Chénier – Come un bel dì di maggio
22. Turandot – Nessun dorma **NEW recording

DIGITAL BONUS TRACKS
Il trovatore – Mal reggendo all'aspro assalto
Pagliacci – Un tal gioco, credetemi 
Werther – Je ne sais si je veille",2015-02-02 13:38:38+00:00,438,4976,51,3,False,PT1M6S,66,hd,false,False,Andrea Bocelli (Musical Artist)|La Fille Du Régiment: Pour Mon âme (Musical Recording),10,it,none,2015,4236,False,False,1.1,0.0102491961414791,0.0006028938906752412,1.1746931067044382
F7N8gLpUNnI,"Andrea Bocelli - L'amour! L'amour! ...Ah! Léve Toi, Soleil - Roméo & Juliette (Official Commentary)","""Reflecting his very first love, Opera: The Ultimate Collection is the definitive collection of Andrea Bocelli’s own beloved and favorite operatic selections that have inspired his career over the years. Bocelli explains, """"The main objective of this album is to draw people closer to the opera, in particular to the whole opera. So I chose the tracks that are the most engaging the first time you hear them. I hope I have made the right choice and it encourages people to discover more.” 
Opera – The Ultimate Collection has been released in over 56 countries, and features prestigious figures of the classical music world including bass-baritone Bryn Terfel and soprano Barbara Frittoli, as well as such esteemed conductors as Zubin Mehta, Myung-Whun Chung, and Plácido Domingo. The album also features orchestras from all over the world, including The Israel Philharmonic Orchestra, Orchestra e coro del Teatro Massimo Vincenzo Bellini di Catania, Orchestre Philharmonique de Radio France, Orchestra Sinfonica e Coro di Milano Giuseppe Verdi to name a few.

Often credited with bringing classical music to the masses, Bocelli has always performed and released both pop and core classical material, often combining both in two separate halves of his concerts. Over the years he has also appeared in numerous opera productions including Puccini’s La Bohème, Verdi’s Macbeth and Massenet’s Werther. His ability to comfortably sing varied repertoire is evident from his best-selling discography, which includes 9 chart-topping pop albums and 14 core classical recordings to date.

Bocelli is one of the world's most popular classical artists having sold 80 million records and counting. Drawing millions in with his popular crossover appeal, Bocelli has always enthusiastically shared his passion for classical repertoire which his fans have overwhelmingly embraced. Bocelli explains ""I simply enjoy sharing something so beautiful with as many people as possible.""

Subscribe to Andrea's YouTube:
https://www.youtube.com/c/AndreaBocelli?sub_confirmation=1
Listen to the Essentials playlist: https://andreabocelli.lnk.to/EssentialsID

Follow Andrea:
Facebook: https://www.facebook.com/AndreaBocelli
Instagram: https://www.instagram.com/AndreaBocelli
Twitter: https://twitter.com/AndreaBocelli
YouTube: https://www.youtube.com/AndreaBocelli
TikTok: https://www.tiktok.com/@andreabocelliof

#AndreaBocelli #Bocelli

Opera: The Ultimate Collection Tracklist 
1. Rigoletto – La donna è mobile
2. La bohème – Che gelida manina
3. Pagliacci – Vesti la giubba
4. Verdi Requiem – Ingemisco
5. The Pearl Fishers – Au fond du temple saint w/ Bryn Terfel
6. Fedora – Amor ti vieta
7. Manon Lescaut – Donna non vidi mai **NEW recording
8. L’Elisir d’amore – Una furtiva lagrima
9. La traviata – O mio rimorso
10. Madama Butterfly – Addio fiorito asil
11. La bohème – O soave fanciulla w/ Barbara Frittoli
12. Aida – Celeste Aida
13. L’Arlesiana – Lamento di Federico
14. Cavalleria rusticana – Brindisi
15. Tosca – E lucevan le stelle
16. Tosca – Recondita armonia
17. Werther – Pourquoi me réveiller
18. Roméo et Juliette – L’amour! **NEW to this release
19. La fille du régiment – Pour mon âme quel destin! 
20. Il trovatore – Di quella pira
21. Andrea Chénier – Come un bel dì di maggio
22. Turandot – Nessun dorma **NEW recording

DIGITAL BONUS TRACKS
Il trovatore – Mal reggendo all'aspro assalto
Pagliacci – Un tal gioco, credetemi 
Werther – Je ne sais si je veille",2015-02-02 13:38:20+00:00,439,7949,53,2,False,PT1M51S,111,hd,false,False,Opera (Composition Type)|Andrea Bocelli (Musical Artist)|Roméo Et Juliette (Opera),10,it,none,2015,4236,False,False,1.85,0.006667505346584476,0.0002516039753428104,1.8765344664778092
kpG7GENldFc,Andrea Bocelli - Je Ne Sais Si Je Veille - Werther (Official Commentary),"""Reflecting his very first love, Opera: The Ultimate Collection is the definitive collection of Andrea Bocelli’s own beloved and favorite operatic selections that have inspired his career over the years. Bocelli explains, """"The main objective of this album is to draw people closer to the opera, in particular to the whole opera. So I chose the tracks that are the most engaging the first time you hear them. I hope I have made the right choice and it encourages people to discover more.” 
Opera – The Ultimate Collection has been released in over 56 countries, and features prestigious figures of the classical music world including bass-baritone Bryn Terfel and soprano Barbara Frittoli, as well as such esteemed conductors as Zubin Mehta, Myung-Whun Chung, and Plácido Domingo. The album also features orchestras from all over the world, including The Israel Philharmonic Orchestra, Orchestra e coro del Teatro Massimo Vincenzo Bellini di Catania, Orchestre Philharmonique de Radio France, Orchestra Sinfonica e Coro di Milano Giuseppe Verdi to name a few.

Often credited with bringing classical music to the masses, Bocelli has always performed and released both pop and core classical material, often combining both in two separate halves of his concerts. Over the years he has also appeared in numerous opera productions including Puccini’s La Bohème, Verdi’s Macbeth and Massenet’s Werther. His ability to comfortably sing varied repertoire is evident from his best-selling discography, which includes 9 chart-topping pop albums and 14 core classical recordings to date.

Bocelli is one of the world's most popular classical artists having sold 80 million records and counting. Drawing millions in with his popular crossover appeal, Bocelli has always enthusiastically shared his passion for classical repertoire which his fans have overwhelmingly embraced. Bocelli explains ""I simply enjoy sharing something so beautiful with as many people as possible.""

Subscribe to Andrea's YouTube:
https://www.youtube.com/c/AndreaBocelli?sub_confirmation=1
Listen to the Essentials playlist: https://andreabocelli.lnk.to/EssentialsID

Follow Andrea:
Facebook: https://www.facebook.com/AndreaBocelli
Instagram: https://www.instagram.com/AndreaBocelli
Twitter: https://twitter.com/AndreaBocelli
YouTube: https://www.youtube.com/AndreaBocelli
TikTok: https://www.tiktok.com/@andreabocelliof

#AndreaBocelli #Bocelli

Opera: The Ultimate Collection Tracklist 
1. Rigoletto – La donna è mobile
2. La bohème – Che gelida manina
3. Pagliacci – Vesti la giubba
4. Verdi Requiem – Ingemisco
5. The Pearl Fishers – Au fond du temple saint w/ Bryn Terfel
6. Fedora – Amor ti vieta
7. Manon Lescaut – Donna non vidi mai **NEW recording
8. L’Elisir d’amore – Una furtiva lagrima
9. La traviata – O mio rimorso
10. Madama Butterfly – Addio fiorito asil
11. La bohème – O soave fanciulla w/ Barbara Frittoli
12. Aida – Celeste Aida
13. L’Arlesiana – Lamento di Federico
14. Cavalleria rusticana – Brindisi
15. Tosca – E lucevan le stelle
16. Tosca – Recondita armonia
17. Werther – Pourquoi me réveiller
18. Roméo et Juliette – L’amour! **NEW to this release
19. La fille du régiment – Pour mon âme quel destin! 
20. Il trovatore – Di quella pira
21. Andrea Chénier – Come un bel dì di maggio
22. Turandot – Nessun dorma **NEW recording

DIGITAL BONUS TRACKS
Il trovatore – Mal reggendo all'aspro assalto
Pagliacci – Un tal gioco, credetemi 
Werther – Je ne sais si je veille",2015-02-02 13:37:52+00:00,440,2453,25,0,False,PT1M24S,84,hd,false,False,Opera (Composition Type)|Werther (Opera)|je ne sais si veille,10,it,none,2015,4236,False,False,1.4,0.010191602119853241,0.0,0.5790840415486308
Dcd_yV8nw4Y,"Andrea Bocelli - Un Tal Gioco, Credetemi - Pagliacci (Official Commentary)","""Reflecting his very first love, Opera: The Ultimate Collection is the definitive collection of Andrea Bocelli’s own beloved and favorite operatic selections that have inspired his career over the years. Bocelli explains, """"The main objective of this album is to draw people closer to the opera, in particular to the whole opera. So I chose the tracks that are the most engaging the first time you hear them. I hope I have made the right choice and it encourages people to discover more.” 
Opera – The Ultimate Collection has been released in over 56 countries, and features prestigious figures of the classical music world including bass-baritone Bryn Terfel and soprano Barbara Frittoli, as well as such esteemed conductors as Zubin Mehta, Myung-Whun Chung, and Plácido Domingo. The album also features orchestras from all over the world, including The Israel Philharmonic Orchestra, Orchestra e coro del Teatro Massimo Vincenzo Bellini di Catania, Orchestre Philharmonique de Radio France, Orchestra Sinfonica e Coro di Milano Giuseppe Verdi to name a few.

Often credited with bringing classical music to the masses, Bocelli has always performed and released both pop and core classical material, often combining both in two separate halves of his concerts. Over the years he has also appeared in numerous opera productions including Puccini’s La Bohème, Verdi’s Macbeth and Massenet’s Werther. His ability to comfortably sing varied repertoire is evident from his best-selling discography, which includes 9 chart-topping pop albums and 14 core classical recordings to date.

Bocelli is one of the world's most popular classical artists having sold 80 million records and counting. Drawing millions in with his popular crossover appeal, Bocelli has always enthusiastically shared his passion for classical repertoire which his fans have overwhelmingly embraced. Bocelli explains ""I simply enjoy sharing something so beautiful with as many people as possible.""

Subscribe to Andrea's YouTube:
https://www.youtube.com/c/AndreaBocelli?sub_confirmation=1
Listen to the Essentials playlist: https://andreabocelli.lnk.to/EssentialsID

Follow Andrea:
Facebook: https://www.facebook.com/AndreaBocelli
Instagram: https://www.instagram.com/AndreaBocelli
Twitter: https://twitter.com/AndreaBocelli
YouTube: https://www.youtube.com/AndreaBocelli
TikTok: https://www.tiktok.com/@andreabocelliof

#AndreaBocelli #Bocelli

Opera: The Ultimate Collection Tracklist 
1. Rigoletto – La donna è mobile
2. La bohème – Che gelida manina
3. Pagliacci – Vesti la giubba
4. Verdi Requiem – Ingemisco
5. The Pearl Fishers – Au fond du temple saint w/ Bryn Terfel
6. Fedora – Amor ti vieta
7. Manon Lescaut – Donna non vidi mai **NEW recording
8. L’Elisir d’amore – Una furtiva lagrima
9. La traviata – O mio rimorso
10. Madama Butterfly – Addio fiorito asil
11. La bohème – O soave fanciulla w/ Barbara Frittoli
12. Aida – Celeste Aida
13. L’Arlesiana – Lamento di Federico
14. Cavalleria rusticana – Brindisi
15. Tosca – E lucevan le stelle
16. Tosca – Recondita armonia
17. Werther – Pourquoi me réveiller
18. Roméo et Juliette – L’amour! **NEW to this release
19. La fille du régiment – Pour mon âme quel destin! 
20. Il trovatore – Di quella pira
21. Andrea Chénier – Come un bel dì di maggio
22. Turandot – Nessun dorma **NEW recording

DIGITAL BONUS TRACKS
Il trovatore – Mal reggendo all'aspro assalto
Pagliacci – Un tal gioco, credetemi 
Werther – Je ne sais si je veille",2015-02-02 13:37:34+00:00,441,2691,26,2,False,PT1M33S,93,hd,false,False,Opera (Composition Type)|Pagliacci (Opera)|Andrea Bocelli (Musical Artist),10,it,none,2015,4236,False,False,1.55,0.00966183574879227,0.0007432181345224824,0.6352691218130312
fINHBGn_PTc,Andrea Bocelli - Nessun Dorma! - Turandot (Official Commentary),"""Reflecting his very first love, Opera: The Ultimate Collection is the definitive collection of Andrea Bocelli’s own beloved and favorite operatic selections that have inspired his career over the years. Bocelli explains, ""The main objective of this album is to draw people closer to the opera, in particular to the whole opera. So I chose the tracks that are the most engaging the first time you hear them. I hope I have made the right choice and it encourages people to discover more.” 
Opera – The Ultimate Collection has been released in over 56 countries, and features prestigious figures of the classical music world including bass-baritone Bryn Terfel and soprano Barbara Frittoli, as well as such esteemed conductors as Zubin Mehta, Myung-Whun Chung, and Plácido Domingo. The album also features orchestras from all over the world, including The Israel Philharmonic Orchestra, Orchestra e coro del Teatro Massimo Vincenzo Bellini di Catania, Orchestre Philharmonique de Radio France, Orchestra Sinfonica e Coro di Milano Giuseppe Verdi to name a few.

Often credited with bringing classical music to the masses, Bocelli has always performed and released both pop and core classical material, often combining both in two separate halves of his concerts. Over the years he has also appeared in numerous opera productions including Puccini’s La Bohème, Verdi’s Macbeth and Massenet’s Werther. His ability to comfortably sing varied repertoire is evident from his best-selling discography, which includes 9 chart-topping pop albums and 14 core classical recordings to date.

Bocelli is one of the world's most popular classical artists having sold 80 million records and counting. Drawing millions in with his popular crossover appeal, Bocelli has always enthusiastically shared his passion for classical repertoire which his fans have overwhelmingly embraced. Bocelli explains ""I simply enjoy sharing something so beautiful with as many people as possible.""

Subscribe to Andrea's YouTube:
https://www.youtube.com/c/AndreaBocelli?sub_confirmation=1
Listen to the Essentials playlist: https://andreabocelli.lnk.to/EssentialsID

Follow Andrea:
Facebook: https://www.facebook.com/AndreaBocelli
Instagram: https://www.instagram.com/AndreaBocelli
Twitter: https://twitter.com/AndreaBocelli
YouTube: https://www.youtube.com/AndreaBocelli
TikTok: https://www.tiktok.com/@andreabocelliof

#AndreaBocelli #Bocelli

Opera: The Ultimate Collection Tracklist 
1. Rigoletto – La donna è mobile
2. La bohème – Che gelida manina
3. Pagliacci – Vesti la giubba
4. Verdi Requiem – Ingemisco
5. The Pearl Fishers – Au fond du temple saint w/ Bryn Terfel
6. Fedora – Amor ti vieta
7. Manon Lescaut – Donna non vidi mai **NEW recording
8. L’Elisir d’amore – Una furtiva lagrima
9. La traviata – O mio rimorso
10. Madama Butterfly – Addio fiorito asil
11. La bohème – O soave fanciulla w/ Barbara Frittoli
12. Aida – Celeste Aida
13. L’Arlesiana – Lamento di Federico
14. Cavalleria rusticana – Brindisi
15. Tosca – E lucevan le stelle
16. Tosca – Recondita armonia
17. Werther – Pourquoi me réveiller
18. Roméo et Juliette – L’amour! **NEW to this release
19. La fille du régiment – Pour mon âme quel destin! 
20. Il trovatore – Di quella pira
21. Andrea Chénier – Come un bel dì di maggio
22. Turandot – Nessun dorma **NEW recording

DIGITAL BONUS TRACKS
Il trovatore – Mal reggendo all'aspro assalto
Pagliacci – Un tal gioco, credetemi 
Werther – Je ne sais si je veille",2015-02-02 13:37:11+00:00,442,19084,141,3,False,PT2M48S,168,hd,false,False,Opera (Composition Type)|Andrea Bocelli (Musical Artist)|Turandot (Opera)|nessun dorma,10,it,none,2015,4236,False,False,2.8,0.007388388178578914,0.00015719974848040242,4.50519357884797
W1mXzkrwJ2Q,Andrea Bocelli - Mal Reggendo All'Aspro Assalto - Il Trovatore (Official Commentary),"""Reflecting his very first love, Opera: The Ultimate Collection is the definitive collection of Andrea Bocelli’s own beloved and favorite operatic selections that have inspired his career over the years. Bocelli explains, """"The main objective of this album is to draw people closer to the opera, in particular to the whole opera. So I chose the tracks that are the most engaging the first time you hear them. I hope I have made the right choice and it encourages people to discover more.” 
Opera – The Ultimate Collection has been released in over 56 countries, and features prestigious figures of the classical music world including bass-baritone Bryn Terfel and soprano Barbara Frittoli, as well as such esteemed conductors as Zubin Mehta, Myung-Whun Chung, and Plácido Domingo. The album also features orchestras from all over the world, including The Israel Philharmonic Orchestra, Orchestra e coro del Teatro Massimo Vincenzo Bellini di Catania, Orchestre Philharmonique de Radio France, Orchestra Sinfonica e Coro di Milano Giuseppe Verdi to name a few.

Often credited with bringing classical music to the masses, Bocelli has always performed and released both pop and core classical material, often combining both in two separate halves of his concerts. Over the years he has also appeared in numerous opera productions including Puccini’s La Bohème, Verdi’s Macbeth and Massenet’s Werther. His ability to comfortably sing varied repertoire is evident from his best-selling discography, which includes 9 chart-topping pop albums and 14 core classical recordings to date.

Bocelli is one of the world's most popular classical artists having sold 80 million records and counting. Drawing millions in with his popular crossover appeal, Bocelli has always enthusiastically shared his passion for classical repertoire which his fans have overwhelmingly embraced. Bocelli explains ""I simply enjoy sharing something so beautiful with as many people as possible.""

Subscribe to Andrea's YouTube:
https://www.youtube.com/c/AndreaBocelli?sub_confirmation=1
Listen to the Essentials playlist: https://andreabocelli.lnk.to/EssentialsID

Follow Andrea:
Facebook: https://www.facebook.com/AndreaBocelli
Instagram: https://www.instagram.com/AndreaBocelli
Twitter: https://twitter.com/AndreaBocelli
YouTube: https://www.youtube.com/AndreaBocelli
TikTok: https://www.tiktok.com/@andreabocelliof

#AndreaBocelli #Bocelli

Opera: The Ultimate Collection Tracklist 
1. Rigoletto – La donna è mobile
2. La bohème – Che gelida manina
3. Pagliacci – Vesti la giubba
4. Verdi Requiem – Ingemisco
5. The Pearl Fishers – Au fond du temple saint w/ Bryn Terfel
6. Fedora – Amor ti vieta
7. Manon Lescaut – Donna non vidi mai **NEW recording
8. L’Elisir d’amore – Una furtiva lagrima
9. La traviata – O mio rimorso
10. Madama Butterfly – Addio fiorito asil
11. La bohème – O soave fanciulla w/ Barbara Frittoli
12. Aida – Celeste Aida
13. L’Arlesiana – Lamento di Federico
14. Cavalleria rusticana – Brindisi
15. Tosca – E lucevan le stelle
16. Tosca – Recondita armonia
17. Werther – Pourquoi me réveiller
18. Roméo et Juliette – L’amour! **NEW to this release
19. La fille du régiment – Pour mon âme quel destin! 
20. Il trovatore – Di quella pira
21. Andrea Chénier – Come un bel dì di maggio
22. Turandot – Nessun dorma **NEW recording

DIGITAL BONUS TRACKS
Il trovatore – Mal reggendo all'aspro assalto
Pagliacci – Un tal gioco, credetemi 
Werther – Je ne sais si je veille",2015-02-02 13:36:42+00:00,443,3115,25,1,False,PT1M19S,79,hd,false,False,Il Trovatore (Opera)|Andrea Bocelli (Musical Artist)|Opera (Composition Type),10,it,none,2015,4236,False,False,1.3166666666666667,0.008025682182985553,0.00032102728731942215,0.7353635505193579
uYsMyVr3N5A,Andrea Bocelli - Celeste Aida - Aida (Official Commentary),"""Reflecting his very first love, Opera: The Ultimate Collection is the definitive collection of Andrea Bocelli’s own beloved and favorite operatic selections that have inspired his career over the years. Bocelli explains, """"The main objective of this album is to draw people closer to the opera, in particular to the whole opera. So I chose the tracks that are the most engaging the first time you hear them. I hope I have made the right choice and it encourages people to discover more.” 
Opera – The Ultimate Collection has been released in over 56 countries, and features prestigious figures of the classical music world including bass-baritone Bryn Terfel and soprano Barbara Frittoli, as well as such esteemed conductors as Zubin Mehta, Myung-Whun Chung, and Plácido Domingo. The album also features orchestras from all over the world, including The Israel Philharmonic Orchestra, Orchestra e coro del Teatro Massimo Vincenzo Bellini di Catania, Orchestre Philharmonique de Radio France, Orchestra Sinfonica e Coro di Milano Giuseppe Verdi to name a few.

Often credited with bringing classical music to the masses, Bocelli has always performed and released both pop and core classical material, often combining both in two separate halves of his concerts. Over the years he has also appeared in numerous opera productions including Puccini’s La Bohème, Verdi’s Macbeth and Massenet’s Werther. His ability to comfortably sing varied repertoire is evident from his best-selling discography, which includes 9 chart-topping pop albums and 14 core classical recordings to date.

Bocelli is one of the world's most popular classical artists having sold 80 million records and counting. Drawing millions in with his popular crossover appeal, Bocelli has always enthusiastically shared his passion for classical repertoire which his fans have overwhelmingly embraced. Bocelli explains ""I simply enjoy sharing something so beautiful with as many people as possible.""

Subscribe to Andrea's YouTube:
https://www.youtube.com/c/AndreaBocelli?sub_confirmation=1
Listen to the Essentials playlist: https://andreabocelli.lnk.to/EssentialsID

Follow Andrea:
Facebook: https://www.facebook.com/AndreaBocelli
Instagram: https://www.instagram.com/AndreaBocelli
Twitter: https://twitter.com/AndreaBocelli
YouTube: https://www.youtube.com/AndreaBocelli
TikTok: https://www.tiktok.com/@andreabocelliof

#AndreaBocelli #Bocelli

Opera: The Ultimate Collection Tracklist 
1. Rigoletto – La donna è mobile
2. La bohème – Che gelida manina
3. Pagliacci – Vesti la giubba
4. Verdi Requiem – Ingemisco
5. The Pearl Fishers – Au fond du temple saint w/ Bryn Terfel
6. Fedora – Amor ti vieta
7. Manon Lescaut – Donna non vidi mai **NEW recording
8. L’Elisir d’amore – Una furtiva lagrima
9. La traviata – O mio rimorso
10. Madama Butterfly – Addio fiorito asil
11. La bohème – O soave fanciulla w/ Barbara Frittoli
12. Aida – Celeste Aida
13. L’Arlesiana – Lamento di Federico
14. Cavalleria rusticana – Brindisi
15. Tosca – E lucevan le stelle
16. Tosca – Recondita armonia
17. Werther – Pourquoi me réveiller
18. Roméo et Juliette – L’amour! **NEW to this release
19. La fille du régiment – Pour mon âme quel destin! 
20. Il trovatore – Di quella pira
21. Andrea Chénier – Come un bel dì di maggio
22. Turandot – Nessun dorma **NEW recording

DIGITAL BONUS TRACKS
Il trovatore – Mal reggendo all'aspro assalto
Pagliacci – Un tal gioco, credetemi 
Werther – Je ne sais si je veille",2014-12-17 11:56:33+00:00,444,6416,64,3,False,PT2M15S,135,hd,false,False,Celeste Aida|Andrea Bocelli (Musical Artist)|Aida (Opera)|Opera (Composition Type),10,it,none,2014,4283,False,False,2.25,0.00997506234413965,0.0004675810473815461,1.4980154097595144
o5GpouirA4M,"Andrea Bocelli - Addio, Fiorito Asil - Madama Butterfly (Official Commentary)","""Reflecting his very first love, Opera: The Ultimate Collection is the definitive collection of Andrea Bocelli’s own beloved and favorite operatic selections that have inspired his career over the years. Bocelli explains, """"The main objective of this album is to draw people closer to the opera, in particular to the whole opera. So I chose the tracks that are the most engaging the first time you hear them. I hope I have made the right choice and it encourages people to discover more.” 
Opera – The Ultimate Collection has been released in over 56 countries, and features prestigious figures of the classical music world including bass-baritone Bryn Terfel and soprano Barbara Frittoli, as well as such esteemed conductors as Zubin Mehta, Myung-Whun Chung, and Plácido Domingo. The album also features orchestras from all over the world, including The Israel Philharmonic Orchestra, Orchestra e coro del Teatro Massimo Vincenzo Bellini di Catania, Orchestre Philharmonique de Radio France, Orchestra Sinfonica e Coro di Milano Giuseppe Verdi to name a few.

Often credited with bringing classical music to the masses, Bocelli has always performed and released both pop and core classical material, often combining both in two separate halves of his concerts. Over the years he has also appeared in numerous opera productions including Puccini’s La Bohème, Verdi’s Macbeth and Massenet’s Werther. His ability to comfortably sing varied repertoire is evident from his best-selling discography, which includes 9 chart-topping pop albums and 14 core classical recordings to date.

Bocelli is one of the world's most popular classical artists having sold 80 million records and counting. Drawing millions in with his popular crossover appeal, Bocelli has always enthusiastically shared his passion for classical repertoire which his fans have overwhelmingly embraced. Bocelli explains ""I simply enjoy sharing something so beautiful with as many people as possible.""

Subscribe to Andrea's YouTube:
https://www.youtube.com/c/AndreaBocelli?sub_confirmation=1
Listen to the Essentials playlist: https://andreabocelli.lnk.to/EssentialsID

Follow Andrea:
Facebook: https://www.facebook.com/AndreaBocelli
Instagram: https://www.instagram.com/AndreaBocelli
Twitter: https://twitter.com/AndreaBocelli
YouTube: https://www.youtube.com/AndreaBocelli
TikTok: https://www.tiktok.com/@andreabocelliof

#AndreaBocelli #Bocelli

Opera: The Ultimate Collection Tracklist 
1. Rigoletto – La donna è mobile
2. La bohème – Che gelida manina
3. Pagliacci – Vesti la giubba
4. Verdi Requiem – Ingemisco
5. The Pearl Fishers – Au fond du temple saint w/ Bryn Terfel
6. Fedora – Amor ti vieta
7. Manon Lescaut – Donna non vidi mai **NEW recording
8. L’Elisir d’amore – Una furtiva lagrima
9. La traviata – O mio rimorso
10. Madama Butterfly – Addio fiorito asil
11. La bohème – O soave fanciulla w/ Barbara Frittoli
12. Aida – Celeste Aida
13. L’Arlesiana – Lamento di Federico
14. Cavalleria rusticana – Brindisi
15. Tosca – E lucevan le stelle
16. Tosca – Recondita armonia
17. Werther – Pourquoi me réveiller
18. Roméo et Juliette – L’amour! **NEW to this release
19. La fille du régiment – Pour mon âme quel destin! 
20. Il trovatore – Di quella pira
21. Andrea Chénier – Come un bel dì di maggio
22. Turandot – Nessun dorma **NEW recording

DIGITAL BONUS TRACKS
Il trovatore – Mal reggendo all'aspro assalto
Pagliacci – Un tal gioco, credetemi 
Werther – Je ne sais si je veille",2014-12-17 11:55:41+00:00,445,7566,60,2,False,PT1M28S,88,hd,false,False,Andrea Bocelli (Musical Artist) Addio|Fiorito Asil Madama Butterfly (Opera) Opera (Composition Type),10,it,none,2014,4283,False,False,1.4666666666666666,0.007930214115781126,0.0002643404705260375,1.7665187952369834
pxF4e7epgV0,Andrea Bocelli - Oh Mio Rimorso! - La Traviata (Official Commentary),"Andrea Bocelli sings Oh Mio Rimorso!.
Subscribe to Andrea's YouTube:
https://www.youtube.com/c/AndreaBocelli?sub_confirmation=1
Listen to the Essentials playlist: https://andreabocelli.lnk.to/EssentialsID

Follow Andrea:
Facebook: https://www.facebook.com/AndreaBocelli
Instagram: https://www.instagram.com/AndreaBocelli
Twitter: https://twitter.com/AndreaBocelli
YouTube: https://www.youtube.com/AndreaBocelli
TikTok: https://www.tiktok.com/@andreabocelliof

#AndreaBocelli #Bocelli",2014-12-17 11:53:13+00:00,446,21510,148,3,False,PT2M4S,124,hd,false,False,Andrea Bocelli (Musical Artist)|Oh Mio Rimorso!|La Traviata (Opera)|Opera (Composition Type),10,it,none,2014,4283,False,False,2.066666666666667,0.006880520688052069,0.0001394700139470014,5.022180714452486
h_WRAnd_l5A,Andrea Bocelli - La Donna è Mobile / Rigoletto (Picture Postcard),"Reflecting his very first love, Opera – The Ultimate Collection is the definitive collection of Andrea Bocelli’s own beloved and favorite operatic selections that have inspired his career over the years. Bocelli explains, ""The main objective of this album is to draw people closer to the opera, in particular to the whole opera. So I chose the tracks that are the most engaging the first time you hear them. I hope I have made the right choice and it encourages people to discover more.” 
Opera – The Ultimate Collection has been released in over 56 countries, and features prestigious figures of the classical music world including bass-baritone Bryn Terfel and soprano Barbara Frittoli, as well as such esteemed conductors as Zubin Mehta, Myung-Whun Chung, and Plácido Domingo. The album also features orchestras from all over the world, including The Israel Philharmonic Orchestra, Orchestra e coro del Teatro Massimo Vincenzo Bellini di Catania, Orchestre Philharmonique de Radio France, Orchestra Sinfonica e Coro di Milano Giuseppe Verdi to name a few.

Often credited with bringing classical music to the masses, Bocelli has always performed and released both pop and core classical material, often combining both in two separate halves of his concerts. Over the years he has also appeared in numerous opera productions including Puccini’s La Bohème, Verdi’s Macbeth and Massenet’s Werther. His ability to comfortably sing varied repertoire is evident from his best-selling discography, which includes 9 chart-topping pop albums and 14 core classical recordings to date.

Bocelli is one of the world's most popular classical artists having sold 80 million records and counting. Drawing millions in with his popular crossover appeal, Bocelli has always enthusiastically shared his passion for classical repertoire which his fans have overwhelmingly embraced. Bocelli explains ""I simply enjoy sharing something so beautiful with as many people as possible.""

Subscribe to Andrea's YouTube:
https://www.youtube.com/c/AndreaBocelli?sub_confirmation=1
Listen to the Essentials playlist: https://andreabocelli.lnk.to/EssentialsID

Follow Andrea:
Facebook: https://www.facebook.com/AndreaBocelli
Instagram: https://www.instagram.com/AndreaBocelli
Twitter: https://twitter.com/AndreaBocelli
YouTube: https://www.youtube.com/AndreaBocelli
TikTok: https://www.tiktok.com/@andreabocelliof

#AndreaBocelli #Bocelli

Opera: The Ultimate Collection Tracklist 
1. Rigoletto – La donna è mobile
2. La bohème – Che gelida manina
3. Pagliacci – Vesti la giubba
4. Verdi Requiem – Ingemisco
5. The Pearl Fishers – Au fond du temple saint w/ Bryn Terfel
6. Fedora – Amor ti vieta
7. Manon Lescaut – Donna non vidi mai
8. L’Elisir d’amore – Una furtiva lagrima
9. La traviata – O mio rimorso
10. Madama Butterfly – Addio fiorito asil
11. La bohème – O soave fanciulla w/ Barbara Frittoli
12. Aida – Celeste Aida
13. L’Arlesiana – Lamento di Federico
14. Cavalleria rusticana – Brindisi
15. Tosca – E lucevan le stelle
16. Tosca – Recondita armonia
17. Werther – Pourquoi me réveiller
18. Roméo et Juliette – L’amour!
19. La fille du régiment – Pour mon âme quel destin! 
20. Il trovatore – Di quella pira
21. Andrea Chénier – Come un bel dì di maggio
22. Turandot – Nessun dorma

DIGITAL BONUS TRACKS
Il trovatore – Mal reggendo all'aspro assalto
Pagliacci – Un tal gioco, credetemi 
Werther – Je ne sais si je veille",2014-12-05 17:06:42+00:00,447,62617,719,17,False,PT1M10S,70,hd,false,False,La Donna È Mobile (Musical Recording)|Andrea Bocelli (Musical Artist)|Rigoletto (Opera),10,it,none,2014,4295,False,False,1.1666666666666667,0.01148250475110593,0.00027149176741140586,14.579045401629802
aS4s_atQfOI,Andrea Bocelli - Una Furtiva Lagrima - L'Elisir d'Amore (Official Commentary),"Reflecting his very first love, Opera: The Ultimate Collection is the definitive collection of Andrea Bocelli’s own beloved and favorite operatic selections that have inspired his career over the years. Bocelli explains, ""The main objective of this album is to draw people closer to the opera, in particular to the whole opera. So I chose the tracks that are the most engaging the first time you hear them. I hope I have made the right choice and it encourages people to discover more.” 
Opera – The Ultimate Collection has been released in over 56 countries, and features prestigious figures of the classical music world including bass-baritone Bryn Terfel and soprano Barbara Frittoli, as well as such esteemed conductors as Zubin Mehta, Myung-Whun Chung, and Plácido Domingo. The album also features orchestras from all over the world, including The Israel Philharmonic Orchestra, Orchestra e coro del Teatro Massimo Vincenzo Bellini di Catania, Orchestre Philharmonique de Radio France, Orchestra Sinfonica e Coro di Milano Giuseppe Verdi to name a few.

Often credited with bringing classical music to the masses, Bocelli has always performed and released both pop and core classical material, often combining both in two separate halves of his concerts. Over the years he has also appeared in numerous opera productions including Puccini’s La Bohème, Verdi’s Macbeth and Massenet’s Werther. His ability to comfortably sing varied repertoire is evident from his best-selling discography, which includes 9 chart-topping pop albums and 14 core classical recordings to date.

Bocelli is one of the world's most popular classical artists having sold 80 million records and counting. Drawing millions in with his popular crossover appeal, Bocelli has always enthusiastically shared his passion for classical repertoire which his fans have overwhelmingly embraced. Bocelli explains ""I simply enjoy sharing something so beautiful with as many people as possible.""

Subscribe to Andrea's YouTube:
https://www.youtube.com/c/AndreaBocelli?sub_confirmation=1
Listen to the Essentials playlist: https://andreabocelli.lnk.to/EssentialsID

Follow Andrea:
Facebook: https://www.facebook.com/AndreaBocelli
Instagram: https://www.instagram.com/AndreaBocelli
Twitter: https://twitter.com/AndreaBocelli
YouTube: https://www.youtube.com/AndreaBocelli
TikTok: https://www.tiktok.com/@andreabocelliof

#AndreaBocelli #Bocelli

Opera: The Ultimate Collection Tracklist 
1. Rigoletto – La donna è mobile
2. La bohème – Che gelida manina
3. Pagliacci – Vesti la giubba
4. Verdi Requiem – Ingemisco
5. The Pearl Fishers – Au fond du temple saint w/ Bryn Terfel
6. Fedora – Amor ti vieta
7. Manon Lescaut – Donna non vidi mai **NEW recording
8. L’Elisir d’amore – Una furtiva lagrima
9. La traviata – O mio rimorso
10. Madama Butterfly – Addio fiorito asil
11. La bohème – O soave fanciulla w/ Barbara Frittoli
12. Aida – Celeste Aida
13. L’Arlesiana – Lamento di Federico
14. Cavalleria rusticana – Brindisi
15. Tosca – E lucevan le stelle
16. Tosca – Recondita armonia
17. Werther – Pourquoi me réveiller
18. Roméo et Juliette – L’amour! **NEW to this release
19. La fille du régiment – Pour mon âme quel destin! 
20. Il trovatore – Di quella pira
21. Andrea Chénier – Come un bel dì di maggio
22. Turandot – Nessun dorma **NEW recording

DIGITAL BONUS TRACKS
Il trovatore – Mal reggendo all'aspro assalto
Pagliacci – Un tal gioco, credetemi 
Werther – Je ne sais si je veille",2014-11-25 16:39:18+00:00,448,79575,790,22,False,PT2M3S,123,hd,false,False,Andrea Bocelli (Musical Artist)|L'elisir D'amore (Opera)|Opera (Composition Type)|Gaetano Donizetti - Elisir D'amore Una Furtiva Lacrima|Una Furtiva Lagrima (Composition),10,it,none,2014,4305,False,False,2.05,0.009927741124725102,0.000276468740182218,18.48432055749129
uG9NuOSu-I8,Andrea Bocelli - La Donna E' Mobile - Rigoletto (Official Commentary),"Reflecting his very first love, Opera: The Ultimate Collection is the definitive collection of Andrea Bocelli’s own beloved and favorite operatic selections that have inspired his career over the years. Bocelli explains, """"The main objective of this album is to draw people closer to the opera, in particular to the whole opera. So I chose the tracks that are the most engaging the first time you hear them. I hope I have made the right choice and it encourages people to discover more.” 
Opera – The Ultimate Collection has been released in over 56 countries, and features prestigious figures of the classical music world including bass-baritone Bryn Terfel and soprano Barbara Frittoli, as well as such esteemed conductors as Zubin Mehta, Myung-Whun Chung, and Plácido Domingo. The album also features orchestras from all over the world, including The Israel Philharmonic Orchestra, Orchestra e coro del Teatro Massimo Vincenzo Bellini di Catania, Orchestre Philharmonique de Radio France, Orchestra Sinfonica e Coro di Milano Giuseppe Verdi to name a few.

Often credited with bringing classical music to the masses, Bocelli has always performed and released both pop and core classical material, often combining both in two separate halves of his concerts. Over the years he has also appeared in numerous opera productions including Puccini’s La Bohème, Verdi’s Macbeth and Massenet’s Werther. His ability to comfortably sing varied repertoire is evident from his best-selling discography, which includes 9 chart-topping pop albums and 14 core classical recordings to date.

Bocelli is one of the world's most popular classical artists having sold 80 million records and counting. Drawing millions in with his popular crossover appeal, Bocelli has always enthusiastically shared his passion for classical repertoire which his fans have overwhelmingly embraced. Bocelli explains """"I simply enjoy sharing something so beautiful with as many people as possible.""""

Subscribe to Andrea's YouTube:
https://www.youtube.com/c/AndreaBocelli?sub_confirmation=1
Listen to the Essentials playlist: https://andreabocelli.lnk.to/EssentialsID

Follow Andrea:
Facebook: https://www.facebook.com/AndreaBocelli
Instagram: https://www.instagram.com/AndreaBocelli
Twitter: https://twitter.com/AndreaBocelli
YouTube: https://www.youtube.com/AndreaBocelli
TikTok: https://www.tiktok.com/@andreabocelliof

#AndreaBocelli #Bocelli

Opera: The Ultimate Collection Tracklist 
1. Rigoletto – La donna è mobile
2. La bohème – Che gelida manina
3. Pagliacci – Vesti la giubba
4. Verdi Requiem – Ingemisco
5. The Pearl Fishers – Au fond du temple saint w/ Bryn Terfel
6. Fedora – Amor ti vieta
7. Manon Lescaut – Donna non vidi mai **NEW recording
8. L’Elisir d’amore – Una furtiva lagrima
9. La traviata – O mio rimorso
10. Madama Butterfly – Addio fiorito asil
11. La bohème – O soave fanciulla w/ Barbara Frittoli
12. Aida – Celeste Aida
13. L’Arlesiana – Lamento di Federico
14. Cavalleria rusticana – Brindisi
15. Tosca – E lucevan le stelle
16. Tosca – Recondita armonia
17. Werther – Pourquoi me réveiller
18. Roméo et Juliette – L’amour! **NEW to this release
19. La fille du régiment – Pour mon âme quel destin! 
20. Il trovatore – Di quella pira
21. Andrea Chénier – Come un bel dì di maggio
22. Turandot – Nessun dorma **NEW recording

DIGITAL BONUS TRACKS
Il trovatore – Mal reggendo all'aspro assalto
Pagliacci – Un tal gioco, credetemi 
Werther – Je ne sais si je veille",2014-11-25 16:38:55+00:00,449,56806,527,12,False,PT2M2S,122,hd,false,False,La Donna è Mobile (Composition)|Opera (Composition Type)|La Donna È Mobile (Musical Recording)|Rigoletto (Opera)|Andrea Bocelli (Musical Artist),10,it,none,2014,4305,False,False,2.033333333333333,0.009277189029327887,0.00021124529099038835,13.195354239256678
7PT35_kWtyo,Andrea Bocelli - Donna Non Vidi Mai - Manon Lescaut (Official Commentary),"""Reflecting his very first love, Opera: The Ultimate Collection is the definitive collection of Andrea Bocelli’s own beloved and favorite operatic selections that have inspired his career over the years. Bocelli explains, ""The main objective of this album is to draw people closer to the opera, in particular to the whole opera. So I chose the tracks that are the most engaging the first time you hear them. I hope I have made the right choice and it encourages people to discover more.” 
Opera – The Ultimate Collection has been released in over 56 countries, and features prestigious figures of the classical music world including bass-baritone Bryn Terfel and soprano Barbara Frittoli, as well as such esteemed conductors as Zubin Mehta, Myung-Whun Chung, and Plácido Domingo. The album also features orchestras from all over the world, including The Israel Philharmonic Orchestra, Orchestra e coro del Teatro Massimo Vincenzo Bellini di Catania, Orchestre Philharmonique de Radio France, Orchestra Sinfonica e Coro di Milano Giuseppe Verdi to name a few.

Often credited with bringing classical music to the masses, Bocelli has always performed and released both pop and core classical material, often combining both in two separate halves of his concerts. Over the years he has also appeared in numerous opera productions including Puccini’s La Bohème, Verdi’s Macbeth and Massenet’s Werther. His ability to comfortably sing varied repertoire is evident from his best-selling discography, which includes 9 chart-topping pop albums and 14 core classical recordings to date.

Bocelli is one of the world's most popular classical artists having sold 80 million records and counting. Drawing millions in with his popular crossover appeal, Bocelli has always enthusiastically shared his passion for classical repertoire which his fans have overwhelmingly embraced. Bocelli explains ""I simply enjoy sharing something so beautiful with as many people as possible.""

Subscribe to Andrea's YouTube:
https://www.youtube.com/c/AndreaBocelli?sub_confirmation=1
Listen to the Essentials playlist: https://andreabocelli.lnk.to/EssentialsID

Follow Andrea:
Facebook: https://www.facebook.com/AndreaBocelli
Instagram: https://www.instagram.com/AndreaBocelli
Twitter: https://twitter.com/AndreaBocelli
YouTube: https://www.youtube.com/AndreaBocelli
TikTok: https://www.tiktok.com/@andreabocelliof

#AndreaBocelli #Bocelli

Opera: The Ultimate Collection Tracklist 
1. Rigoletto – La donna è mobile
2. La bohème – Che gelida manina
3. Pagliacci – Vesti la giubba
4. Verdi Requiem – Ingemisco
5. The Pearl Fishers – Au fond du temple saint w/ Bryn Terfel
6. Fedora – Amor ti vieta
7. Manon Lescaut – Donna non vidi mai **NEW recording
8. L’Elisir d’amore – Una furtiva lagrima
9. La traviata – O mio rimorso
10. Madama Butterfly – Addio fiorito asil
11. La bohème – O soave fanciulla w/ Barbara Frittoli
12. Aida – Celeste Aida
13. L’Arlesiana – Lamento di Federico
14. Cavalleria rusticana – Brindisi
15. Tosca – E lucevan le stelle
16. Tosca – Recondita armonia
17. Werther – Pourquoi me réveiller
18. Roméo et Juliette – L’amour! **NEW to this release
19. La fille du régiment – Pour mon âme quel destin! 
20. Il trovatore – Di quella pira
21. Andrea Chénier – Come un bel dì di maggio
22. Turandot – Nessun dorma **NEW recording

DIGITAL BONUS TRACKS
Il trovatore – Mal reggendo all'aspro assalto
Pagliacci – Un tal gioco, credetemi 
Werther – Je ne sais si je veille",2014-11-18 15:56:20+00:00,450,28681,154,3,False,PT1M45S,105,hd,false,False,Manon Lescaut (Opera)|Donna Non Vidi Mai (Composition)|Manon (Opera)|Andrea Bocelli (Musical Artist)|Opera (Composition Type),10,it,none,2014,4312,False,False,1.75,0.005369408319096266,0.00010459886335901817,6.651437847866419
j6cnybAGiGY,Andrea Bocelli - Amor Ti Vieta - Fedora (Official Commentary),"Reflecting his very first love, Opera: The Ultimate Collection is the definitive collection of Andrea Bocelli’s own beloved and favorite operatic selections that have inspired his career over the years. Bocelli explains, """"The main objective of this album is to draw people closer to the opera, in particular to the whole opera. So I chose the tracks that are the most engaging the first time you hear them. I hope I have made the right choice and it encourages people to discover more.” 
Opera – The Ultimate Collection has been released in over 56 countries, and features prestigious figures of the classical music world including bass-baritone Bryn Terfel and soprano Barbara Frittoli, as well as such esteemed conductors as Zubin Mehta, Myung-Whun Chung, and Plácido Domingo. The album also features orchestras from all over the world, including The Israel Philharmonic Orchestra, Orchestra e coro del Teatro Massimo Vincenzo Bellini di Catania, Orchestre Philharmonique de Radio France, Orchestra Sinfonica e Coro di Milano Giuseppe Verdi to name a few.

Often credited with bringing classical music to the masses, Bocelli has always performed and released both pop and core classical material, often combining both in two separate halves of his concerts. Over the years he has also appeared in numerous opera productions including Puccini’s La Bohème, Verdi’s Macbeth and Massenet’s Werther. His ability to comfortably sing varied repertoire is evident from his best-selling discography, which includes 9 chart-topping pop albums and 14 core classical recordings to date.

Bocelli is one of the world's most popular classical artists having sold 80 million records and counting. Drawing millions in with his popular crossover appeal, Bocelli has always enthusiastically shared his passion for classical repertoire which his fans have overwhelmingly embraced. Bocelli explains """"I simply enjoy sharing something so beautiful with as many people as possible.""""

Subscribe to Andrea's YouTube:
https://www.youtube.com/c/AndreaBocelli?sub_confirmation=1
Listen to the Essentials playlist: https://andreabocelli.lnk.to/EssentialsID

Follow Andrea:
Facebook: https://www.facebook.com/AndreaBocelli
Instagram: https://www.instagram.com/AndreaBocelli
Twitter: https://twitter.com/AndreaBocelli
YouTube: https://www.youtube.com/AndreaBocelli
TikTok: https://www.tiktok.com/@andreabocelliof

#AndreaBocelli #Bocelli

Opera: The Ultimate Collection Tracklist 
1. Rigoletto – La donna è mobile
2. La bohème – Che gelida manina
3. Pagliacci – Vesti la giubba
4. Verdi Requiem – Ingemisco
5. The Pearl Fishers – Au fond du temple saint w/ Bryn Terfel
6. Fedora – Amor ti vieta
7. Manon Lescaut – Donna non vidi mai **NEW recording
8. L’Elisir d’amore – Una furtiva lagrima
9. La traviata – O mio rimorso
10. Madama Butterfly – Addio fiorito asil
11. La bohème – O soave fanciulla w/ Barbara Frittoli
12. Aida – Celeste Aida
13. L’Arlesiana – Lamento di Federico
14. Cavalleria rusticana – Brindisi
15. Tosca – E lucevan le stelle
16. Tosca – Recondita armonia
17. Werther – Pourquoi me réveiller
18. Roméo et Juliette – L’amour! **NEW to this release
19. La fille du régiment – Pour mon âme quel destin! 
20. Il trovatore – Di quella pira
21. Andrea Chénier – Come un bel dì di maggio
22. Turandot – Nessun dorma **NEW recording

DIGITAL BONUS TRACKS
Il trovatore – Mal reggendo all'aspro assalto
Pagliacci – Un tal gioco, credetemi 
Werther – Je ne sais si je veille",2014-11-14 10:25:31+00:00,451,24768,189,6,False,PT1M21S,81,hd,false,False,Andrea Bocelli (Musical Artist)|Amor Ti Vieta|Fedora (Opera)|Opera (Composition Type),10,it,none,2014,4316,False,False,1.35,0.007630813953488372,0.00024224806201550387,5.738646895273401
Ix7Uwv56w2I,Andrea Bocelli - Au Fond Du Temple Saint - Les Pêcheurs De Perles (Official Commentary),"""Reflecting his very first love, Opera: The Ultimate Collection is the definitive collection of Andrea Bocelli’s own beloved and favorite operatic selections that have inspired his career over the years. Bocelli explains, """"The main objective of this album is to draw people closer to the opera, in particular to the whole opera. So I chose the tracks that are the most engaging the first time you hear them. I hope I have made the right choice and it encourages people to discover more.” 
Opera – The Ultimate Collection has been released in over 56 countries, and features prestigious figures of the classical music world including bass-baritone Bryn Terfel and soprano Barbara Frittoli, as well as such esteemed conductors as Zubin Mehta, Myung-Whun Chung, and Plácido Domingo. The album also features orchestras from all over the world, including The Israel Philharmonic Orchestra, Orchestra e coro del Teatro Massimo Vincenzo Bellini di Catania, Orchestre Philharmonique de Radio France, Orchestra Sinfonica e Coro di Milano Giuseppe Verdi to name a few.

Often credited with bringing classical music to the masses, Bocelli has always performed and released both pop and core classical material, often combining both in two separate halves of his concerts. Over the years he has also appeared in numerous opera productions including Puccini’s La Bohème, Verdi’s Macbeth and Massenet’s Werther. His ability to comfortably sing varied repertoire is evident from his best-selling discography, which includes 9 chart-topping pop albums and 14 core classical recordings to date.

Bocelli is one of the world's most popular classical artists having sold 80 million records and counting. Drawing millions in with his popular crossover appeal, Bocelli has always enthusiastically shared his passion for classical repertoire which his fans have overwhelmingly embraced. Bocelli explains ""I simply enjoy sharing something so beautiful with as many people as possible.""

Subscribe to Andrea's YouTube:
https://www.youtube.com/c/AndreaBocelli?sub_confirmation=1
Listen to the Essentials playlist: https://andreabocelli.lnk.to/EssentialsID

Follow Andrea:
Facebook: https://www.facebook.com/AndreaBocelli
Instagram: https://www.instagram.com/AndreaBocelli
Twitter: https://twitter.com/AndreaBocelli
YouTube: https://www.youtube.com/AndreaBocelli
TikTok: https://www.tiktok.com/@andreabocelliof

#AndreaBocelli #Bocelli

Opera: The Ultimate Collection Tracklist 
1. Rigoletto – La donna è mobile
2. La bohème – Che gelida manina
3. Pagliacci – Vesti la giubba
4. Verdi Requiem – Ingemisco
5. The Pearl Fishers – Au fond du temple saint w/ Bryn Terfel
6. Fedora – Amor ti vieta
7. Manon Lescaut – Donna non vidi mai **NEW recording
8. L’Elisir d’amore – Una furtiva lagrima
9. La traviata – O mio rimorso
10. Madama Butterfly – Addio fiorito asil
11. La bohème – O soave fanciulla w/ Barbara Frittoli
12. Aida – Celeste Aida
13. L’Arlesiana – Lamento di Federico
14. Cavalleria rusticana – Brindisi
15. Tosca – E lucevan le stelle
16. Tosca – Recondita armonia
17. Werther – Pourquoi me réveiller
18. Roméo et Juliette – L’amour! **NEW to this release
19. La fille du régiment – Pour mon âme quel destin! 
20. Il trovatore – Di quella pira
21. Andrea Chénier – Come un bel dì di maggio
22. Turandot – Nessun dorma **NEW recording

DIGITAL BONUS TRACKS
Il trovatore – Mal reggendo all'aspro assalto
Pagliacci – Un tal gioco, credetemi 
Werther – Je ne sais si je veille",2014-11-10 11:42:03+00:00,452,12685,83,0,False,PT1M12S,72,hd,false,False,The Pearl Fishers Duet (Composition)|Andrea Bocelli (Musical Artist)|Opera (Composition Type)|Bryn Terfel (Musical Artist),10,it,none,2014,4320,False,False,1.2,0.006543161214032322,0.0,2.9363425925925926
BmShlwSdxB0,Andrea Bocelli - Nessun Dorma! / Turandot (Picture Postcard),"Reflecting his very first love, Opera – The Ultimate Collection is the definitive collection of Andrea Bocelli’s own beloved and favorite operatic selections that have inspired his career over the years. Bocelli explains, ""The main objective of this album is to draw people closer to the opera, in particular to the whole opera. So I chose the tracks that are the most engaging the first time you hear them. I hope I have made the right choice and it encourages people to discover more.” 
Opera – The Ultimate Collection has been released in over 56 countries, and features prestigious figures of the classical music world including bass-baritone Bryn Terfel and soprano Barbara Frittoli, as well as such esteemed conductors as Zubin Mehta, Myung-Whun Chung, and Plácido Domingo. The album also features orchestras from all over the world, including The Israel Philharmonic Orchestra, Orchestra e coro del Teatro Massimo Vincenzo Bellini di Catania, Orchestre Philharmonique de Radio France, Orchestra Sinfonica e Coro di Milano Giuseppe Verdi to name a few.

Often credited with bringing classical music to the masses, Bocelli has always performed and released both pop and core classical material, often combining both in two separate halves of his concerts. Over the years he has also appeared in numerous opera productions including Puccini’s La Bohème, Verdi’s Macbeth and Massenet’s Werther. His ability to comfortably sing varied repertoire is evident from his best-selling discography, which includes 9 chart-topping pop albums and 14 core classical recordings to date.

Bocelli is one of the world's most popular classical artists having sold 80 million records and counting. Drawing millions in with his popular crossover appeal, Bocelli has always enthusiastically shared his passion for classical repertoire which his fans have overwhelmingly embraced. Bocelli explains ""I simply enjoy sharing something so beautiful with as many people as possible.""

Subscribe to Andrea's YouTube:
https://www.youtube.com/c/AndreaBocelli?sub_confirmation=1
Listen to the Essentials playlist: https://andreabocelli.lnk.to/EssentialsID

Follow Andrea:
Facebook: https://www.facebook.com/AndreaBocelli
Instagram: https://www.instagram.com/AndreaBocelli
Twitter: https://twitter.com/AndreaBocelli
YouTube: https://www.youtube.com/AndreaBocelli
TikTok: https://www.tiktok.com/@andreabocelliof

#AndreaBocelli #Bocelli

Opera: The Ultimate Collection Tracklist 
1. Rigoletto – La donna è mobile
2. La bohème – Che gelida manina
3. Pagliacci – Vesti la giubba
4. Verdi Requiem – Ingemisco
5. The Pearl Fishers – Au fond du temple saint w/ Bryn Terfel
6. Fedora – Amor ti vieta
7. Manon Lescaut – Donna non vidi mai
8. L’Elisir d’amore – Una furtiva lagrima
9. La traviata – O mio rimorso
10. Madama Butterfly – Addio fiorito asil
11. La bohème – O soave fanciulla w/ Barbara Frittoli
12. Aida – Celeste Aida
13. L’Arlesiana – Lamento di Federico
14. Cavalleria rusticana – Brindisi
15. Tosca – E lucevan le stelle
16. Tosca – Recondita armonia
17. Werther – Pourquoi me réveiller
18. Roméo et Juliette – L’amour!
19. La fille du régiment – Pour mon âme quel destin! 
20. Il trovatore – Di quella pira
21. Andrea Chénier – Come un bel dì di maggio
22. Turandot – Nessun dorma

DIGITAL BONUS TRACKS
Il trovatore – Mal reggendo all'aspro assalto
Pagliacci – Un tal gioco, credetemi 
Werther – Je ne sais si je veille",2014-11-06 10:44:16+00:00,453,71031,642,16,False,PT1M13S,73,hd,false,False,Nessun Dorma (Musical Recording)|Andrea Bocelli (Musical Artist)|Turandot (Opera),10,it,none,2014,4324,False,False,1.2166666666666666,0.00903830721797525,0.0002252537624417508,16.427150786308975
ff289bw_Uyg,Andrea Bocelli - Ingemisco -  Requiem (Official Commentary),"""Reflecting his very first love, Opera: The Ultimate Collection is the definitive collection of Andrea Bocelli’s own beloved and favorite operatic selections that have inspired his career over the years. Bocelli explains, """"The main objective of this album is to draw people closer to the opera, in particular to the whole opera. So I chose the tracks that are the most engaging the first time you hear them. I hope I have made the right choice and it encourages people to discover more.” 
Opera – The Ultimate Collection has been released in over 56 countries, and features prestigious figures of the classical music world including bass-baritone Bryn Terfel and soprano Barbara Frittoli, as well as such esteemed conductors as Zubin Mehta, Myung-Whun Chung, and Plácido Domingo. The album also features orchestras from all over the world, including The Israel Philharmonic Orchestra, Orchestra e coro del Teatro Massimo Vincenzo Bellini di Catania, Orchestre Philharmonique de Radio France, Orchestra Sinfonica e Coro di Milano Giuseppe Verdi to name a few.

Often credited with bringing classical music to the masses, Bocelli has always performed and released both pop and core classical material, often combining both in two separate halves of his concerts. Over the years he has also appeared in numerous opera productions including Puccini’s La Bohème, Verdi’s Macbeth and Massenet’s Werther. His ability to comfortably sing varied repertoire is evident from his best-selling discography, which includes 9 chart-topping pop albums and 14 core classical recordings to date.

Bocelli is one of the world's most popular classical artists having sold 80 million records and counting. Drawing millions in with his popular crossover appeal, Bocelli has always enthusiastically shared his passion for classical repertoire which his fans have overwhelmingly embraced. Bocelli explains ""I simply enjoy sharing something so beautiful with as many people as possible.""

Subscribe to Andrea's YouTube:
https://www.youtube.com/c/AndreaBocelli?sub_confirmation=1
Listen to the Essentials playlist: https://andreabocelli.lnk.to/EssentialsID

Follow Andrea:
Facebook: https://www.facebook.com/AndreaBocelli
Instagram: https://www.instagram.com/AndreaBocelli
Twitter: https://twitter.com/AndreaBocelli
YouTube: https://www.youtube.com/AndreaBocelli
TikTok: https://www.tiktok.com/@andreabocelliof

#AndreaBocelli #Bocelli

Opera: The Ultimate Collection Tracklist 
1. Rigoletto – La donna è mobile
2. La bohème – Che gelida manina
3. Pagliacci – Vesti la giubba
4. Verdi Requiem – Ingemisco
5. The Pearl Fishers – Au fond du temple saint w/ Bryn Terfel
6. Fedora – Amor ti vieta
7. Manon Lescaut – Donna non vidi mai **NEW recording
8. L’Elisir d’amore – Una furtiva lagrima
9. La traviata – O mio rimorso
10. Madama Butterfly – Addio fiorito asil
11. La bohème – O soave fanciulla w/ Barbara Frittoli
12. Aida – Celeste Aida
13. L’Arlesiana – Lamento di Federico
14. Cavalleria rusticana – Brindisi
15. Tosca – E lucevan le stelle
16. Tosca – Recondita armonia
17. Werther – Pourquoi me réveiller
18. Roméo et Juliette – L’amour! **NEW to this release
19. La fille du régiment – Pour mon âme quel destin! 
20. Il trovatore – Di quella pira
21. Andrea Chénier – Come un bel dì di maggio
22. Turandot – Nessun dorma **NEW recording

DIGITAL BONUS TRACKS
Il trovatore – Mal reggendo all'aspro assalto
Pagliacci – Un tal gioco, credetemi 
Werther – Je ne sais si je veille",2014-11-06 08:37:35+00:00,454,16920,121,1,False,PT2M4S,124,hd,false,False,Andrea Bocelli (Musical Artist)|Ingemisco|Requiem (Composition Type)|Opera (Composition Type),10,it,none,2014,4324,False,False,2.066666666666667,0.007151300236406619,5.9101654846335695e-05,3.9130434782608696
NkXd70YQwlA,Andrea Bocelli - Recitar! ... Vesti La Giubba - Pagliacci (Official Commentary),"Andrea Bocelli sings Recitar! ... Vesti La Giubba.
Subscribe to Andrea's YouTube:
https://www.youtube.com/c/AndreaBocelli?sub_confirmation=1
Listen to the Essentials playlist: https://andreabocelli.lnk.to/EssentialsID

Follow Andrea:
Facebook: https://www.facebook.com/AndreaBocelli
Instagram: https://www.instagram.com/AndreaBocelli
Twitter: https://twitter.com/AndreaBocelli
YouTube: https://www.youtube.com/AndreaBocelli
TikTok: https://www.tiktok.com/@andreabocelliof

#AndreaBocelli #Bocelli",2014-10-31 08:23:48+00:00,455,23381,176,9,False,PT1M35S,95,hd,false,False,Vesti La Giubba|Pagliacci (Opera)|Andrea Bocelli (Musical Artist)|Opera (Composition Type),10,en,none,2014,4330,False,False,1.5833333333333333,0.007527479577434669,0.00038492793293700014,5.399769053117783
jxSGpXxNMXQ,Andrea Bocelli - Che Gelida Manina (La Bohème) (Official Commentary),"Reflecting his very first love, Opera: The Ultimate Collection is the definitive collection of Andrea Bocelli’s own beloved and favorite operatic selections that have inspired his career over the years. Bocelli explains, """"The main objective of this album is to draw people closer to the opera, in particular to the whole opera. So I chose the tracks that are the most engaging the first time you hear them. I hope I have made the right choice and it encourages people to discover more.” 
Opera – The Ultimate Collection has been released in over 56 countries, and features prestigious figures of the classical music world including bass-baritone Bryn Terfel and soprano Barbara Frittoli, as well as such esteemed conductors as Zubin Mehta, Myung-Whun Chung, and Plácido Domingo. The album also features orchestras from all over the world, including The Israel Philharmonic Orchestra, Orchestra e coro del Teatro Massimo Vincenzo Bellini di Catania, Orchestre Philharmonique de Radio France, Orchestra Sinfonica e Coro di Milano Giuseppe Verdi to name a few.

Often credited with bringing classical music to the masses, Bocelli has always performed and released both pop and core classical material, often combining both in two separate halves of his concerts. Over the years he has also appeared in numerous opera productions including Puccini’s La Bohème, Verdi’s Macbeth and Massenet’s Werther. His ability to comfortably sing varied repertoire is evident from his best-selling discography, which includes 9 chart-topping pop albums and 14 core classical recordings to date.

Bocelli is one of the world's most popular classical artists having sold 80 million records and counting. Drawing millions in with his popular crossover appeal, Bocelli has always enthusiastically shared his passion for classical repertoire which his fans have overwhelmingly embraced. Bocelli explains """"I simply enjoy sharing something so beautiful with as many people as possible.""""

Subscribe to Andrea's YouTube:
https://www.youtube.com/c/AndreaBocelli?sub_confirmation=1
Listen to the Essentials playlist: https://andreabocelli.lnk.to/EssentialsID

Follow Andrea:
Facebook: https://www.facebook.com/AndreaBocelli
Instagram: https://www.instagram.com/AndreaBocelli
Twitter: https://twitter.com/AndreaBocelli
YouTube: https://www.youtube.com/AndreaBocelli
TikTok: https://www.tiktok.com/@andreabocelliof

#AndreaBocelli #Bocelli

Opera: The Ultimate Collection Tracklist 
1. Rigoletto – La donna è mobile
2. La bohème – Che gelida manina
3. Pagliacci – Vesti la giubba
4. Verdi Requiem – Ingemisco
5. The Pearl Fishers – Au fond du temple saint w/ Bryn Terfel
6. Fedora – Amor ti vieta
7. Manon Lescaut – Donna non vidi mai **NEW recording
8. L’Elisir d’amore – Una furtiva lagrima
9. La traviata – O mio rimorso
10. Madama Butterfly – Addio fiorito asil
11. La bohème – O soave fanciulla w/ Barbara Frittoli
12. Aida – Celeste Aida
13. L’Arlesiana – Lamento di Federico
14. Cavalleria rusticana – Brindisi
15. Tosca – E lucevan le stelle
16. Tosca – Recondita armonia
17. Werther – Pourquoi me réveiller
18. Roméo et Juliette – L’amour! **NEW to this release
19. La fille du régiment – Pour mon âme quel destin! 
20. Il trovatore – Di quella pira
21. Andrea Chénier – Come un bel dì di maggio
22. Turandot – Nessun dorma **NEW recording

DIGITAL BONUS TRACKS
Il trovatore – Mal reggendo all'aspro assalto
Pagliacci – Un tal gioco, credetemi 
Werther – Je ne sais si je veille",2014-10-29 13:44:33+00:00,456,42076,325,10,False,PT2M13S,133,hd,false,False,Opera (Composition Type)|Che Gelida Manina|Andrea Bocelli (Musical Artist)|La Bohème (Opera),10,it,none,2014,4332,False,False,2.216666666666667,0.007724118262192224,0.00023766517729822227,9.712834718374884
mR4FUhVOVgc,Andrea Bocelli - Opera: The Ultimate Collection (Introduction: Part 2),"Reflecting his very first love, Opera: The Ultimate Collection is the definitive collection of Andrea Bocelli’s own beloved and favorite operatic selections that have inspired his career over the years.  Bocelli explains, """"The main objective of this album is to draw people closer to the opera, in particular to the whole opera. So I chose the tracks that are the most engaging the first time you hear them. I hope I have made the right choice and it encourages people to discover more.”  
Opera – The Ultimate Collection has been released in over 56 countries, and features prestigious figures of the classical music world including bass-baritone Bryn Terfel and soprano Barbara Frittoli, as well as such esteemed conductors as Zubin Mehta, Myung-Whun Chung, and Plácido Domingo. The album also features orchestras from all over the world, including The Israel Philharmonic Orchestra, Orchestra e coro del Teatro Massimo Vincenzo Bellini di Catania, Orchestre Philharmonique de Radio France, Orchestra Sinfonica e Coro di Milano Giuseppe Verdi to name a few.

Often credited with bringing classical music to the masses, Bocelli has always performed and released both pop and core classical material, often combining both in two separate halves of his concerts.  Over the years he has also appeared in numerous opera productions including Puccini’s La Bohème, Verdi’s Macbeth and Massenet’s Werther.  His ability to comfortably sing varied repertoire is evident from his best-selling discography, which includes 9 chart-topping pop albums and 14 core classical recordings to date.

Bocelli is one of the world's most popular classical artists having sold 80 million records and counting. Drawing millions in with his popular crossover appeal, Bocelli has always enthusiastically shared his passion for classical repertoire which his fans have overwhelmingly embraced. Bocelli explains """"I simply enjoy sharing something so beautiful with as many people as possible.""""

Subscribe to Andrea's YouTube:
https://www.youtube.com/c/AndreaBocelli?sub_confirmation=1
Listen to the Essentials playlist: https://andreabocelli.lnk.to/EssentialsID

Follow Andrea:
Facebook: https://www.facebook.com/AndreaBocelli
Instagram: https://www.instagram.com/AndreaBocelli
Twitter: https://twitter.com/AndreaBocelli
YouTube: https://www.youtube.com/AndreaBocelli
TikTok: https://www.tiktok.com/@andreabocelliof

#AndreaBocelli #Bocelli

Opera: The Ultimate Collection Tracklist 
1. Rigoletto – La donna è mobile
2. La bohème – Che gelida manina
3. Pagliacci – Vesti la giubba
4. Verdi Requiem – Ingemisco
5. The Pearl Fishers – Au fond du temple saint w/ Bryn Terfel
6. Fedora – Amor ti vieta
7. Manon Lescaut – Donna non vidi mai
8. L’Elisir d’amore – Una furtiva lagrima
9. La traviata – O mio rimorso
10. Madama Butterfly – Addio fiorito asil
11. La bohème – O soave fanciulla w/ Barbara Frittoli
12. Aida – Celeste Aida
13. L’Arlesiana – Lamento di Federico
14. Cavalleria rusticana – Brindisi
15. Tosca – E lucevan le stelle
16. Tosca – Recondita armonia
17. Werther – Pourquoi me réveiller
18. Roméo et Juliette – L’amour!
19. La fille du régiment – Pour mon âme quel destin!  
20. Il trovatore – Di quella pira
21. Andrea Chénier – Come un bel dì di maggio
22. Turandot – Nessun dorma

DIGITAL BONUS TRACKS
Il trovatore – Mal reggendo all'aspro assalto
Pagliacci – Un tal gioco, credetemi 
Werther – Je ne sais si je veille",2014-10-24 06:43:55+00:00,457,50510,326,12,False,PT3M12S,192,hd,false,False,Andrea Bocelli (Musical Artist)|Opera (Composition Type),10,it,none,2014,4338,False,False,3.2,0.006454167491585824,0.0002375767174816868,11.643614568925772
hlBiL-WX2yI,Andrea Bocelli - Opera: The Ultimate Collection (Introduction: Part 1),"Reflecting his very first love, Opera: The Ultimate Collection is the definitive collection of Andrea Bocelli’s own beloved and favorite operatic selections that have inspired his career over the years.  Bocelli explains, ""The main objective of this album is to draw people closer to the opera, in particular to the whole opera. So I chose the tracks that are the most engaging the first time you hear them. I hope I have made the right choice and it encourages people to discover more.”  
Opera – The Ultimate Collection has been released in over 56 countries, and features prestigious figures of the classical music world including bass-baritone Bryn Terfel and soprano Barbara Frittoli, as well as such esteemed conductors as Zubin Mehta, Myung-Whun Chung, and Plácido Domingo. The album also features orchestras from all over the world, including The Israel Philharmonic Orchestra, Orchestra e coro del Teatro Massimo Vincenzo Bellini di Catania, Orchestre Philharmonique de Radio France, Orchestra Sinfonica e Coro di Milano Giuseppe Verdi to name a few.

Often credited with bringing classical music to the masses, Bocelli has always performed and released both pop and core classical material, often combining both in two separate halves of his concerts.  Over the years he has also appeared in numerous opera productions including Puccini’s La Bohème, Verdi’s Macbeth and Massenet’s Werther.  His ability to comfortably sing varied repertoire is evident from his best-selling discography, which includes 9 chart-topping pop albums and 14 core classical recordings to date.

Bocelli is one of the world's most popular classical artists having sold 80 million records and counting. Drawing millions in with his popular crossover appeal, Bocelli has always enthusiastically shared his passion for classical repertoire which his fans have overwhelmingly embraced. Bocelli explains ""I simply enjoy sharing something so beautiful with as many people as possible.""

Subscribe to Andrea's YouTube:
https://www.youtube.com/c/AndreaBocelli?sub_confirmation=1
Listen to the Essentials playlist: https://andreabocelli.lnk.to/EssentialsID

Follow Andrea:
Facebook: https://www.facebook.com/AndreaBocelli
Instagram: https://www.instagram.com/AndreaBocelli
Twitter: https://twitter.com/AndreaBocelli
YouTube: https://www.youtube.com/AndreaBocelli
TikTok: https://www.tiktok.com/@andreabocelliof

#AndreaBocelli #Bocelli

Opera: The Ultimate Collection Tracklist 
1. Rigoletto – La donna è mobile
2. La bohème – Che gelida manina
3. Pagliacci – Vesti la giubba
4. Verdi Requiem – Ingemisco
5. The Pearl Fishers – Au fond du temple saint w/ Bryn Terfel
6. Fedora – Amor ti vieta
7. Manon Lescaut – Donna non vidi mai
8. L’Elisir d’amore – Una furtiva lagrima
9. La traviata – O mio rimorso
10. Madama Butterfly – Addio fiorito asil
11. La bohème – O soave fanciulla w/ Barbara Frittoli
12. Aida – Celeste Aida
13. L’Arlesiana – Lamento di Federico
14. Cavalleria rusticana – Brindisi
15. Tosca – E lucevan le stelle
16. Tosca – Recondita armonia
17. Werther – Pourquoi me réveiller
18. Roméo et Juliette – L’amour!
19. La fille du régiment – Pour mon âme quel destin!  
20. Il trovatore – Di quella pira
21. Andrea Chénier – Come un bel dì di maggio
22. Turandot – Nessun dorma

DIGITAL BONUS TRACKS
Il trovatore – Mal reggendo all'aspro assalto
Pagliacci – Un tal gioco, credetemi 
Werther – Je ne sais si je veille",2014-10-23 07:45:06+00:00,458,97254,693,21,False,PT3M35S,215,hd,false,False,Andrea Bocelli (Musical Artist)|Opera (Composition Type),10,it,none,2014,4338,False,False,3.5833333333333335,0.007125670923560984,0.00021592942192609043,22.41908713692946
tqMDqO1ehRQ,Andrea Bocelli - Opera: The Ultimate Collection (Official Trailer),"Reflecting his very first love, Opera: The Ultimate Collection is the definitive collection of Andrea Bocelli’s own beloved and favourite operatic selections that have inspired his career over the years.  Bocelli explains, ""The main objective of this album is to draw people closer to the opera, in particular to the whole opera. So I chose the tracks that are the most engaging the first time you hear them. I hope I have made the right choice and it encourages people to discover more.”

Opera: The Ultimate Collection has been released in over 56 countries, and features prestigious figures of the classical music world including bass-baritone Bryn Terfel and soprano Barbara Frittoli, as well as such esteemed conductors as Zubin Mehta, Myung-Whun Chung, and Plácido Domingo. The album also features orchestras from all over the world, including The Israel Philharmonic Orchestra, Orchestra e coro del Teatro Massimo Vincenzo Bellini di Catania, Orchestre Philharmonique de Radio France, Orchestra Sinfonica e Coro di Milano Giuseppe Verdi to name a few.

Often credited with bringing classical music to the masses, Bocelli has always performed and released both pop and core classical material, often combining both in two separate halves of his concerts.  Over the years he has also appeared in numerous opera productions including Puccini’s La Bohème, Verdi’s Macbeth and Massenet’s Werther.  His ability to comfortably sing varied repertoire is evident from his best-selling discography, which includes 9 chart-topping pop albums and 14 core classical recordings to date.

Bocelli is one of the world's most popular classical artists having sold 80 million records and counting. Drawing millions in with his popular crossover appeal, Bocelli has always enthusiastically shared his passion for classical repertoire which his fans have overwhelmingly embraced. Bocelli explains ""I simply enjoy sharing something so beautiful with as many people as possible.""

Subscribe to Andrea's YouTube:
https://www.youtube.com/c/AndreaBocelli?sub_confirmation=1
Listen to the Essentials playlist: https://andreabocelli.lnk.to/EssentialsID

Follow Andrea:
Facebook: https://www.facebook.com/AndreaBocelli
Instagram: https://www.instagram.com/AndreaBocelli
Twitter: https://twitter.com/AndreaBocelli
YouTube: https://www.youtube.com/AndreaBocelli
TikTok: https://www.tiktok.com/@andreabocelliof

#AndreaBocelli #Bocelli #Opera

Opera: The Ultimate Collection Tracklist 
1. Rigoletto – La donna è mobile
2. La bohème – Che gelida manina
3. Pagliacci – Vesti la giubba
4. Verdi Requiem – Ingemisco
5. The Pearl Fishers – Au fond du temple saint w/ Bryn Terfel
6. Fedora – Amor ti vieta
7. Manon Lescaut – Donna non vidi mai **NEW recording
8. L’Elisir d’amore – Una furtiva lagrima
9. La traviata – O mio rimorso
10. Madama Butterfly – Addio fiorito asil
11. La bohème – O soave fanciulla w/ Barbara Frittoli
12. Aida – Celeste Aida
13. L’Arlesiana – Lamento di Federico
14. Cavalleria rusticana – Brindisi
15. Tosca – E lucevan le stelle
16. Tosca – Recondita armonia
17. Werther – Pourquoi me réveiller
18. Roméo et Juliette – L’amour!
19. La fille du régiment – Pour mon âme quel destin!  
20. Il trovatore – Di quella pira
21. Andrea Chénier – Come un bel dì di maggio
22. Turandot – Nessun dorma

DIGITAL BONUS TRACKS
23. Il trovatore – Mal reggendo all'aspro assalto
24. Pagliacci – Un tal gioco, credetemi 
25. Werther – Je ne sais si je veille",2014-10-09 15:38:19+00:00,459,341689,1749,60,False,PT1M56S,116,hd,false,False,Opera (Composition Type)|Andrea Bocelli (Musical Artist),10,it,none,2014,4352,False,False,1.9333333333333333,0.005118689802715334,0.00017559827796622074,78.5130974264706
y7ZFqSYdTys,Andrea Bocelli - Can't Help Falling in Love (Happy Birthday Andrea!),"Andrea Bocelli sings Can't Help Falling in Love as part of his birthday celebration in Melbourne, 2014.

Subscribe to Andrea's YouTube:
https://www.youtube.com/c/AndreaBocelli?sub_confirmation=1
Listen to the Essentials playlist: https://andreabocelli.lnk.to/EssentialsID

Follow Andrea:
Facebook: https://www.facebook.com/AndreaBocelli
Instagram: https://www.instagram.com/AndreaBocelli
Twitter: https://twitter.com/AndreaBocelli
YouTube: https://www.youtube.com/AndreaBocelli
TikTok: https://www.tiktok.com/@andreabocelliof

#AndreaBocelli #Bocelli",2014-09-22 12:07:59+00:00,460,3451238,22426,360,False,PT4M45S,285,hd,false,False,Andrea Bocelli,10,en,none,2014,4369,False,False,4.75,0.006497958124012311,0.00010431039528424293,789.9377431906614
VcOWB-6QYXQ,Andrea Bocelli ‎ALS Ice Bucket Challenge,"I accept your challenge my friend @LauraPausini ‪#‎ALSIceBucketChallenge‬
My nominations are: 
@MichaelBuble, @RamazzottiEros, @DeltaGoodrem, @billclinton , @officialdfoster, @m_hunziker, @delpieroale, @gianluigibuffon",2014-08-19 19:12:03+00:00,461,560094,0,288,False,PT11S,11,hd,false,False,#‎ALSIceBucketChallenge|Andrea Bocelli (Musical Artist)|Laura Pausini (Musical Artist)|Eros Ramazzotti (Musical Artist)|Michael Bublé (Celebrity)|Alessandro Del Piero (Football Player)|Gianluigi Buffon (Football Player)|David Foster (Composer),29,it,none,2014,4403,False,True,0.18333333333333332,0.0,0.0005141994022431949,127.20735861912333
KvaKGhTIJgI,Andrea Bocelli: Annuncio Nuovo Sito,"Andrea Bocelli announces the launch of his new website.
Subscribe to Andrea's YouTube:
https://www.youtube.com/c/AndreaBocelli?sub_confirmation=1
Listen to the Essentials playlist: https://andreabocelli.lnk.to/EssentialsID

Follow Andrea:
Facebook: https://www.facebook.com/AndreaBocelli
Instagram: https://www.instagram.com/AndreaBocelli
Twitter: https://twitter.com/AndreaBocelli
YouTube: https://www.youtube.com/AndreaBocelli
TikTok: https://www.tiktok.com/@andreabocelliof

#AndreaBocelli #Bocelli",2014-07-31 10:25:11+00:00,462,53169,655,127,False,PT57S,57,sd,false,False,Andrea Bocelli (Musical Artist)|scozzese design,10,it,none,2014,4422,False,True,0.95,0.012319208561379752,0.0023886099042675244,12.023744911804613
-qyL61t5Q6w,Andrea Bocelli celebrates Mother's Day,"Subscribe to Andrea's YouTube:
https://www.youtube.com/c/AndreaBocelli?sub_confirmation=1
Listen to the Essentials playlist: https://andreabocelli.lnk.to/EssentialsID

Follow Andrea:
Facebook: https://www.facebook.com/AndreaBocelli
Instagram: https://www.instagram.com/AndreaBocelli
Twitter: https://twitter.com/AndreaBocelli
YouTube: https://www.youtube.com/AndreaBocelli
TikTok: https://www.tiktok.com/@andreabocelliof

#AndreaBocelli #Bocelli",2014-05-09 14:31:14+00:00,463,71293,851,30,False,PT1M34S,94,hd,false,False,mother's day|Andrea Bocelli (Musical Artist),10,en,none,2014,4505,False,False,1.5666666666666667,0.011936655772656502,0.0004207986758868332,15.825305216426193
_pY8_yEi-nc,Andrea Bocelli - La Forza Del Sorriso (Song for Expo Milano 2015),"Andrea Bocelli sings La Forza Del Sorriso for Expo Milano 2015.
Subscribe to Andrea's YouTube:
https://www.youtube.com/c/AndreaBocelli?sub_confirmation=1
Listen to the Essentials playlist: https://andreabocelli.lnk.to/EssentialsID

Follow Andrea:
Facebook: https://www.facebook.com/AndreaBocelli
Instagram: https://www.instagram.com/AndreaBocelli
Twitter: https://twitter.com/AndreaBocelli
YouTube: https://www.youtube.com/AndreaBocelli
TikTok: https://www.tiktok.com/@andreabocelliof

#AndreaBocelli #Bocelli

Andrea Bocelli - La Forza Del Sorriso
Music by Andrea Morricone - Lyrics by Andrea Bocelli Music composed, arranged and orchestrated by Andrea Morricone Vocals recorded at Hit Factory Criteria Studios, Miami, FL Editing and Mixing by Pierpaolo Guerrini @ PPG Studios, Italy © Sugar S.r.l. Almud Edizioni Musicali S.r.l (P) Sugar S.r.l.",2014-04-30 18:30:01+00:00,464,46454,0,21,False,PT2M19S,139,hd,false,False,expo 2015|milano|bocelli|la forza del sorriso,10,it,none,2014,4514,False,False,2.316666666666667,0.0,0.0004520601024669566,10.291094373061586
MF5Lc6P2-ig,Andrea Bocelli - La Forza Del Sorriso (Song for Expo Milano 2015),"Andrea Bocelli sings La Forza Del Sorriso for Expo Milano 2015.
Subscribe to Andrea's YouTube:
https://www.youtube.com/c/AndreaBocelli?sub_confirmation=1
Listen to the Essentials playlist: https://andreabocelli.lnk.to/EssentialsID

Follow Andrea:
Facebook: https://www.facebook.com/AndreaBocelli
Instagram: https://www.instagram.com/AndreaBocelli
Twitter: https://twitter.com/AndreaBocelli
YouTube: https://www.youtube.com/AndreaBocelli
TikTok: https://www.tiktok.com/@andreabocelliof

#AndreaBocelli #Bocelli

Andrea Bocelli - La Forza Del Sorriso
Music by Andrea Morricone - Lyrics by Andrea Bocelli Music composed, arranged and orchestrated by Andrea Morricone Vocals recorded at Hit Factory Criteria Studios, Miami, FL Editing and Mixing by Pierpaolo Guerrini @ PPG Studios, Italy © Sugar S.r.l. Almud Edizioni Musicali S.r.l (P) Sugar S.r.l.",2014-04-30 18:30:00+00:00,465,173684,0,61,False,PT2M19S,139,hd,false,False,Expo 2015|Milano|Bocelli|Bocelli (Musical Album)|la forza del sorriso,10,it,none,2014,4514,False,False,2.316666666666667,0.0,0.0003512125469242993,38.476739034116086
od4frPlv75w,Andrea Bocelli - Waiting For ... Love in Portofino (Era Già Tutto Previsto),"The unique voice of tenor Andrea Bocelli, the music of among the greatest musicians of all time, including Ennio Morricone, Elvis Presley, Fred Buscaglione and superb duets featuring Jennifer Lopez, Chris Botti, Sandy, Caroline Campbell and Veronica Berti: all in one project comprising CD and DVD called Love in Portofino.

Love in Portofino blends some of the highlights taken from the live performance in Portofino with in-studio recordings drawn from Bocelli's album Passione. The DVD contains footage from the concert event held by Bocelli in Portofino in August 2012 before a most prestigious international audience comprising friends, fellow musicians and admirers of the likes of the Academy Award Winner Michael Caine, Paul Anka and Ornella Muti.

The audio portion of the project, Love in Portofino, features Andrea Bocelli's performances of some of the best known Italian and international songs, recorded live during the concert held in the Ligurian town. Among these: Anema e Core, Love in Portofino, Il Nostro incontro featuring trumpeter Chris Botti (with music composed by Ennio and Andrea Morricone), Corcovado and Quiet Nights of Quiet Stars with Brazilian sensation Sandy, Qualche Stupido 'Ti Amo, the Italian version of Somethin' Stupid, in an exclusive duet with partner Veronica Berti. However, the album will also take a peek into the tenor's most recent worldwide success, the in-studio album Passione, as a matter of fact, the CD contained in Love in Portofino also includes Bocelli's duet with Jennifer Lopez on Quizás, Quizás, Quizás, Love Me Tender, as well as Champagne, Roma Nun fa' la Stupida Stasera and Perfidia.

The video portion of the project offers footage of the live event held in Portofino, with the stunning Ligurian seaside town as the amazing backdrop to a fabulous concert. That night, the tenor performed side by side with prestigious artists, including: Sandy, Caroline Campbell and Chris Botti duetting on some of the most notable and well loved songs in the world.

Love in Portofino follows the tenor's recent worldwide success Passione; the chart busting album which stuck to the Billboard 200 chart for over two months.

Subscribe to Andrea's YouTube:
https://www.youtube.com/c/AndreaBocelli?sub_confirmation=1
Listen to the Essentials playlist: https://andreabocelli.lnk.to/EssentialsID

Follow Andrea:
Facebook: https://www.facebook.com/AndreaBocelli
Instagram: https://www.instagram.com/AndreaBocelli
Twitter: https://twitter.com/AndreaBocelli
YouTube: https://www.youtube.com/AndreaBocelli
TikTok: https://www.tiktok.com/@andreabocelliof

#AndreaBocelli #Bocelli",2013-09-24 17:58:01+00:00,466,2019236,3900,56,False,PT31S,31,hd,false,False,Andrea Bocelli (Musical Artist)|Portofino (City/Town/Village)|Adult Contemporary Music (Radio Format)|Sugar Music (Record Label)|era già tutto previsto,10,en,none,2013,4732,False,True,0.5166666666666667,0.0019314235681218044,2.7733261490979755e-05,426.7193575655114
ryrXHi-EZsg,The Andrea Bocelli Foundation,"https://www.andreabocellifoundation.org/
Subscribe to Andrea's YouTube:
https://www.youtube.com/c/AndreaBocelli?sub_confirmation=1
Listen to the Essentials playlist: https://andreabocelli.lnk.to/EssentialsID

Follow Andrea:
Facebook: https://www.facebook.com/AndreaBocelli
Instagram: https://www.instagram.com/AndreaBocelli
Twitter: https://twitter.com/AndreaBocelli
YouTube: https://www.youtube.com/AndreaBocelli
TikTok: https://www.tiktok.com/@andreabocelliof

#AndreaBocelli #Bocelli",2013-08-29 00:05:03+00:00,467,25309,418,41,False,PT5M4S,304,hd,false,False,Andrea Bocelli (Musical Artist)|Foundation (Organization Type)|Massachusetts Institute Of Technology (College/University),29,en,none,2013,4759,False,False,5.066666666666666,0.016515863921925007,0.0016199770832510175,5.318134061777684
KpK9zT5uomw,Andrea Bocelli & CARisMA - Aranjuez,"Andrea Bocelli & CARisMA perform Aranjuez at the Hong Kong Exhibition Center.
Subscribe to Andrea's YouTube:
https://www.youtube.com/c/AndreaBocelli?sub_confirmation=1
Listen to the Essentials playlist: https://andreabocelli.lnk.to/EssentialsID

Follow Andrea:
Facebook: https://www.facebook.com/AndreaBocelli
Instagram: https://www.instagram.com/AndreaBocelli
Twitter: https://twitter.com/AndreaBocelli
YouTube: https://www.youtube.com/AndreaBocelli
TikTok: https://www.tiktok.com/@andreabocelliof

#AndreaBocelli #Bocelli #CARisMA",2013-05-28 01:17:44+00:00,468,599829,5110,284,False,PT3M59S,239,hd,false,False,Andrea Bocelli|carisma|concert|live,10,it,none,2013,4852,False,False,3.9833333333333334,0.008519094608630127,0.0004734682717907937,123.62510305028854
4REbp0s_G9w,"Andrea Bocelli, Edith Piaf - La Vie En Rose (Official Live Performance)","Music video by Andrea Bocelli performing La Vie En Rose.© 2013 Sugar s.r.l., under exclusive license to Universal International Music B.V.",2013-02-15 13:45:12+00:00,469,36234013,263793,3993,False,PT3M17S,197,hd,true,True,#EllieGoulding|#ReturnToLove|#AndreaBocelli|#SiForever|#NewAlbum,10,en-US,none,2013,4953,False,False,3.283333333333333,0.007280259020716253,0.00011020032476115743,7315.568948112255
9tVKEx0ZvqY,Andrea Bocelli - Love In Portofino (Exclusive Cinema Interview),"Andrea Bocelli makes his global cinema debut with the Love In Portofino concert. Releasing around the world, audiences can experience the world's most beloved tenor performing the world's greatest love songs in one of the most romantic settings on earth.

Captured live in August 2012, Andrea Bocelli and musical host David Foster perform and share the stage with a sensational ensemble of supporting talent, including Caroline Campbell on violin, German star Helene Fischer and Brazilian singer-songwriter Sandy on vocals, Chris Botti playing trumpet, and Bocelli's fiancée Veronica Berti joining him for a duet of Something Stupid, all backed by a 40 piece orchestra & rhythm section.  The film also features an exclusive cinema interview with Bocelli and family filmed at his Italian home.

Subscribe to Andrea's YouTube:
https://www.youtube.com/c/AndreaBocelli?sub_confirmation=1
Listen to the Essentials playlist: https://andreabocelli.lnk.to/EssentialsID

Follow Andrea:
Facebook: https://www.facebook.com/AndreaBocelli
Instagram: https://www.instagram.com/AndreaBocelli
Twitter: https://twitter.com/AndreaBocelli
YouTube: https://www.youtube.com/AndreaBocelli
TikTok: https://www.tiktok.com/@andreabocelliof

#AndreaBocelli #Bocelli #Portofino #LoveInPortofino",2013-02-08 11:19:17+00:00,470,457972,2455,73,False,PT2M9S,129,hd,false,False,bocelli|andrea bocelli|portofino|love in portofino|love|passione|amore|valentine|san valentino|valentine event|david foster|helene fischer|chris botti|caroline campbell|sandy|veronica berti|love songs|romance|sugar|sugar music|caterina caselli|song|songs|music|musica|interview,10,en,none,2013,4960,False,False,2.15,0.00536058973037653,0.000159398391168019,92.33306451612903
3ZuroB8sGjE,Andrea Bocelli - Passione (Official Album Trailer Part 8),"Bocelli returns with a beautiful album of heartfelt performances of the world's most romantic songs.
Subscribe to Andrea's YouTube:
https://www.youtube.com/c/AndreaBocelli?sub_confirmation=1
Listen to the Essentials playlist: https://andreabocelli.lnk.to/EssentialsID

Follow Andrea:
Facebook: https://www.facebook.com/AndreaBocelli
Instagram: https://www.instagram.com/AndreaBocelli
Twitter: https://twitter.com/AndreaBocelli
YouTube: https://www.youtube.com/AndreaBocelli
TikTok: https://www.tiktok.com/@andreabocelliof

#AndreaBocelli #Bocelli #Passione",2013-01-29 05:52:50+00:00,471,213314,1143,74,False,PT3M20S,200,hd,false,False,music|andrea bocelli|passione|album|world|Song|bocelli|valentine|amore|love|love songs|love song|david foster|song,10,en,none,2013,4971,False,False,3.3333333333333335,0.005358298095764929,0.00034690643839597964,42.91168778917723
-8t4Xkf_1KE,Andrea Bocelli - Quizas Quizas Quizas (Duet with Jennifer Lopez),"Andrea Bocelli duets with Jennifer Lopez on the song Quizas Quizas Quizas, from the album Passione. Listen to the Essentials playlist: https://andreabocelli.lnk.to/EssentialsID

Subscribe to Andrea's YouTube:
https://www.youtube.com/c/AndreaBocelli?sub_confirmation=1

Follow Andrea:
Facebook: https://www.facebook.com/AndreaBocelli
Instagram: https://www.instagram.com/AndreaBocelli
Twitter: https://twitter.com/AndreaBocelli
YouTube: https://www.youtube.com/AndreaBocelli
TikTok: https://www.tiktok.com/@andreabocelliof

#AndreaBocelli #Bocelli #JenniferLopez #QuizasQuizasQuizas",2013-01-24 08:46:35+00:00,472,2451355,15827,452,False,PT3M19S,199,hd,false,False,andrea bocelli|jennifer lopez|passione|album|quizas|song|music|amore|valentine|bocelli|lopez,10,en,none,2013,4975,False,False,3.316666666666667,0.00645642919936117,0.00018438781816587153,492.73467336683416
qsRoc90yssc,Andrea Bocelli - Passione (Official Album Trailer),"Andrea Bocelli returns with a beautiful album of heartfelt performances of the world's most romantic songs.
Subscribe to Andrea's YouTube:
https://www.youtube.com/c/AndreaBocelli?sub_confirmation=1
Listen to the Essentials playlist: https://andreabocelli.lnk.to/EssentialsID

Follow Andrea:
Facebook: https://www.facebook.com/AndreaBocelli
Instagram: https://www.instagram.com/AndreaBocelli
Twitter: https://twitter.com/AndreaBocelli
YouTube: https://www.youtube.com/AndreaBocelli
TikTok: https://www.tiktok.com/@andreabocelliof

#AndreaBocelli #Bocelli #Passione",2013-01-24 06:23:04+00:00,473,54592,262,14,False,PT1M55S,115,hd,false,False,Andrea Bocelli|Album|New|Song|Release|passione|cd|bocelli|david foster|amore|valentine|love|love songs,10,en,none,2013,4976,False,False,1.9166666666666667,0.004799237983587339,0.0002564478311840563,10.971061093247588
xYz5CiEy5bY,"Andrea Bocelli, Jennifer Lopez - Quizas, Quizas, Quizas (Official Audio)","Andrea Bocelli & Jennifer Lopez - Quizas, Quizas, Quizas (Official Audio)

Andrea Bocelli ‘Duets’ 30th Anniversary, 30 years of bringing people together.
The definitive collection of ‘Duets’ is released Friday 25th October.
Pre-Order 'Duets' here: https://AndreaBocelli.lnk.to/DuetsID

Stream Andrea Bocelli: https://AndreaBocelli.lnk.to/streamID
Subscribe to Andrea Bocelli’s YouTube channel & ring the bell to never miss a new video: https://AndreaBocelli.lnk.to/YTSignUpID

Sign up for Andrea Bocelli’s Email List: https://AndreaBocelli.lnk.to/MailingListSignUpID

Follow Andrea Bocelli: 
Instagram: https://www.instagram.com/andreabocelliofficial
Facebook: https://www.facebook.com/andreabocelli/YouTube
YouTube: https://www.youtube.com/channel/UCb4JB8-ZAeceuR7EPCPOPzg
TikTok:  https://www.tiktok.com/@andreabocelliof?lang=en
X: https://x.com/AndreaBocelliWebsite
Website: https://www.andreabocelli.com/

#AndreaBocelli #JenniferLopez #QuizasQuizasQuizas

Music video by Andrea Bocelli performing ""Quizas, Quizas, Quizas"" ft. Jennifer Lopez. (C) 2011 Sugar Srl",2013-01-23 23:00:43+00:00,474,21518825,223779,3465,False,PT3M19S,199,hd,false,True,Andrea Bocelli|Jennifer Lopez|Quizas|Quizas Quizas Quizas|duets|classical pop|opera|classical|bocelli|official audio,10,en-US,none,2013,4976,False,False,3.316666666666667,0.010399220217646643,0.0001610218030027197,4324.522709003216
Kte5G35btuI,Andrea Bocelli - Passione (Official Trailer),"Andrea Bocelli presents Passione; a beautiful album of heartfelt performances of the world's most romantic songs.
Subscribe to Andrea's YouTube:
https://www.youtube.com/c/AndreaBocelli?sub_confirmation=1
Listen to the Essentials playlist: https://andreabocelli.lnk.to/EssentialsID

Follow Andrea:
Facebook: https://www.facebook.com/AndreaBocelli
Instagram: https://www.instagram.com/AndreaBocelli
Twitter: https://twitter.com/AndreaBocelli
YouTube: https://www.youtube.com/AndreaBocelli
TikTok: https://www.tiktok.com/@andreabocelliof

#AndreaBocelli #Bocelli",2013-01-20 23:04:35+00:00,475,106073,676,38,False,PT1M44S,104,hd,false,False,Album|New|Song|Andrea Bocelli|portofino|bocelli|passione|love|amore|valentine|sarà settembre|september morn,10,it,none,2013,4979,False,False,1.7333333333333334,0.006372969558700141,0.0003582438509328481,21.304077123920464
nbi1egiTEYQ,Andrea Bocelli - Passione (Official Album Trailer),"Andrea Bocelli returns with a beautiful album of heartfelt performances of the world's most romantic songs.
Subscribe to Andrea's YouTube:
https://www.youtube.com/c/AndreaBocelli?sub_confirmation=1
Listen to the Essentials playlist: https://andreabocelli.lnk.to/EssentialsID

Follow Andrea:
Facebook: https://www.facebook.com/AndreaBocelli
Instagram: https://www.instagram.com/AndreaBocelli
Twitter: https://twitter.com/AndreaBocelli
YouTube: https://www.youtube.com/AndreaBocelli
TikTok: https://www.tiktok.com/@andreabocelliof

#AndreaBocelli #Bocelli #Passione",2013-01-17 07:36:46+00:00,476,66054,412,27,False,PT1M59S,119,hd,false,False,New|Album|Song|andrea bocelli|bocelli|passione|love|amore|song|david foster|vie|rose|la vie en rose|edith piaf|romance,10,en,none,2013,4983,False,False,1.9833333333333334,0.006237320979804403,0.000408756471977473,13.255869957856714
ADsl5yakB7s,Andrea Bocelli - Love In Portofino (Official Cinema Trailer),"Andrea Bocelli makes his global cinema debut with the Love In Portofino concert releasing around the world. Audiences can experience the world's most beloved tenor performing the world's greatest love songs in one of the most romantic settings on earth.

Captured live in August 2012, Andrea Bocelli and musical host David Foster perform and share the stage with a sensational ensemble of supporting talent, including Caroline Campbell on violin, German star Helene Fischer and Brazilian singer-songwriter Sandy on vocals, Chris Botti playing trumpet, and Bocelli's fiancée Veronica Berti joining him for a duet of Something Stupid, all backed by a 40 piece orchestra & rhythm section.  The film also features an exclusive cinema interview with Bocelli and family filmed at his Italian home.

Subscribe to Andrea's YouTube:
https://www.youtube.com/c/AndreaBocelli?sub_confirmation=1
Listen to the Essentials playlist: https://andreabocelli.lnk.to/EssentialsID

Follow Andrea:
Facebook: https://www.facebook.com/AndreaBocelli
Instagram: https://www.instagram.com/AndreaBocelli
Twitter: https://twitter.com/AndreaBocelli
YouTube: https://www.youtube.com/AndreaBocelli
TikTok: https://www.tiktok.com/@andreabocelliof

#AndreaBocelli #Bocelli",2013-01-15 14:13:49+00:00,477,1324394,3987,184,False,PT2M3S,123,hd,false,False,bocelli|andrea bocelli|portofino|love in portofino|love|passione|amore|valentine|san valentino|valentine event|david foster|helene fischer|chris botti|sandy|veronica berti|love songs|romance|sugar|sugar music|caterina caselli|Trailer|Song|Songs|Official Trailer|caroline campbell|music|musica,10,en,none,2013,4984,False,False,2.05,0.0030104334510727172,0.00013893146601389012,265.7291332263242
1cT_XomD55A,Andrea Bocelli - Passione (Official Trailer),"Andrea Bocelli presents Passione; a beautiful album of heartfelt performances of the world's most romantic songs.
Subscribe to Andrea's YouTube:
https://www.youtube.com/c/AndreaBocelli?sub_confirmation=1
Listen to the Essentials playlist: https://andreabocelli.lnk.to/EssentialsID

Follow Andrea:
Facebook: https://www.facebook.com/AndreaBocelli
Instagram: https://www.instagram.com/AndreaBocelli
Twitter: https://twitter.com/AndreaBocelli
YouTube: https://www.youtube.com/AndreaBocelli
TikTok: https://www.tiktok.com/@andreabocelliof

#AndreaBocelli #Bocelli",2013-01-13 09:01:48+00:00,478,87553,266,14,False,PT2M36S,156,hd,false,False,Album|epk|andrea bocelli|passione|cd|Song|Compact Disc (Invention)|World|New|bill ross|anema e core|bocelli|love|amore|valentine|romance,10,it,none,2013,4986,False,False,2.6,0.0030381597432412367,0.00015990314438111772,17.559767348576013
fATIYRWWc8M,Andrea Bocelli - Passione (Official Trailer),"Andrea Bocelli presents Passione; a beautiful album of heartfelt performances of the world's most romantic songs.
Subscribe to Andrea's YouTube:
https://www.youtube.com/c/AndreaBocelli?sub_confirmation=1
Listen to the Essentials playlist: https://andreabocelli.lnk.to/EssentialsID

Follow Andrea:
Facebook: https://www.facebook.com/AndreaBocelli
Instagram: https://www.instagram.com/AndreaBocelli
Twitter: https://twitter.com/AndreaBocelli
YouTube: https://www.youtube.com/AndreaBocelli
TikTok: https://www.tiktok.com/@andreabocelliof

#AndreaBocelli #Bocelli",2013-01-10 00:13:49+00:00,479,101800,401,30,False,PT2M5S,125,hd,false,False,New|Beautiful|Album|Andrea Bocelli|bocelli|passione|malafemmena|david foster|valentine|love song|love songs|love|amore|romance,10,it,none,2013,4990,False,False,2.0833333333333335,0.00393909626719057,0.00029469548133595285,20.400801603206414
D3v2g6ZyGHQ,Andrea Bocelli - Passione (Official Trailer),"Andrea Bocelli presents Passione; a beautiful album of heartfelt performances of the world's most romantic songs.
Subscribe to Andrea's YouTube:
https://www.youtube.com/c/AndreaBocelli?sub_confirmation=1
Listen to the Essentials playlist: https://andreabocelli.lnk.to/EssentialsID

Follow Andrea:
Facebook: https://www.facebook.com/AndreaBocelli
Instagram: https://www.instagram.com/AndreaBocelli
Twitter: https://twitter.com/AndreaBocelli
YouTube: https://www.youtube.com/AndreaBocelli
TikTok: https://www.tiktok.com/@andreabocelliof

#AndreaBocelli #Bocelli",2013-01-03 19:26:06+00:00,480,169355,626,3,False,PT2M10S,130,hd,false,False,New|Brand|Album|Song|Passione|Bocelli|quizas|jlo|jennifer lopez|andrea bocelli|david foster|song|love|amore|valentine|love song|love songs,10,it,none,2013,4996,False,False,2.1666666666666665,0.0036963774320214935,1.771426884355348e-05,33.89811849479584
0jbrcO-vJdQ,Andrea Bocelli - Passione (Official Album Trailer),"Andrea Bocelli returns with a beautiful album of heartfelt performances of the world's most romantic songs.
Subscribe to Andrea's YouTube:
https://www.youtube.com/c/AndreaBocelli?sub_confirmation=1
Listen to the Essentials playlist: https://andreabocelli.lnk.to/EssentialsID

Follow Andrea:
Facebook: https://www.facebook.com/AndreaBocelli
Instagram: https://www.instagram.com/AndreaBocelli
Twitter: https://twitter.com/AndreaBocelli
YouTube: https://www.youtube.com/AndreaBocelli
TikTok: https://www.tiktok.com/@andreabocelliof

#AndreaBocelli #Bocelli #Passione",2013-01-03 18:58:18+00:00,481,480850,1623,98,False,PT2M33S,153,hd,false,False,Andrea Bocelli|Passione|cd|amore|Beautiful|Album|New|Exclusive|bocelli|tristeza|love|song|love song|love songs|valentine|david foster,10,en,none,2013,4996,False,False,2.55,0.003375272954143704,0.00020380576063221378,96.24699759807847
OAu0Kfahkg0,Andrea Bocelli: UK Tour 2012,"Subscribe to Andrea's YouTube:
https://www.youtube.com/c/AndreaBocelli?sub_confirmation=1
Listen to the Essentials playlist: https://andreabocelli.lnk.to/EssentialsID

Follow Andrea:
Facebook: https://www.facebook.com/AndreaBocelli
Instagram: https://www.instagram.com/AndreaBocelli
Twitter: https://twitter.com/AndreaBocelli
YouTube: https://www.youtube.com/AndreaBocelli
TikTok: https://www.tiktok.com/@andreabocelliof

#AndreaBocelli #Bocelli",2012-10-18 08:35:27+00:00,482,51169,96,5,False,PT30S,30,sd,false,False,,10,it,none,2012,5073,False,True,0.5,0.0018761359416834412,9.77154136293459e-05,10.086536566134438
-BDDmXT83Iw,Andrea Bocelli Foundation e Fondazione Francesca Rava Insieme Per l'Emilia,"Subscribe to Andrea's YouTube:
https://www.youtube.com/c/AndreaBocelli?sub_confirmation=1
Listen to the Essentials playlist: https://andreabocelli.lnk.to/EssentialsID

Follow Andrea:
Facebook: https://www.facebook.com/AndreaBocelli
Instagram: https://www.instagram.com/AndreaBocelli
Twitter: https://twitter.com/AndreaBocelli
YouTube: https://www.youtube.com/AndreaBocelli
TikTok: https://www.tiktok.com/@andreabocelliof

#AndreaBocelli #Bocelli",2012-07-12 08:43:53+00:00,483,10623,54,5,False,PT2M33S,153,hd,false,False,,29,it,none,2012,5171,False,False,2.55,0.005083309799491669,0.0004706768332862656,2.054341520015471
QZhcR8pOpRs,ABF Music Moment,,2012-07-10 18:39:35+00:00,484,0,136,4,False,PT15M10S,910,sd,false,False,#hangoutsonair,29,de,none,2012,5173,False,False,15.166666666666666,,,0.0
c8qwsVaU7Ks,"Andrea Bocelli Foundation, fight against poverty: a commitment for everyone",,2012-07-10 17:59:39+00:00,485,0,102,0,False,PT2H39M41S,9581,sd,false,False,#hangoutsonair,29,en,none,2012,5173,False,False,159.68333333333334,,,0.0
0sYWEZskqoE,Andrea Bocelli Foundation - Panel Discussion,,2012-07-06 15:39:54+00:00,486,0,35,5,False,PT2H4M26S,7466,sd,false,False,#hangoutsonair,29,en,none,2012,5177,False,False,124.43333333333334,,,0.0
pA6E3EN4in4,Andrea Bocelli Foundation workshop Find innovative solutions to help people overcome the limits impo,,2012-07-06 12:19:38+00:00,487,0,26,1,False,PT2H14M47S,8087,sd,false,False,#hangoutsonair,29,en,none,2012,5177,False,False,134.78333333333333,,,0.0
tZ6z5Odm5qQ,Andrea Bocelli - Hangout d'introduzione alla AB Foundation,,2012-07-06 09:27:06+00:00,488,0,49,0,False,PT2H1M53S,7313,sd,false,False,#hangoutsonair,29,it,none,2012,5177,False,False,121.88333333333334,,,0.0
qTdzXb4dmU0,Andrea Bocelli: Incontro Pubblico per Roméo et Juliette,"Subscribe to Andrea's YouTube:
https://www.youtube.com/c/AndreaBocelli?sub_confirmation=1
Listen to the Essentials playlist: https://andreabocelli.lnk.to/EssentialsID

Follow Andrea:
Facebook: https://www.facebook.com/AndreaBocelli
Instagram: https://www.instagram.com/AndreaBocelli
Twitter: https://twitter.com/AndreaBocelli
YouTube: https://www.youtube.com/AndreaBocelli
TikTok: https://www.tiktok.com/@andreabocelliof

#AndreaBocelli #Bocelli",2012-02-19 19:03:53+00:00,489,52070,260,23,False,PT58M12S,3492,sd,false,False,Andre|Bocelli|incontro|pubblico|per|Roméo|et|Juliette|Andrea Bocelli|Romeo,10,it,none,2012,5315,False,False,58.2,0.004993278279239485,0.00044171307854810833,9.796801505174036
K2itr4DGht8,Andrea Bocelli - Roméo et Juliette (Rehearsal),"Andrea Bocelli rehearses Roméo et Juliette at Teatro Carlo Felice, Genova, Italy.
Subscribe to Andrea's YouTube:
https://www.youtube.com/c/AndreaBocelli?sub_confirmation=1
Listen to the Essentials playlist: https://andreabocelli.lnk.to/EssentialsID

Follow Andrea:
Facebook: https://www.facebook.com/AndreaBocelli
Instagram: https://www.instagram.com/AndreaBocelli
Twitter: https://twitter.com/AndreaBocelli
YouTube: https://www.youtube.com/AndreaBocelli
TikTok: https://www.tiktok.com/@andreabocelliof

#AndreaBocelli #Bocelli",2012-02-10 08:20:39+00:00,490,48844,498,2,False,PT14M41S,881,sd,false,False,andrea Bocelli|Romeo e Giulietta|opera|lirica|Roméo et Juliette|Bocelli,10,en,none,2012,5324,False,False,14.683333333333334,0.010195725165834084,4.094668741298829e-05,9.174305033809166
C4ZfMxE_8Og,"Nessun Dorma (Live at Central Park, New York / 2011)","Andrea Bocelli - Nessun Dorma (Live at Central Park, New York / 2011)
Stream Andrea Bocelli: https://AndreaBocelli.lnk.to/streamID
Subscribe to Andrea Bocelli’s YouTube channel & ring the bell to never miss a new video: https://AndreaBocelli.lnk.to/YTSignUpID

Sign up for Andrea Bocelli’s Email List: https://AndreaBocelli.lnk.to/MailingListSignUpID

Follow Andrea Bocelli: 
Instagram: https://www.instagram.com/andreabocelliofficial
Facebook: https://www.facebook.com/andreabocelli/YouTube
YouTube: https://www.youtube.com/channel/UCb4JB8-ZAeceuR7EPCPOPzg
TikTok:  https://www.tiktok.com/@andreabocelliof?lang=en
X: https://x.com/AndreaBocelliWebsite
Website: https://www.andreabocelli.com/

#AndreaBocelli 

Music video by Andrea Bocelli performing ""Nessun dorma"" - Turandot. (C) 2011 Sugar Srl",2011-12-15 18:00:48+00:00,491,8946679,69573,2251,False,PT4M20S,260,hd,false,True,Andrea|Bocelli|Nessun|dorma|Turandot|Universal|Music|Classical|nessun dorma|andrea bocelli live,10,en-US,none,2011,5381,False,False,4.333333333333333,0.007776405077235922,0.0002516017395952174,1662.6424456420739
oL9uaX6fL4I,"Time To Say Goodbye (Con te partirò) (Live At Central Park, 2011)","Music video by Andrea Bocelli, Ana María Martínez, New York Philharmonic, Alan Gilbert performing Time To Say Goodbye (Con te partirò) (Live At Central Park, 2011).© 2011 Sugar s.r.l., Under exclusive licence to Universal International Music B.V",2011-12-15 18:00:48+00:00,492,1155286,8130,278,False,PT4M18S,258,hd,false,True,Andrea|Bocelli|Ana|María|Martínez|Time|Say|Goodbye|(Con|partirò)|Universal|Music|Classical,10,en-US,none,2011,5381,False,False,4.3,0.0070372184896207515,0.00024063305536464565,214.69726816576843
PLmDL83f_aA,"Andrea Bocelli, New York Philharmonic, Alan Gilbert - Amazing Grace","Music video by Andrea Bocelli, New York Philharmonic, Alan Gilbert performing Amazing Grace.© 2011 Sugar s.r.l., Under exclusive licence to Universal International Music B.V.",2011-12-15 17:57:54+00:00,493,945170,7361,214,False,PT4M15S,255,sd,false,True,Andrea|Bocelli|Amazing|Grace|Universal|Music|Classical|Andrea Bocelli Amazing Grace (Live at Central Park 2011)|Andrea Bocelli|Amazing Grace|(Live at Central Park 2011)|central park|concerto|one night in central park,10,en-US,none,2011,5381,False,False,4.25,0.007788016970492081,0.00022641429584095983,175.64950752648207
kP6_rkf1968,Andrea Bocelli: UK Tour 2012,"Subscribe to Andrea's YouTube:
https://www.youtube.com/c/AndreaBocelli?sub_confirmation=1
Listen to the Essentials playlist: https://andreabocelli.lnk.to/EssentialsID

Follow Andrea:
Facebook: https://www.facebook.com/AndreaBocelli
Instagram: https://www.instagram.com/AndreaBocelli
Twitter: https://twitter.com/AndreaBocelli
YouTube: https://www.youtube.com/AndreaBocelli
TikTok: https://www.tiktok.com/@andreabocelliof

#AndreaBocelli #Bocelli",2011-11-25 17:19:07+00:00,494,41644,124,8,False,PT30S,30,hd,false,False,Andrea|Bocelli|2012|UK|TOUR|Andrea Bocelli,10,en,none,2011,5401,False,True,0.5,0.0029776198251849004,0.00019210450485063874,7.710423995556378
Gr_vTeg3suM,Andrea Bocelli - Nessun Dorma (Official Audio),"Andrea Bocelli sings Nessun Dorma.
Subscribe to Andrea's YouTube:
https://www.youtube.com/c/AndreaBocelli?sub_confirmation=1
Listen to the Essentials playlist: https://andreabocelli.lnk.to/EssentialsID

Follow Andrea:
Facebook: https://www.facebook.com/AndreaBocelli
Instagram: https://www.instagram.com/AndreaBocelli
Twitter: https://twitter.com/AndreaBocelli
YouTube: https://www.youtube.com/AndreaBocelli
TikTok: https://www.tiktok.com/@andreabocelliof

#AndreaBocelli #Bocelli #NessunDorma #Pavarotti #ThreeTenors #WorldCup #Italia90",2011-11-21 11:18:14+00:00,495,1060413,4813,271,False,PT4M8S,248,sd,false,False,Andrea Bocelli|nessun dorma|andrea|bocelli|nessun|dorma|Sugar|Caterina Caselli|New York|Central Park|Alan Gilbert|Celine Dion|Tony Bennet,10,it,none,2011,5405,False,False,4.133333333333334,0.004538797619418095,0.00025556080508254804,196.19111933395004
zAyvEcVsU3E,Andrea Bocelli - Time To Say Goodbye (Con Te Partirò) (Official Audio) with Ana María Martínez,"Andrea Bocelli sings Time To Say Goodbye (Con Te Partirò) with Ana María Martínez.
Subscribe to Andrea's YouTube:
https://www.youtube.com/c/AndreaBocelli?sub_confirmation=1
Listen to the Essentials playlist: https://andreabocelli.lnk.to/EssentialsID

Follow Andrea:
Facebook: https://www.facebook.com/AndreaBocelli
Instagram: https://www.instagram.com/AndreaBocelli
Twitter: https://twitter.com/AndreaBocelli
YouTube: https://www.youtube.com/AndreaBocelli
TikTok: https://www.tiktok.com/@andreabocelliof

#AndreaBocelli #Bocelli",2011-11-21 11:13:52+00:00,496,65115,636,25,False,PT4M15S,255,sd,false,False,Andrea Bocelli|time to say goodbye|con te partirò|ana maria martinez|Sugar|Caterina Caselli|New York|Central Park|Alan Gilbert|Celine Dion|Tony Bennet|bocelli,10,es,none,2011,5405,False,False,4.25,0.00976733471550334,0.0003839361130307917,12.04717853839038
EOl3oqE2dss,Andrea Bocelli - En Aranjuez Con Tu Amor (Official Audio) with Nicola Benedetti,"Andrea Bocelli sings En Aranjuez Con Tu Amor with Nicola Benedetti on violin.
Subscribe to Andrea's YouTube:
https://www.youtube.com/c/AndreaBocelli?sub_confirmation=1
Listen to the Essentials playlist: https://andreabocelli.lnk.to/EssentialsID

Follow Andrea:
Facebook: https://www.facebook.com/AndreaBocelli
Instagram: https://www.instagram.com/AndreaBocelli
Twitter: https://twitter.com/AndreaBocelli
YouTube: https://www.youtube.com/AndreaBocelli
TikTok: https://www.tiktok.com/@andreabocelliof

#AndreaBocelli #Bocelli",2011-11-21 11:10:03+00:00,497,27265,185,1,False,PT3M35S,215,sd,false,False,Andrea Bocelli|En aranjuez con tu amor|nicola benedetti|Sugar|Caterina Caselli|New York|Central Park|Alan Gilbert|Celine Dion|Tony Bennet|bocelli|concerto,10,it,none,2011,5405,False,False,3.5833333333333335,0.006785255822483037,3.667705849990831e-05,5.044403330249769
wI7FzgHwS48,Andrea Bocelli - Funiculì Funiculà (Official Audio) with Andrea Griminelli on Flute,"Andrea Bocelli sings Funiculì Funiculà with Andrea Griminelli on Flute.
Subscribe to Andrea's YouTube:
https://www.youtube.com/c/AndreaBocelli?sub_confirmation=1
Listen to the Essentials playlist: https://andreabocelli.lnk.to/EssentialsID

Follow Andrea:
Facebook: https://www.facebook.com/AndreaBocelli
Instagram: https://www.instagram.com/AndreaBocelli
Twitter: https://twitter.com/AndreaBocelli
YouTube: https://www.youtube.com/AndreaBocelli
TikTok: https://www.tiktok.com/@andreabocelliof

#AndreaBocelli #Bocelli",2011-11-21 11:03:58+00:00,498,9747,95,2,False,PT2M37S,157,sd,false,False,Andrea Bocelli|funiculì funiculà|Sugar|Caterina Caselli|New York|Central Park|Alan Gilbert|Celine Dion|Tony Bennet|bocelli|funiculì|funiculà,10,en,none,2011,5405,False,False,2.6166666666666667,0.009746588693957114,0.00020519134092541295,1.8033302497687327
sFtw_uZu338,Andrea Bocelli - Nel Blu Dipinto Di Blu (Volare) (Official Audio) with David Foster on Piano,"Andrea Bocelli sings Nel Blu Dipinto Di Blu (Volare) with David Foster on Piano.
Subscribe to Andrea's YouTube:
https://www.youtube.com/c/AndreaBocelli?sub_confirmation=1
Listen to the Essentials playlist: https://andreabocelli.lnk.to/EssentialsID

Follow Andrea:
Facebook: https://www.facebook.com/AndreaBocelli
Instagram: https://www.instagram.com/AndreaBocelli
Twitter: https://twitter.com/AndreaBocelli
YouTube: https://www.youtube.com/AndreaBocelli
TikTok: https://www.tiktok.com/@andreabocelliof

#AndreaBocelli #Bocelli",2011-11-21 11:00:11+00:00,499,23736,225,10,False,PT3M25S,205,sd,false,False,Andrea Bocelli|nel blu dipinto di blu|volare|Sugar|Caterina Caselli|New York|david foster|Central Park|Alan Gilbert|Celine Dion|Tony Bennet|bocelli,10,it,none,2011,5405,False,False,3.4166666666666665,0.009479271991911021,0.00042130097741826763,4.391489361702128
BcmJ33EkDlc,Andrea Bocelli - Your Love (Once Upon A Time In The West) (Official Audio),"Andrea Bocelli sings Your Love (Once Upon A Time In The West).
Subscribe to Andrea's YouTube:
https://www.youtube.com/c/AndreaBocelli?sub_confirmation=1
Listen to the Essentials playlist: https://andreabocelli.lnk.to/EssentialsID

Follow Andrea:
Facebook: https://www.facebook.com/AndreaBocelli
Instagram: https://www.instagram.com/AndreaBocelli
Twitter: https://twitter.com/AndreaBocelli
YouTube: https://www.youtube.com/AndreaBocelli
TikTok: https://www.tiktok.com/@andreabocelliof

#AndreaBocelli #Bocelli",2011-11-21 10:53:02+00:00,500,98624,952,42,False,PT3M49S,229,sd,false,False,Andrea Bocelli|Your love|once upon a time in the west|Sugar|Caterina Caselli|New York|Central Park|Alan Gilbert|Celine Dion|Tony Bennet|bocelli|concerto,10,en,none,2011,5405,False,False,3.816666666666667,0.009652822842310189,0.00042585983127839064,18.2468085106383
BMqdRdVkmX8,Andrea Bocelli - More (Official Audio) with Chris Botti on Trumpet & David Foster on Piano,"Andrea Bocelli sings More with Chris Botti on Trumpet & David Foster on Piano.
Subscribe to Andrea's YouTube:
https://www.youtube.com/c/AndreaBocelli?sub_confirmation=1
Listen to the Essentials playlist: https://andreabocelli.lnk.to/EssentialsID

Follow Andrea:
Facebook: https://www.facebook.com/AndreaBocelli
Instagram: https://www.instagram.com/AndreaBocelli
Twitter: https://twitter.com/AndreaBocelli
YouTube: https://www.youtube.com/AndreaBocelli
TikTok: https://www.tiktok.com/@andreabocelliof

#AndreaBocelli #Bocelli",2011-11-21 10:47:51+00:00,501,25724,247,7,False,PT3M49S,229,sd,false,False,Andrea Bocelli|More|Sugar|Caterina Caselli|New York|Central Park|Alan Gilbert|Celine Dion|Tony Bennet|chris botti|david foster|bocelli,10,en,none,2011,5405,False,False,3.816666666666667,0.00960192816047271,0.0002721194215518582,4.759296947271046
Ew0VbeyHU8I,Andrea Bocelli - The Prayer (Duet w/ Céline Dion & David Foster (Official Audio),"Andrea Bocelli sings The Prayer with Céline Dion and David Foster on piano.
Subscribe to Andrea's YouTube:
https://www.youtube.com/c/AndreaBocelli?sub_confirmation=1
Listen to the Essentials playlist: https://andreabocelli.lnk.to/EssentialsID

Follow Andrea:
Facebook: https://www.facebook.com/AndreaBocelli
Instagram: https://www.instagram.com/AndreaBocelli
Twitter: https://twitter.com/AndreaBocelli
YouTube: https://www.youtube.com/AndreaBocelli
TikTok: https://www.tiktok.com/@andreabocelliof

#AndreaBocelli #Bocelli #CelineDion #DavidFoster",2011-11-21 10:45:47+00:00,502,357946,1227,39,False,PT4M31S,271,sd,false,False,Andrea Bocelli|the prayer|david foster|Sugar|Caterina Caselli|New York|Central Park|Alan Gilbert|Celine Dion|Tony Bennet|bocelli,10,en,none,2011,5405,False,False,4.516666666666667,0.003427891357914322,0.00010895498203639655,66.22497687326549
EBcFLSG43oI,"Andrea Bocelli - New York, New York (Official Audio) with Tony Bennet","Andrea Bocelli sings New York, New York with Tony Bennet.
Subscribe to Andrea's YouTube:
https://www.youtube.com/c/AndreaBocelli?sub_confirmation=1
Listen to the Essentials playlist: https://andreabocelli.lnk.to/EssentialsID

Follow Andrea:
Facebook: https://www.facebook.com/AndreaBocelli
Instagram: https://www.instagram.com/AndreaBocelli
Twitter: https://twitter.com/AndreaBocelli
YouTube: https://www.youtube.com/AndreaBocelli
TikTok: https://www.tiktok.com/@andreabocelliof

#AndreaBocelli #Bocelli",2011-11-21 10:40:38+00:00,503,49314,314,7,False,PT3M29S,209,sd,false,False,Andrea Bocelli|Sugar|Caterina Caselli|New York New York|Central Park|Alan Gilbert|Celine Dion|Tony Bennet|bocelli|Music,10,en,none,2011,5405,False,False,3.4833333333333334,0.006367360181692826,0.00014194751997404387,9.12377428307123
TF9jQNxJfyU,Andrea Bocelli - Amazing Grace (Official Audio),"Andrea Bocelli sings Amazing Grace.
Subscribe to Andrea's YouTube:
https://www.youtube.com/c/AndreaBocelli?sub_confirmation=1
Listen to the Essentials playlist: https://andreabocelli.lnk.to/EssentialsID

Follow Andrea:
Facebook: https://www.facebook.com/AndreaBocelli
Instagram: https://www.instagram.com/AndreaBocelli
Twitter: https://twitter.com/AndreaBocelli
YouTube: https://www.youtube.com/AndreaBocelli
TikTok: https://www.tiktok.com/@andreabocelliof

#AndreaBocelli #Bocelli",2011-11-21 10:34:49+00:00,504,74014,657,26,False,PT4M23S,263,sd,false,False,Andrea Bocelli|amazing grace|Sugar|Caterina Caselli|New York|Central Park|Alan Gilbert|Celine Dion|Tony Bennet|bocelli|amazing|grace,10,en,none,2011,5405,False,False,4.383333333333334,0.008876699002891345,0.0003512848920474505,13.693617021276596
3Ge3nNBgW6k,"Andrea Bocelli - Libiamo Ne' Lieti Calici (Official Audio) with P. Yende, B. Terfel, & A.M.Martínez","Andrea Bocelli sings Libiamo Ne' Lieti Calici with P. Yende, B. Terfel, & A.M.Martínez.
Subscribe to Andrea's YouTube:
https://www.youtube.com/c/AndreaBocelli?sub_confirmation=1
Listen to the Essentials playlist: https://andreabocelli.lnk.to/EssentialsID

Follow Andrea:
Facebook: https://www.facebook.com/AndreaBocelli
Instagram: https://www.instagram.com/AndreaBocelli
Twitter: https://twitter.com/AndreaBocelli
YouTube: https://www.youtube.com/AndreaBocelli
TikTok: https://www.tiktok.com/@andreabocelliof

#AndreaBocelli #Bocelli",2011-11-21 10:30:14+00:00,505,14218,150,4,False,PT3M12S,192,sd,false,False,Andrea Bocelli|Bocelli|Concerto|Central Park|Giuseppe verdi|Libiamo ne' lieti calici|Opera|MusicYende|Terfel|Ana Maria Martinez|libiamo|lieti|calici|verdi,10,en,none,2011,5405,False,False,3.2,0.010550007033338022,0.0002813335208890139,2.630527289546716
H-UE8xhJ_cI,Andrea Bocelli - O Soave Fanciulla - La Bohème (Official Audio) Duet with Pretty Yende,"Andrea Bocelli sings O Soave Fanciulla - La Bohème Duet with Pretty Yende.
Subscribe to Andrea's YouTube:
https://www.youtube.com/c/AndreaBocelli?sub_confirmation=1
Listen to the Essentials playlist: https://andreabocelli.lnk.to/EssentialsID

Follow Andrea:
Facebook: https://www.facebook.com/AndreaBocelli
Instagram: https://www.instagram.com/AndreaBocelli
Twitter: https://twitter.com/AndreaBocelli
YouTube: https://www.youtube.com/AndreaBocelli
TikTok: https://www.tiktok.com/@andreabocelliof

#AndreaBocelli #Bocelli",2011-11-21 10:25:50+00:00,506,10240,53,0,False,PT4M7S,247,sd,false,False,Andrea Bocelli|O soave fanciulla|La Bohème|Pretty Yende|Sugar|Caterina Caselli|New York|Central Park|Alan Gilbert|Celine Dion|Tony Bennet|Boheme|Bohème|Soave|Fanciulla|Bocelli|Concerto|Classical Music,10,it,none,2011,5405,False,False,4.116666666666666,0.00517578125,0.0,1.8945420906567993
qqOjdwy0q4s,Andrea Bocelli - Au Fond Du Temple Saint (Official Audio) with Bryn Terfel,"Andrea Bocelli sings Au Fond Du Temple Saint with Bryn Terfel.
Subscribe to Andrea's YouTube:
https://www.youtube.com/c/AndreaBocelli?sub_confirmation=1
Listen to the Essentials playlist: https://andreabocelli.lnk.to/EssentialsID

Follow Andrea:
Facebook: https://www.facebook.com/AndreaBocelli
Instagram: https://www.instagram.com/AndreaBocelli
Twitter: https://twitter.com/AndreaBocelli
YouTube: https://www.youtube.com/AndreaBocelli
TikTok: https://www.tiktok.com/@andreabocelliof

#AndreaBocelli #Bocelli",2011-11-21 10:22:27+00:00,507,14510,82,1,False,PT5M57S,357,sd,false,False,Andrea Bocelli|Au fond du temple saint|Sugar|Caterina Caselli|New York|Central Park|Alan Gilbert|Celine Dion|Tony Bennet|Bryn Terfel|Bocelli|Concerto|Classical Music|Opera,10,en,none,2011,5405,False,False,5.95,0.005651274982770503,6.891798759476223e-05,2.6845513413506015
wQuOcnZiGu0,Andrea Bocelli - Vicino A Te S'acqueta (Official Audio) with Ana María Martínez,"Andrea Bocelli sings Vicino A Te S'acqueta with Ana María Martínez.
Subscribe to Andrea's YouTube:
https://www.youtube.com/c/AndreaBocelli?sub_confirmation=1
Listen to the Essentials playlist: https://andreabocelli.lnk.to/EssentialsID

Follow Andrea:
Facebook: https://www.facebook.com/AndreaBocelli
Instagram: https://www.instagram.com/AndreaBocelli
Twitter: https://twitter.com/AndreaBocelli
YouTube: https://www.youtube.com/AndreaBocelli
TikTok: https://www.tiktok.com/@andreabocelliof

#AndreaBocelli #Bocelli",2011-11-21 10:15:32+00:00,508,29703,147,0,False,PT8M16S,496,sd,false,False,Andrea Bocelli|Vicino a te s'acqueta|Sugar|Caterina Caselli|New York|Central Park|Alan Gilbert|Celine Dion|Tony Bennet|Ana Maria Martinez|Bocelli|Concerto|Vicino|S'acqueta|Classical Music|Opera,10,it,none,2011,5405,False,False,8.266666666666667,0.004948995051004949,0.0,5.495467160037003
VyW60k-S9ac,Andrea Bocelli - Ave Maria (Official Audio),"Andrea Bocelli sings Ave Maria.
Subscribe to Andrea's YouTube:
https://www.youtube.com/c/AndreaBocelli?sub_confirmation=1
Listen to the Essentials playlist: https://andreabocelli.lnk.to/EssentialsID

Follow Andrea:
Facebook: https://www.facebook.com/AndreaBocelli
Instagram: https://www.instagram.com/AndreaBocelli
Twitter: https://twitter.com/AndreaBocelli
YouTube: https://www.youtube.com/AndreaBocelli
TikTok: https://www.tiktok.com/@andreabocelliof

#AndreaBocelli #Bocelli",2011-11-21 10:09:47+00:00,509,41437,352,12,False,PT4M47S,287,sd,false,False,Andrea Bocelli|ave maria|ave maria central park version|Sugar|Caterina Caselli|New York|Central Park|Alan Gilbert|Celine Dion|Tony Bennet|bocelli,10,en,none,2011,5405,False,False,4.783333333333333,0.008494823466949828,0.00028959625455510777,7.6664199814986125
NCfoxEhNH60,Andrea Bocelli - Di Quella Pira - Il Trovatore (Official Audio),"Andrea Bocelli sings Di Quella Pira - Il Trovatore.
Subscribe to Andrea's YouTube:
https://www.youtube.com/c/AndreaBocelli?sub_confirmation=1
Listen to the Essentials playlist: https://andreabocelli.lnk.to/EssentialsID

Follow Andrea:
Facebook: https://www.facebook.com/AndreaBocelli
Instagram: https://www.instagram.com/AndreaBocelli
Twitter: https://twitter.com/AndreaBocelli
YouTube: https://www.youtube.com/AndreaBocelli
TikTok: https://www.tiktok.com/@andreabocelliof

#AndreaBocelli #Bocelli",2011-11-21 10:03:31+00:00,510,10349,56,1,False,PT2M17S,137,sd,false,False,Andrea Bocelli|Di quella pira|Sugar|Caterina Caselli|New York|Central Park|Alan Gilbert; Celine Dion|Tony Bennet|Il Trovatore|Bocelli|Concerto,10,it,none,2011,5405,False,False,2.283333333333333,0.005411150835829549,9.662769349695623e-05,1.9147086031452358
LcUSTJKQc3E,Andrea Bocelli - La Donna É Mobile (Official Audio),"Andrea Bocelli sings La Donna É Mobile.
Subscribe to Andrea's YouTube:
https://www.youtube.com/c/AndreaBocelli?sub_confirmation=1
Listen to the Essentials playlist: https://andreabocelli.lnk.to/EssentialsID

Follow Andrea:
Facebook: https://www.facebook.com/AndreaBocelli
Instagram: https://www.instagram.com/AndreaBocelli
Twitter: https://twitter.com/AndreaBocelli
YouTube: https://www.youtube.com/AndreaBocelli
TikTok: https://www.tiktok.com/@andreabocelliof

#AndreaBocelli #Bocelli",2011-11-21 09:38:11+00:00,511,30539,203,4,False,PT2M16S,136,sd,false,False,Andrea Bocelli|La donna è mobile|Sugar|Caterina Caselli|Central Park|New York|Alan Gilbert|Tony Bennet|Celine Dion|bocelli,10,en,none,2011,5405,False,False,2.2666666666666666,0.006647237958020891,0.00013098005828612595,5.650138760407031
EnK-NGAg2PU,Andrea Bocelli - Concerto: One Night in Central Park (Official Trailer),"The official trailer for Concerto: One Night in Central Park.
Subscribe to Andrea's YouTube:
https://www.youtube.com/c/AndreaBocelli?sub_confirmation=1
Listen to the Essentials playlist: https://andreabocelli.lnk.to/EssentialsID

Follow Andrea:
Facebook: https://www.facebook.com/AndreaBocelli
Instagram: https://www.instagram.com/AndreaBocelli
Twitter: https://twitter.com/AndreaBocelli
YouTube: https://www.youtube.com/AndreaBocelli
TikTok: https://www.tiktok.com/@andreabocelliof

#AndreaBocelli #Bocelli",2011-10-26 13:57:43+00:00,512,713747,2562,145,False,PT5M42S,342,sd,false,False,Concerto|Concerto (album)|Central Park|andrea bocelli,10,en,none,2011,5431,False,False,5.7,0.0035895072063350177,0.00020315321815713412,131.42091695820292
7WSY-5BH7R4,Andrea Bocelli - Central Park (Webisode #11),"Audio Producer David Frost talks about the undeniable sincerity of Andrea Bocelli.
Subscribe to Andrea's YouTube:
https://www.youtube.com/c/AndreaBocelli?sub_confirmation=1
Listen to the Essentials playlist: https://andreabocelli.lnk.to/EssentialsID

Follow Andrea:
Facebook: https://www.facebook.com/AndreaBocelli
Instagram: https://www.instagram.com/AndreaBocelli
Twitter: https://twitter.com/AndreaBocelli
YouTube: https://www.youtube.com/AndreaBocelli
TikTok: https://www.tiktok.com/@andreabocelliof

#AndreaBocelli #Bocelli",2011-10-19 22:28:09+00:00,513,11250,53,0,False,PT1M12S,72,hd,false,False,Andrea|Bocelli|Central|Park|Webisode|#11,10,en,none,2011,5438,False,False,1.2,0.004711111111111111,0.0,2.0687752850312613
usUj4l7Dg74,Andrea Bocelli - Central Park (Webisode #10),"Subscribe to Andrea's YouTube:
https://www.youtube.com/c/AndreaBocelli?sub_confirmation=1
Listen to the Essentials playlist: https://andreabocelli.lnk.to/EssentialsID

Follow Andrea:
Facebook: https://www.facebook.com/AndreaBocelli
Instagram: https://www.instagram.com/AndreaBocelli
Twitter: https://twitter.com/AndreaBocelli
YouTube: https://www.youtube.com/AndreaBocelli
TikTok: https://www.tiktok.com/@andreabocelliof

#AndreaBocelli #Bocelli",2011-10-19 22:24:00+00:00,514,19887,49,0,False,PT1M19S,79,hd,false,False,Andrea|Bocelli|Central|Park|Webisode|#10,10,en,none,2011,5438,False,False,1.3166666666666667,0.0024639211545230554,0.0,3.6570430305259287
NpVtDBrovng,Andrea Bocelli - Central Park (Webisode #7),"Today's Central Park webisode reveals some of the many challenges that needed to be confronted to put on the historical concert with Andrea Bocelli this past September.
Subscribe to Andrea's YouTube:
https://www.youtube.com/c/AndreaBocelli?sub_confirmation=1
Listen to the Essentials playlist: https://andreabocelli.lnk.to/EssentialsID

Follow Andrea:
Facebook: https://www.facebook.com/AndreaBocelli
Instagram: https://www.instagram.com/AndreaBocelli
Twitter: https://twitter.com/AndreaBocelli
YouTube: https://www.youtube.com/AndreaBocelli
TikTok: https://www.tiktok.com/@andreabocelliof

#AndreaBocelli #Bocelli",2011-10-19 22:23:28+00:00,515,7154,28,1,False,PT1M19S,79,hd,false,False,Andrea|Bocelli|Central|Park|Webisode|#7|andrea bocelli|central park,10,en,none,2011,5438,False,False,1.3166666666666667,0.003913894324853229,0.0001397819401733296,1.315557190143435
WBNQYws4AwA,Andrea Bocelli - Central Park (Webisode #13),"Subscribe to Andrea's YouTube:
https://www.youtube.com/c/AndreaBocelli?sub_confirmation=1
Listen to the Essentials playlist: https://andreabocelli.lnk.to/EssentialsID

Follow Andrea:
Facebook: https://www.facebook.com/AndreaBocelli
Instagram: https://www.instagram.com/AndreaBocelli
Twitter: https://twitter.com/AndreaBocelli
YouTube: https://www.youtube.com/AndreaBocelli
TikTok: https://www.tiktok.com/@andreabocelliof

#AndreaBocelli #Bocelli",2011-10-19 22:07:02+00:00,516,18090,59,2,False,PT1M16S,76,hd,false,False,Andrea|Bocelli|Central|Park|Webisode|#13|Andrea Bocelli,10,en,none,2011,5438,False,False,1.2666666666666666,0.00326147042564953,0.0001105583195135434,3.3265906583302685
cmih5JlsW2g,Andrea Bocelli - Central Park (Webisode #12),"Guest Artist Celine Dion talks about the magic of Andrea Bocelli, and his ability to make you experience things as he does.
Subscribe to Andrea's YouTube:
https://www.youtube.com/c/AndreaBocelli?sub_confirmation=1
Listen to the Essentials playlist: https://andreabocelli.lnk.to/EssentialsID

Follow Andrea:
Facebook: https://www.facebook.com/AndreaBocelli
Instagram: https://www.instagram.com/AndreaBocelli
Twitter: https://twitter.com/AndreaBocelli
YouTube: https://www.youtube.com/AndreaBocelli
TikTok: https://www.tiktok.com/@andreabocelliof

#AndreaBocelli #Bocelli #CelineDion",2011-10-19 22:03:22+00:00,517,16179,71,3,False,PT1M22S,82,hd,false,False,Andrea|Bocelli|Central|Park|Webisode|#12|andrea bocelli,10,en,none,2011,5438,False,False,1.3666666666666667,0.004388404722170715,0.00018542555164101615,2.975174696579625
0_ClhanNXrU,Andrea Bocelli - Central Park (Webisode #9),"Rain rain go away! Tony Bennett, and Andrea fans talk about the rainy weather that took over New York City on September 15th.
Subscribe to Andrea's YouTube:
https://www.youtube.com/c/AndreaBocelli?sub_confirmation=1
Listen to the Essentials playlist: https://andreabocelli.lnk.to/EssentialsID

Follow Andrea:
Facebook: https://www.facebook.com/AndreaBocelli
Instagram: https://www.instagram.com/AndreaBocelli
Twitter: https://twitter.com/AndreaBocelli
YouTube: https://www.youtube.com/AndreaBocelli
TikTok: https://www.tiktok.com/@andreabocelliof

#AndreaBocelli #Bocelli",2011-10-19 21:50:08+00:00,518,13816,39,2,False,PT1M19S,79,hd,false,False,Andrea|Bocelli|Central|Park|Webisode|#9|andrea bocelli|central park,10,en,none,2011,5438,False,False,1.3166666666666667,0.0028228141285466125,0.00014475969889982628,2.5406399411548364
wtIB7VPGgYo,Andrea Bocelli - Central Park (Webisode #8),"Filippo Sugar, Chairman & CEO of Sugarmusic, talks about how his mother discovered Andrea Bocelli, and we see Andrea warm up for his Today Show appearance before the concert in Central Park.
Subscribe to Andrea's YouTube:
https://www.youtube.com/c/AndreaBocelli?sub_confirmation=1
Listen to the Essentials playlist: https://andreabocelli.lnk.to/EssentialsID

Follow Andrea:
Facebook: https://www.facebook.com/AndreaBocelli
Instagram: https://www.instagram.com/AndreaBocelli
Twitter: https://twitter.com/AndreaBocelli
YouTube: https://www.youtube.com/AndreaBocelli
TikTok: https://www.tiktok.com/@andreabocelliof

#AndreaBocelli #Bocelli",2011-10-19 21:46:27+00:00,519,7891,35,2,False,PT1M19S,79,hd,false,False,Andrea|Bocelli|Central|Park|Webisode|#8|andrea bocelli|central park,10,en,none,2011,5438,False,False,1.3166666666666667,0.004435432771511849,0.0002534533012292485,1.4510849577050386
FK3BIyKXsC0,Andrea Bocelli - Central Park (Webisode #6),"Subscribe to Andrea's YouTube:
https://www.youtube.com/c/AndreaBocelli?sub_confirmation=1
Listen to the Essentials playlist: https://andreabocelli.lnk.to/EssentialsID

Follow Andrea:
Facebook: https://www.facebook.com/AndreaBocelli
Instagram: https://www.instagram.com/AndreaBocelli
Twitter: https://twitter.com/AndreaBocelli
YouTube: https://www.youtube.com/AndreaBocelli
TikTok: https://www.tiktok.com/@andreabocelliof

#AndreaBocelli #Bocelli",2011-10-07 20:35:40+00:00,520,18610,63,0,False,PT1M16S,76,hd,false,False,Webisode|Bocelli|Andrea Bocelli|Central Park,10,en,none,2011,5450,False,False,1.2666666666666666,0.00338527673293928,0.0,3.4146788990825687
M9Eyys6WwxA,Andrea Bocelli - Central Park (Webisode #5),"Features more behind the scenes footage of the concert in Central Park as well as an interview with audio producer David Frost!
Subscribe to Andrea's YouTube:
https://www.youtube.com/c/AndreaBocelli?sub_confirmation=1
Listen to the Essentials playlist: https://andreabocelli.lnk.to/EssentialsID

Follow Andrea:
Facebook: https://www.facebook.com/AndreaBocelli
Instagram: https://www.instagram.com/AndreaBocelli
Twitter: https://twitter.com/AndreaBocelli
YouTube: https://www.youtube.com/AndreaBocelli
TikTok: https://www.tiktok.com/@andreabocelliof

#AndreaBocelli #Bocelli",2011-10-06 22:09:12+00:00,521,8248,48,1,False,PT1M17S,77,hd,false,False,Andrea|Bocelli|webepisode|central|park|andrea bocelli|central park,10,en,none,2011,5451,False,False,1.2833333333333334,0.005819592628516004,0.00012124151309408342,1.5131168592918731
dGeFOqkhs8k,Andrea Bocelli - Central Park (Webisode #4),"Subscribe to Andrea's YouTube:
https://www.youtube.com/c/AndreaBocelli?sub_confirmation=1
Listen to the Essentials playlist: https://andreabocelli.lnk.to/EssentialsID

Follow Andrea:
Facebook: https://www.facebook.com/AndreaBocelli
Instagram: https://www.instagram.com/AndreaBocelli
Twitter: https://twitter.com/AndreaBocelli
YouTube: https://www.youtube.com/AndreaBocelli
TikTok: https://www.tiktok.com/@andreabocelliof

#AndreaBocelli #Bocelli",2011-10-04 20:02:42+00:00,522,16395,85,0,False,PT1M16S,76,hd,false,False,central park|andrea bocelli|celine dion|tony Bennett|bloomberg|bocelli,10,en,none,2011,5453,False,False,1.2666666666666666,0.00518450747179018,0.0,3.0066018705299835
yLZ8SRMhx64,Andrea Bocelli - Central Park (Webisode #3),"More behind the scenes footage of the historical concert in Central Park including an interview with director David Horn.
Subscribe to Andrea's YouTube:
https://www.youtube.com/c/AndreaBocelli?sub_confirmation=1
Listen to the Essentials playlist: https://andreabocelli.lnk.to/EssentialsID

Follow Andrea:
Facebook: https://www.facebook.com/AndreaBocelli
Instagram: https://www.instagram.com/AndreaBocelli
Twitter: https://twitter.com/AndreaBocelli
YouTube: https://www.youtube.com/AndreaBocelli
TikTok: https://www.tiktok.com/@andreabocelliof

#AndreaBocelli #Bocelli",2011-09-30 17:35:48+00:00,523,10862,38,0,False,PT1M7S,67,hd,false,False,Central Park|Andrea Bocelli|Bocelli,10,en,none,2011,5457,False,False,1.1166666666666667,0.0034984349106978456,0.0,1.990470954737035
b_F8p28xm0M,Andrea Bocelli - Central Park (Webisode #2),"This second instalment of the Central Park Webisode series gives an exclusive behind the scenes look at the building of the stage.
Subscribe to Andrea's YouTube:
https://www.youtube.com/c/AndreaBocelli?sub_confirmation=1
Listen to the Essentials playlist: https://andreabocelli.lnk.to/EssentialsID

Follow Andrea:
Facebook: https://www.facebook.com/AndreaBocelli
Instagram: https://www.instagram.com/AndreaBocelli
Twitter: https://twitter.com/AndreaBocelli
YouTube: https://www.youtube.com/AndreaBocelli
TikTok: https://www.tiktok.com/@andreabocelliof

#AndreaBocelli #Bocelli",2011-09-23 15:50:32+00:00,524,10623,46,0,False,PT1M25S,85,hd,false,False,central park|andrea bocelli|bocelli|new york|nyc,10,en,none,2011,5464,False,False,1.4166666666666667,0.004330226866233644,0.0,1.9441800878477307
yCAbzJFpwPs,Andrea Bocelli - Central Park (Webisode #1),"Subscribe to Andrea's YouTube:
https://www.youtube.com/c/AndreaBocelli?sub_confirmation=1
Listen to the Essentials playlist: https://andreabocelli.lnk.to/EssentialsID

Follow Andrea:
Facebook: https://www.facebook.com/AndreaBocelli
Instagram: https://www.instagram.com/AndreaBocelli
Twitter: https://twitter.com/AndreaBocelli
YouTube: https://www.youtube.com/AndreaBocelli
TikTok: https://www.tiktok.com/@andreabocelliof

#AndreaBocelli #Bocelli",2011-09-15 18:05:28+00:00,525,20893,49,2,False,PT1M,60,hd,false,False,andrea|bocelli|central|park|celine|dion|tony|bennett|andrea bocelli|central park,10,en,none,2011,5472,False,True,1.0,0.002345283109175322,9.572584119082946e-05,3.8181652046783627
VaX6lqXEZio,Andrea Bocelli: Exclusive Interview for Central Park,"Subscribe to Andrea's YouTube:
https://www.youtube.com/c/AndreaBocelli?sub_confirmation=1
Listen to the Essentials playlist: https://andreabocelli.lnk.to/EssentialsID

Follow Andrea:
Facebook: https://www.facebook.com/AndreaBocelli
Instagram: https://www.instagram.com/AndreaBocelli
Twitter: https://twitter.com/AndreaBocelli
YouTube: https://www.youtube.com/AndreaBocelli
TikTok: https://www.tiktok.com/@andreabocelliof

#AndreaBocelli #Bocelli",2011-07-27 18:02:08+00:00,526,38247,203,12,False,PT3M31S,211,sd,false,False,Bocelli|Interview|3di3|Central|Park,10,en,none,2011,5522,False,False,3.5166666666666666,0.005307605825293487,0.0003137500980469056,6.926294820717131
19KpywLsnpQ,Andrea Bocelli: Exclusive Interview for Central Park,"Subscribe to Andrea's YouTube:
https://www.youtube.com/c/AndreaBocelli?sub_confirmation=1
Listen to the Essentials playlist: https://andreabocelli.lnk.to/EssentialsID

Follow Andrea:
Facebook: https://www.facebook.com/AndreaBocelli
Instagram: https://www.instagram.com/AndreaBocelli
Twitter: https://twitter.com/AndreaBocelli
YouTube: https://www.youtube.com/AndreaBocelli
TikTok: https://www.tiktok.com/@andreabocelliof

#AndreaBocelli #Bocelli",2011-07-25 13:20:42+00:00,527,15690,143,7,False,PT3M30S,210,sd,false,False,Bocelli|Central Park|concert live,10,en,none,2011,5524,False,False,3.5,0.00911408540471638,0.0004461440407903123,2.840333091962346
4HIgSKhjxHo,Andrea Bocelli: Exclusive Interview for Central Park,"Subscribe to Andrea's YouTube:
https://www.youtube.com/c/AndreaBocelli?sub_confirmation=1
Listen to the Essentials playlist: https://andreabocelli.lnk.to/EssentialsID

Follow Andrea:
Facebook: https://www.facebook.com/AndreaBocelli
Instagram: https://www.instagram.com/AndreaBocelli
Twitter: https://twitter.com/AndreaBocelli
YouTube: https://www.youtube.com/AndreaBocelli
TikTok: https://www.tiktok.com/@andreabocelliof

#AndreaBocelli #Bocelli",2011-07-20 13:40:01+00:00,528,34919,238,13,False,PT3M41S,221,sd,false,False,Bocelli|Central|Park|Exclusive|Interviews|Barilla|New York|Concert|Sugar|Pasta|Classic|Italy|live,10,en,none,2011,5529,False,False,3.683333333333333,0.0068157736475844095,0.0003722901572209972,6.315608609151745
Yzn8leaw3-M,Andrea Bocelli - Live in Central Park (Waiting for Andrea Bocelli) (Official Trailer),"Waiting for Andrea Bocelli Live in Central Park.
Subscribe to Andrea's YouTube:
https://www.youtube.com/c/AndreaBocelli?sub_confirmation=1
Listen to the Essentials playlist: https://andreabocelli.lnk.to/EssentialsID

Follow Andrea:
Facebook: https://www.facebook.com/AndreaBocelli
Instagram: https://www.instagram.com/AndreaBocelli
Twitter: https://twitter.com/AndreaBocelli
YouTube: https://www.youtube.com/AndreaBocelli
TikTok: https://www.tiktok.com/@andreabocelliof

#AndreaBocelli #Bocelli",2011-07-19 11:28:56+00:00,529,70378,374,27,False,PT3M34S,214,sd,false,False,Central Park|Bocelli|Concert,10,en,none,2011,5530,False,False,3.566666666666667,0.0053141606752110035,0.0003836426155900992,12.726582278481013
PLIpjCkt3HI,Andrea Bocelli - Live in Central Park (Waiting for Andrea Bocelli) (Official Trailer),"Waiting for Andrea Bocelli Live in Central Park.
Subscribe to Andrea's YouTube:
https://www.youtube.com/c/AndreaBocelli?sub_confirmation=1
Listen to the Essentials playlist: https://andreabocelli.lnk.to/EssentialsID

Follow Andrea:
Facebook: https://www.facebook.com/AndreaBocelli
Instagram: https://www.instagram.com/AndreaBocelli
Twitter: https://twitter.com/AndreaBocelli
YouTube: https://www.youtube.com/AndreaBocelli
TikTok: https://www.tiktok.com/@andreabocelliof

#AndreaBocelli #Bocelli",2011-07-02 06:46:36+00:00,530,122695,996,52,False,PT3M8S,188,hd,false,False,central|park|concert|live|pbs|Andrea|Bocelli|free|New|York|Andrea Bocelli|central park|Music,10,en,none,2011,5548,False,False,3.1333333333333333,0.008117690207424916,0.00042381515139166225,22.115176640230715
19vm_alST-c,Andrea Bocelli - Live in Central Park (Waiting for Andrea Bocelli) (Official Trailer),"Waiting for Andrea Bocelli Live in Central Park.
Subscribe to Andrea's YouTube:
https://www.youtube.com/c/AndreaBocelli?sub_confirmation=1
Listen to the Essentials playlist: https://andreabocelli.lnk.to/EssentialsID

Follow Andrea:
Facebook: https://www.facebook.com/AndreaBocelli
Instagram: https://www.instagram.com/AndreaBocelli
Twitter: https://twitter.com/AndreaBocelli
YouTube: https://www.youtube.com/AndreaBocelli
TikTok: https://www.tiktok.com/@andreabocelliof

#AndreaBocelli #Bocelli",2011-06-07 21:22:37+00:00,531,119166,476,50,False,PT3M46S,226,hd,false,False,Bocelli|central Park|live,10,en,none,2011,5572,False,False,3.7666666666666666,0.003994427940855613,0.00041958276689659803,21.386575735821967
wwcyXY-NKH8,Andrea Bocelli - Una Voce,"Subscribe to Andrea's YouTube:
https://www.youtube.com/c/AndreaBocelli?sub_confirmation=1
Listen to the Essentials playlist: https://andreabocelli.lnk.to/EssentialsID

Follow Andrea:
Facebook: https://www.facebook.com/AndreaBocelli
Instagram: https://www.instagram.com/AndreaBocelli
Twitter: https://twitter.com/AndreaBocelli
YouTube: https://www.youtube.com/AndreaBocelli
TikTok: https://www.tiktok.com/@andreabocelliof

#AndreaBocelli #Bocelli

  Mente, che più veloce della luce
trascendi il tempo e c'indichi la via,
chi, misteriosamente ti conduce,
e in te produce il fuoco dell'idea,
  del sentimento, della congettura,
il ricordo struggente, l'impazienza;
chi genera il coraggio la paura,
il desiderio, il sogno la coscienza?
  Qual algoritmo, qual arcano genio,
fuori dal tempo e dallo spazio crea?
Chi di broccati, d'oro e  calcedonio
orna l'eliso e muove la marea
  dell'universo, di cui sei regina?
  Un pover uom son io, che cerca lumi,
in bilico, avanzando sulla china
del tempo mio, che se ne va in frantumi.
  Vero è, che ad immagine e somiglianza
di chi così ti volle tu sorgesti:
fragile, molle, immensa, conoscesti
lo smarrimento, il duolo la speranza.

  Così pensavo camminando, ieri,
su e giù, per un sentiero di collina
e si levava già, da quei pensieri,
un'inquietudine, quasi una pena;
  quando un bisbiglio, un canto, o non so cosa,
mi coglie di sorpresa ed allontana
di colpo, quella folla fastidiosa
di ""rei fantasmi"" e tosto mi risana.
  Resto in ascolto e subito m'è chiaro:
gli olivi son, che il babbo amava tanto;
preso mi sento, da un ricordo caro
e ad un tratto mi par d'averlo accanto
  mio padre; quasi mi rimproverasse
quell'elucubrazione demenziale
e dando voce alle sue piante urlasse:
""Tu pensi? Ma pensar troppo fa male!.....
  Ascolta questa voce e lascia al cuore
l'impegno di guidarti sulla via
della felicità che dà l'amore
senza riserve. Vivi la follia
  di quando te ne stavi rannicchiato
fra le mie braccia e non temevi nulla. 
Nulla sapevi, eppure eri beato!
Eppure sorridevi nella culla!
  Eri felice, allora! Ch'è successo?
Forse vuoi metter l'ali al tuo destino?
Forse ti senti abbandonato adesso,
mentre nel mondo compi il tuo cammino?
  Non senti tutto intorno a te respira,
le stelle brillano nel cielo immenso,
una mano gentile a sé t'attira
e della vita ancor ti chiedi il senso!!!!!
  Povero, sciocco, ingrato figlio mio!!!
Che posso dirti io, se questo occaso
a cui ti volgi incredulo e restìo
e ciò che vive vuoi figlio del caso.

  Stormivano gli olivi nella sera
accarezzati da una brezza lieve
ed io sentiva l'anima leggera,
rasserenarsi a quel monito breve.
  Risa di bimbi ed un vocìo dappresso
m'hanno rapito a quell'eremo lieto,
ne sono uscito con il mio segreto
e da allora non sono più lo stesso. 
- Andrea Bocelli",2011-03-21 16:40:16+00:00,532,199396,874,84,False,PT5M21S,321,sd,false,False,Una|Voce|andrea|bocelli|andrea bocelli,10,it,none,2011,5650,False,False,5.35,0.004383237376878172,0.0004212722421713575,35.29132743362832
ZeCE-Dptsog,Andrea Bocelli - Dell'Amore Non Si Sa,"Andrea Bocelli sings Dell'Amore Non Si Sa.
Subscribe to Andrea's YouTube:
https://www.youtube.com/c/AndreaBocelli?sub_confirmation=1
Listen to the Essentials playlist: https://andreabocelli.lnk.to/EssentialsID

Follow Andrea:
Facebook: https://www.facebook.com/AndreaBocelli
Instagram: https://www.instagram.com/AndreaBocelli
Twitter: https://twitter.com/AndreaBocelli
YouTube: https://www.youtube.com/AndreaBocelli
TikTok: https://www.tiktok.com/@andreabocelliof

#AndreaBocelli #Bocelli",2011-02-07 19:02:26+00:00,533,1126523,6486,276,False,PT4M6S,246,sd,false,False,Andrea|Bocelli|Dell'amore|non|si|sa|andrea bocelli|dell'amore non si sa,10,it,none,2011,5692,False,False,4.1,0.005757538905108906,0.0002450016555365492,197.91338721011945
06hqxmiOXIA,Andrea Bocelli & Judy Weiss - Vivo per lei (Ich lebe für sie) [Official Music Video],"Andrea Bocelli & Judy Weiss - Vivo per lei (Ich lebe für sie)
The Best of Andrea Bocelli: Vivere is available to order now: https://SugarMusic.lnk.to/Vivereyo

Subscribe to Andrea's YouTube:
https://www.youtube.com/c/AndreaBocelli?sub_confirmation=1
Listen to the Essentials playlist: https://andreabocelli.lnk.to/EssentialsID

Follow Andrea:
Facebook: https://www.facebook.com/AndreaBocelli
Instagram: https://www.instagram.com/AndreaBocelli
Twitter: https://twitter.com/AndreaBocelli
YouTube: https://www.youtube.com/AndreaBocelli
TikTok: https://www.tiktok.com/@andreabocelliof

#AndreaBocelli #Bocelli #vivoperlei",2011-02-04 13:52:13+00:00,534,10700579,46186,1570,False,PT4M23S,263,sd,false,False,Andrea|Bocelli|andrea bocelli|vivo per lei|Andrea bocelli Judy weiss|Judy weiss|Ich lebe für sie|Judy weiss ich lebe fur sie|Andrea bocelli vivo per lei|Andrea bocelli duets|Andrea bocelli Judy weiss vivo per lei|Andrea bocelli music videos|vivo per lei Andrea bocelli|ich lebe fur sie Judy weiss,10,de,none,2011,5695,False,False,4.383333333333334,0.004316215038457265,0.00014672103257216268,1878.9427568042142
_V3dGcQdGL0,Andrea Bocelli - Se La Gente Usasse Il Cuore,"Andrea Bocelli sings Se La Gente Usasse Il Cuore.
Subscribe to Andrea's YouTube:
https://www.youtube.com/c/AndreaBocelli?sub_confirmation=1
Listen to the Essentials playlist: https://andreabocelli.lnk.to/EssentialsID

Follow Andrea:
Facebook: https://www.facebook.com/AndreaBocelli
Instagram: https://www.instagram.com/AndreaBocelli
Twitter: https://twitter.com/AndreaBocelli
YouTube: https://www.youtube.com/AndreaBocelli
TikTok: https://www.tiktok.com/@andreabocelliof

#AndreaBocelli #Bocelli",2011-02-04 12:17:31+00:00,535,1102064,5152,268,False,PT4M1S,241,sd,false,False,Andrea|Bocelli|Se|la|gente|usasse|il|cuore|andrea bocelli|se la gente usasse il cuore,10,it,none,2011,5695,False,False,4.016666666666667,0.004674864617662858,0.00024318006939705861,193.51431079894644
h3spzqDRx_I,Andrea Bocelli - Per Amore,"The Best of Andrea Bocelli: Vivere is available to order now: https://SugarMusic.lnk.to/Vivereyo

Subscribe to Andrea's YouTube:
https://www.youtube.com/c/AndreaBocelli?sub_confirmation=1
Listen to the Essentials playlist: https://andreabocelli.lnk.to/EssentialsID

Follow Andrea:
Facebook: https://www.facebook.com/AndreaBocelli
Instagram: https://www.instagram.com/AndreaBocelli
Twitter: https://twitter.com/AndreaBocelli
YouTube: https://www.youtube.com/AndreaBocelli
TikTok: https://www.tiktok.com/@andreabocelliof

#AndreaBocelli #Bocelli #Wedding #Love #LoveSongs #MyLoveSongs #Marriage #WeddingPlaylist #Valentine #ValentinesDay",2011-02-04 11:16:05+00:00,536,2520998,16855,643,False,PT4M42S,282,sd,false,False,Andrea|Bocelli|Per|amore|F6|HQ|andrea bocelli|per amore,10,en-GB,none,2011,5695,False,False,4.7,0.006685844256917301,0.0002550577192048546,442.6686567164179
gGyeuCEAyWU,Andrea Bocelli ft. Dulce Pontes - 'O Mare E Tu (Official Video),"Andrea Bocelli ft. Dulce Pontes 'O Mare E Tu official video.
Subscribe to Andrea's YouTube:
https://www.youtube.com/c/AndreaBocelli?sub_confirmation=1
Listen to the Essentials playlist: https://andreabocelli.lnk.to/EssentialsID

Follow Andrea:
Facebook: https://www.facebook.com/AndreaBocelli
Instagram: https://www.instagram.com/AndreaBocelli
X: https://x.com/AndreaBocelli
YouTube: https://www.youtube.com/AndreaBocelli
TikTok: https://www.tiktok.com/@andreabocelliof
Website: https://andreabocelli.com

#AndreaBocelli #Bocelli #DulcePontes",2011-02-04 10:04:07+00:00,537,1766667,11715,490,False,PT4M34S,274,sd,false,False,Bocelli|andrea bocelli|o mare e tu|o mare e tu bocelli video|Andrea bocelli videos|Andrea bocelli dulce pontes o mare e tu|o mare e tu andrea bocelli dulce pontes|o mare e tu andrea bocelli|Andrea bocelli sogno album|Andrea bocelli music videos|dulce pontes|dulce pontes o mare e tu|Andrea bocelli sogno|Andrea bocelli dulce pontes|dulce pontes Andrea bocelli,10,en,none,2011,5695,False,False,4.566666666666666,0.006631130824314939,0.00027735843823425694,310.21369622475856
ieXG8ZmK9EU,Andrea Bocelli - Dare To Live,"Andrea Bocelli sings Dare To Live.
Subscribe to Andrea's YouTube:
https://www.youtube.com/c/AndreaBocelli?sub_confirmation=1
Listen to the Essentials playlist: https://andreabocelli.lnk.to/EssentialsID

Follow Andrea:
Facebook: https://www.facebook.com/AndreaBocelli
Instagram: https://www.instagram.com/AndreaBocelli
Twitter: https://twitter.com/AndreaBocelli
YouTube: https://www.youtube.com/AndreaBocelli
TikTok: https://www.tiktok.com/@andreabocelliof

#AndreaBocelli #Bocelli",2011-02-04 09:29:46+00:00,538,846323,4208,112,False,PT4M9S,249,sd,false,False,Andrea|Bocelli|Dare|to|live|andrea bocelli|dare to live,10,it,none,2011,5695,False,False,4.15,0.0049720969417113795,0.00013233718095809755,148.60807726075504
Ubv_YLO0HCg,Andrea Bocelli Per NPH Italia,"Dal 10 al 24 gennaio 2011 dona 2 euro con SMS da cellulare personale o chiamata da telefono fisso al 45505.
Subscribe to Andrea's YouTube:
https://www.youtube.com/c/AndreaBocelli?sub_confirmation=1
Listen to the Essentials playlist: https://andreabocelli.lnk.to/EssentialsID

Follow Andrea:
Facebook: https://www.facebook.com/AndreaBocelli
Instagram: https://www.instagram.com/AndreaBocelli
Twitter: https://twitter.com/AndreaBocelli
YouTube: https://www.youtube.com/AndreaBocelli
TikTok: https://www.tiktok.com/@andreabocelliof

#AndreaBocelli #Bocelli",2011-01-05 20:02:22+00:00,539,14036,27,1,False,PT35S,35,sd,false,False,SPOT|EMERGENZA|COLERA|NPH|Andrea Bocelli,10,it,none,2011,5725,False,True,0.5833333333333334,0.0019236249643773155,7.124536905101169e-05,2.451703056768559
Kx-qWY7D65k,Andrea Bocelli - Notte Illuminata: Where E'er You Walk,"Andrea Bocelli sings Notte Illuminata: Where E'er You Walk.
Subscribe to Andrea's YouTube:
https://www.youtube.com/c/AndreaBocelli?sub_confirmation=1
Listen to the Essentials playlist: https://andreabocelli.lnk.to/EssentialsID

Follow Andrea:
Facebook: https://www.facebook.com/AndreaBocelli
Instagram: https://www.instagram.com/AndreaBocelli
Twitter: https://twitter.com/AndreaBocelli
YouTube: https://www.youtube.com/AndreaBocelli
TikTok: https://www.tiktok.com/@andreabocelliof

#AndreaBocelli #Bocelli

Where'er you walk
Cool gales shall fan the glade
Trees where you sit
shall crowd into a shade
Trees where you sit
shall crowd into a shade

Where'er you tread
the blushing flowers shall rise
and all things flourish
and all things flourish
Where e'er you turn your eyes",2011-01-04 19:05:24+00:00,540,121028,795,70,False,PT7M1S,421,hd,false,False,Lajatico|Notte|Illuminata:|Where|e'er|you|walk|Andrea|Bocelli|andrea bocelli|notte illuminata|where e'er you walk,10,en,none,2011,5726,False,False,7.016666666666667,0.006568727897676571,0.0005783785570281257,21.136570031435557
yOHp8Kyh0o4,Andrea Bocelli - Buon Natale,"Andrea Bocelli sings Buon Natale.
Subscribe to Andrea's YouTube:
https://www.youtube.com/c/AndreaBocelli?sub_confirmation=1
Listen to the Essentials playlist: https://andreabocelli.lnk.to/EssentialsID

Follow Andrea:
Facebook: https://www.facebook.com/AndreaBocelli
Instagram: https://www.instagram.com/AndreaBocelli
Twitter: https://twitter.com/AndreaBocelli
YouTube: https://www.youtube.com/AndreaBocelli
TikTok: https://www.tiktok.com/@andreabocelliof

#AndreaBocelli #Bocelli",2010-12-23 10:35:15+00:00,541,41580,388,14,False,PT1M18S,78,hd,false,False,Andrea|Bocelli|Buon|Natale|Andrea Bocelli|buon Natale,10,en,none,2010,5738,False,False,1.3,0.009331409331409331,0.0003367003367003367,7.246427326594632
2TxTq4Fo3-A,Andrea Bocelli - Notte Illuminata: Intervista / Interview,"Subscribe to Andrea's YouTube:
https://www.youtube.com/c/AndreaBocelli?sub_confirmation=1
Listen to the Essentials playlist: https://andreabocelli.lnk.to/EssentialsID

Follow Andrea:
Facebook: https://www.facebook.com/AndreaBocelli
Instagram: https://www.instagram.com/AndreaBocelli
Twitter: https://twitter.com/AndreaBocelli
YouTube: https://www.youtube.com/AndreaBocelli
TikTok: https://www.tiktok.com/@andreabocelliof

#AndreaBocelli #Bocelli",2010-12-23 05:23:37+00:00,542,48383,526,29,False,PT14M47S,887,hd,false,False,Notte|Illuminata|intervista|interview|bocelli|andrea bocelli|notte illuminata,10,en,none,2010,5739,False,False,14.783333333333333,0.010871587127710147,0.0005993840811855404,8.430562815821572
H9MdGK4JenU,Andrea Bocelli - Notte Illuminata: À La Madone,"Andrea Bocelli sings À La Madone.
Subscribe to Andrea's YouTube:
https://www.youtube.com/c/AndreaBocelli?sub_confirmation=1
Listen to the Essentials playlist: https://andreabocelli.lnk.to/EssentialsID

Follow Andrea:
Facebook: https://www.facebook.com/AndreaBocelli
Instagram: https://www.instagram.com/AndreaBocelli
Twitter: https://twitter.com/AndreaBocelli
YouTube: https://www.youtube.com/AndreaBocelli
TikTok: https://www.tiktok.com/@andreabocelliof

#AndreaBocelli #Bocelli

Blanche madone notre patronne, 
Charmante reine des cieux, 
Je veux de roses fraiches écloses, 
Orner ton front gracieux! 
Et pour ta fête que l'on apprete, 
O madone, je veux encor 
Parer ta grâce que rien n'efface 
D'un manteau d'argent et d'or! 
Sainte Marie, vierge chérie, 
Aux blonds cheveux parfumés, 
Comme une étoile, sous ton long voile, 
Brille à nos regards charmés! 
Jusqu'au pied même du roi suprême 
Porte notre humble ferveur! 
Que ta main blanche sur nous épanche 
Le bienfait d'un Dieu sauveur!",2010-12-21 17:18:08+00:00,543,52084,376,20,False,PT5M13S,313,hd,false,False,Madone|Andrea Bocelli|à la madone|notte illuminata|andrea|bocelli|Music,10,fr,none,2010,5740,False,False,5.216666666666667,0.007219107595422779,0.0003839950848629138,9.073867595818815
bLGzsS-czH0,Andrea Bocelli - Notte Illuminata: Hymne à la Nuit,"Andrea Bocelli sings Hymne à la Nuit.
Subscribe to Andrea's YouTube:
https://www.youtube.com/c/AndreaBocelli?sub_confirmation=1
Listen to the Essentials playlist: https://andreabocelli.lnk.to/EssentialsID

Follow Andrea:
Facebook: https://www.facebook.com/AndreaBocelli
Instagram: https://www.instagram.com/AndreaBocelli
Twitter: https://twitter.com/AndreaBocelli
YouTube: https://www.youtube.com/AndreaBocelli
TikTok: https://www.tiktok.com/@andreabocelliof

#AndreaBocelli #Bocelli

Viens, lorsque dans l'azur les astres radieux
Proclament du Seigneur la puissance infinie
Ami, viens écouter leur céleste harmonie
Viens mêler notre amour au silence dex cieux!

Dans le calme des nuits la prière est plus pure
L'âme s'élève et monte au séjour immortel
Viens adorer tous deux le Dieu de la nature
Viens unir notre voix au cantique éternel!
Viens unir notre voix au cantique éternel!

Vois ce rayon divin que semblent respirer
Les fleurs qu'il fit éclore aux splendeurs de sa gloire;
Calices parfumés, elles disent de croire.
Messager de lumière, il nous dit d'espérer!

Pur encens de la fleur, doux rayon de la flamme,
Vous révélez de Dieu l'éternelle bonté
Aux larmes de nos coeurs aux doutes de notre âme
L'espérance et la foi versent la charité!
L'espérance et la foi versent la charité!",2010-12-19 11:24:59+00:00,544,64921,315,23,False,PT3M34S,214,hd,false,False,notte illuminata|hymne à la nuit|andrea bocelli|bocelli,10,fr,none,2010,5742,False,False,3.566666666666667,0.004852050954236688,0.0003542767363410915,11.306339254615116
cyzFJ4JT6D8,Andrea Bocelli - Notte Illuminata: La Reine Du Matin,"Andrea Bocelli sings La Reine Du Matin.
Subscribe to Andrea's YouTube:
https://www.youtube.com/c/AndreaBocelli?sub_confirmation=1
Listen to the Essentials playlist: https://andreabocelli.lnk.to/EssentialsID

Follow Andrea:
Facebook: https://www.facebook.com/AndreaBocelli
Instagram: https://www.instagram.com/AndreaBocelli
Twitter: https://twitter.com/AndreaBocelli
YouTube: https://www.youtube.com/AndreaBocelli
TikTok: https://www.tiktok.com/@andreabocelliof

#AndreaBocelli #Bocelli

Comme la naissante aurore, Se lève pâle encore, 
Dans l'azur des cieux, Et bientôt étincelante  De sa clarté brûlante Éblouit les yeux, 
Tel son doux printemps rayonne, 
Sous la vaine couronne  Que mit sur son front le destin. 
Mais qui jamais pourra Ta grâce ta grace et ton sourire, 
O Balkis, reine du matin! 
O Balkis, reine du matin! 
Sous le gaze se devine, Dans sa splendeur divine Sa jeune beauté! 
Sur son visage réside  
Une pudeur candide 
Avec la fierté! Entre l'ignorance heurese 
Et l'ivresse amoureuse 
Son coeur semble encor incertain! 
Mais qui jamais pourra Ta grâce et ton sourire, O Balkis, reine du matin! 
O Balkis, reine du matin!",2010-12-12 10:41:03+00:00,545,43742,229,20,False,PT3M18S,198,hd,false,False,andrea bocelli|notte illuminata|la reine du matin,10,fr,none,2010,5749,False,False,3.3,0.005235243015865758,0.0004572264642677518,7.608627587406506
hyBsx1UhoNs,Timelapse Houston,"Subscribe to Andrea's YouTube:
https://www.youtube.com/c/AndreaBocelli?sub_confirmation=1
Listen to the Essentials playlist: https://andreabocelli.lnk.to/EssentialsID

Follow Andrea:
Facebook: https://www.facebook.com/AndreaBocelli
Instagram: https://www.instagram.com/AndreaBocelli
Twitter: https://twitter.com/AndreaBocelli
YouTube: https://www.youtube.com/AndreaBocelli
TikTok: https://www.tiktok.com/@andreabocelliof

#AndreaBocelli #Bocelli",2010-12-10 19:16:06+00:00,546,3538,15,0,False,PT2M25S,145,hd,false,False,Timelapse|Houston,10,en,none,2010,5751,False,False,2.4166666666666665,0.004239683436970039,0.0,0.6151973569813945
RRsaOFKptKI,Andrea Bocelli - Notte Illuminata: La Speme ti Consoli,"Andrea Bocelli sings La Speme ti Consoli.
Subscribe to Andrea's YouTube:
https://www.youtube.com/c/AndreaBocelli?sub_confirmation=1
Listen to the Essentials playlist: https://andreabocelli.lnk.to/EssentialsID

Follow Andrea:
Facebook: https://www.facebook.com/AndreaBocelli
Instagram: https://www.instagram.com/AndreaBocelli
Twitter: https://twitter.com/AndreaBocelli
YouTube: https://www.youtube.com/AndreaBocelli
TikTok: https://www.tiktok.com/@andreabocelliof

#AndreaBocelli #Bocelli

Speme ti consoli,
ti rasserena il cor,
da te il timor sen'voli,
ti chiama un bell'onor,
da te il timor sen'voli,
ti chiama un bell'onor.
La speme ti consoli,
ti rasserena il cor,
ti rasserena il cor,
da te il timor sen'voli,
ti chiama un bell'onor,
da te il timor sen' voli, 
da te il timor sen'voli,
ti chiama un bell'onor,
un bell'onor,
da te il timor sen'voli,
ti chiama un bell'onor.
E' nobile conforto,
se ci schernisce amor,
in petto aver risorto a nostro prò il valor,
nel petto aver risorto a nostro prò il valor.
La speme ti consoli,
ti rasserena il cor,
da te il timor sen'voli,
ti chiama un bell'onor,
un bell'onor,
da te il timor sen'voli,
ti chiama un bell'onor",2010-12-04 16:44:51+00:00,547,129399,897,38,False,PT5M47S,347,hd,false,False,la speme ti consoli|andrea bocelli|notte illuminata|bocelli|notte|illuminata|speme|consoli,10,it,none,2010,5757,False,False,5.783333333333333,0.006932047388310574,0.000293665329716613,22.476810838978636
9YPBG0N94Rw,Andrea Bocelli - Notte Illuminata: Chanson D'amour,"Andrea Bocelli sings Chanson D'amour.
Subscribe to Andrea's YouTube:
https://www.youtube.com/c/AndreaBocelli?sub_confirmation=1
Listen to the Essentials playlist: https://andreabocelli.lnk.to/EssentialsID

Follow Andrea:
Facebook: https://www.facebook.com/AndreaBocelli
Instagram: https://www.instagram.com/AndreaBocelli
Twitter: https://twitter.com/AndreaBocelli
YouTube: https://www.youtube.com/AndreaBocelli
TikTok: https://www.tiktok.com/@andreabocelliof

#AndreaBocelli #Bocelli

Gabriel Fauré
J'aime tes yeux, j'aime ton front,
O ma rebelle, ô ma farouche,
j'aime tes yeux, j'aime ta bouche
où mes baisers s'epuiseront.
J'aime ta voix, j'aime l'étrange
Grace de tout ce que tu dis,
O ma rebelle, ô mon cher ange,
Mon enfer et mon paradis!
J'aime tes yeux, j'aime ton front,
O ma rebelle, ô ma farouche,
j'aime tes yeux, j'aime ta bouche
où mes baisers s'epuiseront.
J'aime tous ce qui te fait belle,
De tes pieds jusqu'à tes cheveux,
O toi vers qui montent mes voeux!
ô ma farouche, o ma rebelle,
j'aime tes yeux, j'aime ta front
O ma rebelle, ô ma farouche,
j'aime tes yeux, j'aime ta bouche
où mes baisers s'epuiseront
où mes baisers s'epuiseront",2010-12-02 11:42:29+00:00,548,101806,295,16,False,PT2M6S,126,hd,false,False,Notte|Illuminata|Chanson|d'amour|Andrea|Bocelli|andrea bocelli|notte illuminata|chanson d'amour,10,fr,none,2010,5759,False,False,2.1,0.002897668113863623,0.00015716166041294225,17.677721826706026
pX9Lmrl59oc,Andrea Bocelli - Notte Illuminata: Après un Rêve,"Andrea Bocelli sings Après un Rêve.
Subscribe to Andrea's YouTube:
https://www.youtube.com/c/AndreaBocelli?sub_confirmation=1
Listen to the Essentials playlist: https://andreabocelli.lnk.to/EssentialsID

Follow Andrea:
Facebook: https://www.facebook.com/AndreaBocelli
Instagram: https://www.instagram.com/AndreaBocelli
Twitter: https://twitter.com/AndreaBocelli
YouTube: https://www.youtube.com/AndreaBocelli
TikTok: https://www.tiktok.com/@andreabocelliof

#AndreaBocelli #Bocelli

Dans un sommeil que charmait  ton image
Je revais le bonheur, ardent  mirage; 
Tes yeux etaient plus doux, ta voix pure et sonore.
Tu rayonnais comme un ciel éclairé par l'aurore;
tu m'appelais, et je quittais la terre
pour m'enfuir avec toi vers la lumiére,
les cieux pour nous entrouvaient leurs nues,
splendeurs inconnues, lueurs divines entrevues...
Hélas! Hélas, triste réveil des songes!
Je t'appelle o nuit, rends-moi tes mensonges.
Reviens reviens radieuse
Revien o nuit mystérieuse!",2010-11-21 15:53:11+00:00,549,109058,750,67,False,PT5M49S,349,hd,false,False,Andrea Bocelli|notte illuminata|bocelli|notte|illuminata|Après|un|rêve|apres|reve|Après un rêve,10,fr,none,2010,5770,False,False,5.816666666666666,0.006877074584166224,0.000614351996185516,18.900866551126516
Ojg9CGfc4FI,Andrea Bocelli - Notte Illuminata: Beato Quei Che Fido Amor,"Andrea Bocelli sings Beato Quei Che Fido Amor.
Subscribe to Andrea's YouTube:
https://www.youtube.com/c/AndreaBocelli?sub_confirmation=1
Listen to the Essentials playlist: https://andreabocelli.lnk.to/EssentialsID

Follow Andrea:
Facebook: https://www.facebook.com/AndreaBocelli
Instagram: https://www.instagram.com/AndreaBocelli
Twitter: https://twitter.com/AndreaBocelli
YouTube: https://www.youtube.com/AndreaBocelli
TikTok: https://www.tiktok.com/@andreabocelliof

#AndreaBocelli #Bocelli

Beato quei che fido amor
Mai seppe meritar!
Ei solcherà senza timor
Di questa vita il mar.

Dovunque lo conduca il ciel,
Gli ride dolce fior;
La gioja non là cuopre un vel,
Si scema ogni dolor.

Ei sente l'alma divam par
Di generoso ardir;
Il vero ei puote sol amar,
Del bello sol gioir.

Felice chi ad un fido sen
Può cheto riposar,
E negl' occhietti del suo ben
Contento si specchiar!

Che in mezzo agli disa striancor
Quel sol gli riderà,
Ed a più bella calma oror
Tutto gli tornerà,
tutto, tutto, tutto tornerà.

Beato quei che fido amor
Mai seppe meritar!
Ei solcherà senza timor
Di questa vita il mar.
Ei solcherà senza timor
Ei solcherà di questa vita,
di questa vita il mar",2010-11-13 15:56:28+00:00,550,44613,265,16,False,PT2M37S,157,sd,false,False,Andrea Bocelli|Notte illuminata|bocelli|notte|illuminata|beato|quei|che|fido|amor|beato quei che fido amor,10,it,none,2010,5778,False,False,2.6166666666666667,0.005939972653710802,0.00035863985833725593,7.721183800623053
AAptfMOT83M,Andrea Bocelli - Ich Liebe Dich (from Notte Illuminata),"Andrea Bocelli sings Ich Liebe Dich from his album, Notte Illuminata.

Ich liebe dich, so wie du mich, am Abend und am Morgen,
Noch war kein Tag, wo du und ich nicht theilten uns're Sorgen.
Auch waren sie fuer dich und mich getheilt leicht zu ertragen,  
Du troestetest im Kummer mich, ich weint'in deine Klagen, in deine Klagen;

Drum gottes Segen ueber dir, du meines Lebens Freude,
Gott schuetze dich, erhalt' dich mir, schuetz' und erhalt' uns beide, 
Erhalt, erhalt' uns beide, erhalt' uns beide.

Subscribe to Andrea's YouTube:
https://www.youtube.com/c/AndreaBocelli?sub_confirmation=1
Listen to the Essentials playlist: https://andreabocelli.lnk.to/EssentialsID

Follow Andrea:
Facebook: https://www.facebook.com/AndreaBocelli
Instagram: https://www.instagram.com/AndreaBocelli
Twitter: https://twitter.com/AndreaBocelli
YouTube: https://www.youtube.com/AndreaBocelli
TikTok: https://www.tiktok.com/@andreabocelliof

#AndreaBocelli #Bocelli",2010-11-06 10:22:17+00:00,551,417710,1839,100,False,PT2M17S,137,sd,false,False,Andrea Bocelli|ICH LIEBE DICH|Notte Illuminata|bocelli|notte|illuminata|ich|liebe|dich,10,de,none,2010,5785,False,False,2.283333333333333,0.004402575949821646,0.00023940054104522278,72.2057044079516
J0WOBZh45Ng,Andrea Bocelli - Carmen: Duets & Arias (Official Trailer),"Andrea Bocelli presents Carmen: Duets & Arias.
Subscribe to Andrea's YouTube:
https://www.youtube.com/c/AndreaBocelli?sub_confirmation=1
Listen to the Essentials playlist: https://andreabocelli.lnk.to/EssentialsID

Follow Andrea:
Facebook: https://www.facebook.com/AndreaBocelli
Instagram: https://www.instagram.com/AndreaBocelli
Twitter: https://twitter.com/AndreaBocelli
YouTube: https://www.youtube.com/AndreaBocelli
TikTok: https://www.tiktok.com/@andreabocelliof

#AndreaBocelli #Bocelli #Carmen",2010-07-13 21:47:50+00:00,552,187807,172,5,False,PT30S,30,sd,false,False,CARMEN|DUETS|ARIAS|andrea bocelli|bocelli,10,en,none,2010,5901,False,True,0.5,0.0009158338081115187,2.662307581719531e-05,31.826300627012373
JrRdiAMaf6c,Ave Maria (Live),"Music video by Andrea Bocelli, Orchestra dell'Accademia Nazionale di Santa Cecilia, Myung-Whun Chung performing Ave Maria. (C) 1999 Insieme Srl

Subscribe to Andrea Bocelli’s YouTube channel & ring the bell to never miss a new video: https://AndreaBocelli.lnk.to/YTSignUpID

Sign up for Andrea Bocelli’s Email List: https://AndreaBocelli.lnk.to/MailingListSignUpID

Follow Andrea Bocelli: 
Instagram: https://www.instagram.com/andreabocelliofficial
Facebook: https://www.facebook.com/andreabocelli/YouTube
YouTube: https://www.youtube.com/channel/UCb4JB8-ZAeceuR7EPCPOPzg
TikTok:  https://www.tiktok.com/@andreabocelliof?lang=en
X: https://x.com/AndreaBocelliWebsite
Website: https://www.andreabocelli.com/
#AndreaBocelli #Bocelli 

Watch the Music for Hope full event here: https://andreabocelli.lnk.to/LiveFromDuomoID
Listen to the Music for Hope full event here: https://andreabocelli.lnk.to/MusicForHope1ID",2010-06-22 20:19:17+00:00,553,627107,4176,96,False,PT3M3S,183,sd,false,True,Andrea|Bocelli|Orchestra|dell'Accademia|Nazionale|Santa|Cecilia|Myung-Whun|Chung|Philips|Classical|Ave|Maria|J.S.|Bach|Gounod|(Live),10,en-US,none,2010,5922,False,False,3.05,0.006659150671257059,0.00015308392347717376,105.89446133063154
FJ5cd-H8bBs,Andrea Bocelli: Teatro del Silenzio,"Subscribe to Andrea's YouTube:
https://www.youtube.com/c/AndreaBocelli?sub_confirmation=1
Listen to the Essentials playlist: https://andreabocelli.lnk.to/EssentialsID

Follow Andrea:
Facebook: https://www.facebook.com/AndreaBocelli
Instagram: https://www.instagram.com/AndreaBocelli
Twitter: https://twitter.com/AndreaBocelli
YouTube: https://www.youtube.com/AndreaBocelli
TikTok: https://www.tiktok.com/@andreabocelliof

#AndreaBocelli #Bocelli",2010-06-11 00:12:38+00:00,554,67749,140,13,False,PT2M1S,121,sd,false,False,Bocelli|Teatro|del|Silenzio|Sottotitolato|andrea bocelli,10,it,none,2010,5934,False,False,2.0166666666666666,0.0020664511653308536,0.00019188475106643641,11.417087967644084
syXlvaOF3d8,Andrea Bocelli - Opera: Boheme (Official Interview),"Subscribe to Andrea's YouTube:
https://www.youtube.com/c/AndreaBocelli?sub_confirmation=1
Listen to the Essentials playlist: https://andreabocelli.lnk.to/EssentialsID

Follow Andrea:
Facebook: https://www.facebook.com/AndreaBocelli
Instagram: https://www.instagram.com/AndreaBocelli
Twitter: https://twitter.com/AndreaBocelli
YouTube: https://www.youtube.com/AndreaBocelli
TikTok: https://www.tiktok.com/@andreabocelliof

#AndreaBocelli #Bocelli",2010-04-22 23:57:31+00:00,555,34320,66,2,False,PT10M14S,614,hd,false,False,Bocelli|Opera|Boheme|Andrea Bocelli,10,en,none,2010,5983,False,False,10.233333333333333,0.0019230769230769232,5.8275058275058275e-05,5.736252716028748
bGtTty3lQNw,Andrea Bocelli - Le Opere - Werther,"Subscribe to Andrea's YouTube:
https://www.youtube.com/c/AndreaBocelli?sub_confirmation=1
Listen to the Essentials playlist: https://andreabocelli.lnk.to/EssentialsID

Follow Andrea:
Facebook: https://www.facebook.com/AndreaBocelli
Instagram: https://www.instagram.com/AndreaBocelli
Twitter: https://twitter.com/AndreaBocelli
YouTube: https://www.youtube.com/AndreaBocelli
TikTok: https://www.tiktok.com/@andreabocelliof

#AndreaBocelli #Bocelli",2010-04-06 07:36:20+00:00,556,26659,105,2,False,PT8M2S,482,hd,false,False,Bocelli|Opera|Werther|Andrea Bocelli,10,en,none,2010,6000,False,False,8.033333333333333,0.003938632356802581,7.502156870100153e-05,4.4431666666666665
JkLUREafnm4,Bocelli - Le Opere - Trovatore,"Subscribe to Andrea's YouTube:
https://www.youtube.com/c/AndreaBocelli?sub_confirmation=1
Listen to the Essentials playlist: https://andreabocelli.lnk.to/EssentialsID

Follow Andrea:
Facebook: https://www.facebook.com/AndreaBocelli
Instagram: https://www.instagram.com/AndreaBocelli
Twitter: https://twitter.com/AndreaBocelli
YouTube: https://www.youtube.com/AndreaBocelli
TikTok: https://www.tiktok.com/@andreabocelliof

#AndreaBocelli #Bocelli",2010-03-16 10:42:27+00:00,557,20845,51,2,False,PT6M48S,408,hd,false,False,Bocelli|Le opere|Trovatore,10,it,none,2010,6020,False,False,6.8,0.002446629887263133,9.59462700887503e-05,3.462624584717608
1IjsDLL5bwI,Andrea Bocelli - Le Opere - Tosca,"Subscribe to Andrea's YouTube:
https://www.youtube.com/c/AndreaBocelli?sub_confirmation=1
Listen to the Essentials playlist: https://andreabocelli.lnk.to/EssentialsID

Follow Andrea:
Facebook: https://www.facebook.com/AndreaBocelli
Instagram: https://www.instagram.com/AndreaBocelli
Twitter: https://twitter.com/AndreaBocelli
YouTube: https://www.youtube.com/AndreaBocelli
TikTok: https://www.tiktok.com/@andreabocelliof

#AndreaBocelli #Bocelli",2010-03-10 03:28:13+00:00,558,16715,61,3,False,PT11M22S,682,hd,false,False,Bocelli|Le|Opere|Tosca|Andrea Bocelli,10,en,none,2010,6027,False,False,11.366666666666667,0.0036494166915943763,0.00017947950942267426,2.773353243736519
yacO9C5x8eA,Andrea Bocelli - Le Opere - Tosca,"Subscribe to Andrea's YouTube:
https://www.youtube.com/c/AndreaBocelli?sub_confirmation=1
Listen to the Essentials playlist: https://andreabocelli.lnk.to/EssentialsID

Follow Andrea:
Facebook: https://www.facebook.com/AndreaBocelli
Instagram: https://www.instagram.com/AndreaBocelli
Twitter: https://twitter.com/AndreaBocelli
YouTube: https://www.youtube.com/AndreaBocelli
TikTok: https://www.tiktok.com/@andreabocelliof

#AndreaBocelli #Bocelli",2010-03-08 13:54:39+00:00,559,2705,27,0,False,PT11M22S,682,sd,false,False,Andrea|Bocelli|Le|opere|Tosca|Andrea Bocelli,10,en,none,2010,6028,False,False,11.366666666666667,0.009981515711645102,0.0,0.44873921698739216
FJteLmipIec,Andrea Bocelli - Boheme,"Subscribe to Andrea's YouTube:
https://www.youtube.com/c/AndreaBocelli?sub_confirmation=1
Listen to the Essentials playlist: https://andreabocelli.lnk.to/EssentialsID

Follow Andrea:
Facebook: https://www.facebook.com/AndreaBocelli
Instagram: https://www.instagram.com/AndreaBocelli
Twitter: https://twitter.com/AndreaBocelli
YouTube: https://www.youtube.com/AndreaBocelli
TikTok: https://www.tiktok.com/@andreabocelliof

#AndreaBocelli #Bocelli",2010-03-02 17:40:27+00:00,560,8704,61,4,False,PT3M58S,238,sd,false,False,Andrea|Bocelli|Boheme|Andrea Bocelli,10,en,none,2010,6034,False,False,3.966666666666667,0.00700827205882353,0.00045955882352941176,1.4424925422605237
lIfIf_NN-CU,Andrea Bocelli - Boheme,"Subscribe to Andrea's YouTube:
https://www.youtube.com/c/AndreaBocelli?sub_confirmation=1
Listen to the Essentials playlist: https://andreabocelli.lnk.to/EssentialsID

Follow Andrea:
Facebook: https://www.facebook.com/AndreaBocelli
Instagram: https://www.instagram.com/AndreaBocelli
Twitter: https://twitter.com/AndreaBocelli
YouTube: https://www.youtube.com/AndreaBocelli
TikTok: https://www.tiktok.com/@andreabocelliof

#AndreaBocelli #Bocelli",2010-03-02 17:35:29+00:00,561,13991,109,5,False,PT7M13S,433,sd,false,False,Andrea|Bocelli|Boheme|Andrea Bocelli|Opera,10,en,none,2010,6034,False,False,7.216666666666667,0.007790722607390465,0.0003573725966692874,2.3186940669539275
Ec_DzY6Okm8,Andrea Bocelli - Di Quella Pira (da Il Trovatore di Giuseppe Verdi),"Andrea Bocelli al Colosseo Romano: Di Quella Pira (da Il Trovatore di Giuseppe Verdi)
Subscribe to Andrea's YouTube:
https://www.youtube.com/c/AndreaBocelli?sub_confirmation=1
Listen to the Essentials playlist: https://andreabocelli.lnk.to/EssentialsID

Follow Andrea:
Facebook: https://www.facebook.com/AndreaBocelli
Instagram: https://www.instagram.com/AndreaBocelli
Twitter: https://twitter.com/AndreaBocelli
YouTube: https://www.youtube.com/AndreaBocelli
TikTok: https://www.tiktok.com/@andreabocelliof

#AndreaBocelli #Bocelli",2010-03-02 11:45:58+00:00,562,208763,876,140,False,PT2M32S,152,sd,false,False,Andrea|Bocelli|Di|Quella|Pira|Trovatore|Giuseppe|Verdi|andrea bocelli|di quella pira,10,it,none,2010,6034,False,False,2.533333333333333,0.004196145868760269,0.0006706169196648832,34.5977792509115
aCszJfcBHk8,Andrea Bocelli - Boheme: Duetto I Atto (di Giacomo Puccini),"Andrea Bocelli sings Boheme: Duetto I Atto (di Giacomo Puccini)
Subscribe to Andrea's YouTube:
https://www.youtube.com/c/AndreaBocelli?sub_confirmation=1
Listen to the Essentials playlist: https://andreabocelli.lnk.to/EssentialsID

Follow Andrea:
Facebook: https://www.facebook.com/AndreaBocelli
Instagram: https://www.instagram.com/AndreaBocelli
Twitter: https://twitter.com/AndreaBocelli
YouTube: https://www.youtube.com/AndreaBocelli
TikTok: https://www.tiktok.com/@andreabocelliof

#AndreaBocelli #Bocelli",2010-03-02 11:18:27+00:00,563,92551,231,12,False,PT3M58S,238,sd,false,False,Andrea|Bocelli|Boheme|Duetto|Giacomo|Puccini|andrea bocelli|giacomo puccini,10,it,none,2010,6034,False,False,3.966666666666667,0.0024959211677885707,0.00012965824248252315,15.338249917136228
EduvZbZ0WhI,Andrea Bocelli - Le Opere Carmen,"Subscribe to Andrea's YouTube:
https://www.youtube.com/c/AndreaBocelli?sub_confirmation=1
Listen to the Essentials playlist: https://andreabocelli.lnk.to/EssentialsID

Follow Andrea:
Facebook: https://www.facebook.com/AndreaBocelli
Instagram: https://www.instagram.com/AndreaBocelli
Twitter: https://twitter.com/AndreaBocelli
YouTube: https://www.youtube.com/AndreaBocelli
TikTok: https://www.tiktok.com/@andreabocelliof

#AndreaBocelli #Bocelli",2010-03-01 01:00:13+00:00,564,13524,36,0,False,PT10M57S,657,sd,false,False,Bocelli|Opera|Carmen|Andrea Bocelli,10,en,none,2010,6036,False,False,10.95,0.0026619343389529724,0.0,2.2405566600397613
ETBz5cW7gnA,Andrea Bocelli - Opera: Parte 2,"Subscribe to Andrea's YouTube:
https://www.youtube.com/c/AndreaBocelli?sub_confirmation=1
Listen to the Essentials playlist: https://andreabocelli.lnk.to/EssentialsID

Follow Andrea:
Facebook: https://www.facebook.com/AndreaBocelli
Instagram: https://www.instagram.com/AndreaBocelli
Twitter: https://twitter.com/AndreaBocelli
YouTube: https://www.youtube.com/AndreaBocelli
TikTok: https://www.tiktok.com/@andreabocelliof

#AndreaBocelli #Bocelli",2010-03-01 00:15:58+00:00,565,19900,78,4,False,PT10M55S,655,hd,false,False,Bocelli|Opere|Andrea Bocelli,10,en,none,2010,6036,False,False,10.916666666666666,0.003919597989949748,0.00020100502512562814,3.29688535453943
4rbBoGmwdV4,Andrea Bocelli - Le Opere,"Andrea Bocelli - Opere
Subscribe to Andrea's YouTube:
https://www.youtube.com/c/AndreaBocelli?sub_confirmation=1
Listen to the Essentials playlist: https://andreabocelli.lnk.to/EssentialsID

Follow Andrea:
Facebook: https://www.facebook.com/AndreaBocelli
Instagram: https://www.instagram.com/AndreaBocelli
Twitter: https://twitter.com/AndreaBocelli
YouTube: https://www.youtube.com/AndreaBocelli
TikTok: https://www.tiktok.com/@andreabocelliof

#AndreaBocelli #Bocelli",2010-02-28 18:10:02+00:00,566,106751,188,11,False,PT9M33S,573,hd,false,False,Bocelli|Opera|Parte|Color|Corr|HD|720p,10,en,none,2010,6036,False,False,9.55,0.00176110762428455,0.00010304353120813856,17.685719019218027
99TzEuG800Y,Andrea Bocelli - Werther,"Subscribe to Andrea's YouTube:
https://www.youtube.com/c/AndreaBocelli?sub_confirmation=1
Listen to the Essentials playlist: https://andreabocelli.lnk.to/EssentialsID

Follow Andrea:
Facebook: https://www.facebook.com/AndreaBocelli
Instagram: https://www.instagram.com/AndreaBocelli
Twitter: https://twitter.com/AndreaBocelli
YouTube: https://www.youtube.com/AndreaBocelli
TikTok: https://www.tiktok.com/@andreabocelliof

#AndreaBocelli #Bocelli",2010-02-26 09:19:48+00:00,567,31603,192,15,False,PT1M14S,74,sd,false,False,Werther|Andrea|Bocelli|Andrea Bocelli,10,it,none,2010,6038,False,False,1.2333333333333334,0.006075372591209696,0.00047463848368825746,5.2340178867174565
FvjLA6PgaSk,Andrea Bocelli - Tosca (Live),"Subscribe to Andrea's YouTube:
https://www.youtube.com/c/AndreaBocelli?sub_confirmation=1
Listen to the Essentials playlist: https://andreabocelli.lnk.to/EssentialsID

Follow Andrea:
Facebook: https://www.facebook.com/AndreaBocelli
Instagram: https://www.instagram.com/AndreaBocelli
Twitter: https://twitter.com/AndreaBocelli
YouTube: https://www.youtube.com/AndreaBocelli
TikTok: https://www.tiktok.com/@andreabocelliof

#AndreaBocelli #Bocelli",2010-02-26 09:18:28+00:00,568,43253,214,16,False,PT1M40S,100,sd,false,False,Tosca|Andrea|Bocelli|Andrea Bocelli,10,it,none,2010,6038,False,False,1.6666666666666667,0.00494763369014866,0.00036991653758120825,7.16346472341835
ymTdEkEvQVs,Andrea Bocelli - Carmen,"Andrea Bocelli sings Carmen.
Subscribe to Andrea's YouTube:
https://www.youtube.com/c/AndreaBocelli?sub_confirmation=1
Listen to the Essentials playlist: https://andreabocelli.lnk.to/EssentialsID

Follow Andrea:
Facebook: https://www.facebook.com/AndreaBocelli
Instagram: https://www.instagram.com/AndreaBocelli
Twitter: https://twitter.com/AndreaBocelli
YouTube: https://www.youtube.com/AndreaBocelli
TikTok: https://www.tiktok.com/@andreabocelliof

#AndreaBocelli #Bocelli",2010-02-26 09:02:16+00:00,569,105704,482,38,False,PT2M44S,164,sd,false,False,Carmen|bocelli|andrea bocelli,10,en,none,2010,6038,False,False,2.7333333333333334,0.004559903125709528,0.00035949443729660184,17.50645909241471
0GjYG-xrxis,Andrea Bocelli - Butterfly,"Subscribe to Andrea's YouTube:
https://www.youtube.com/c/AndreaBocelli?sub_confirmation=1
Listen to the Essentials playlist: https://andreabocelli.lnk.to/EssentialsID

Follow Andrea:
Facebook: https://www.facebook.com/AndreaBocelli
Instagram: https://www.instagram.com/AndreaBocelli
Twitter: https://twitter.com/AndreaBocelli
YouTube: https://www.youtube.com/AndreaBocelli
TikTok: https://www.tiktok.com/@andreabocelliof

#AndreaBocelli #Bocelli",2010-02-26 08:57:08+00:00,570,30838,183,7,False,PT1M36S,96,sd,false,False,Butterfly|Andrea|Bocelli|Andrea Bocelli,10,it,none,2010,6038,False,False,1.6,0.00593423698034892,0.00022699267137946688,5.1073203047366675
n9Jr8gR8j8k,Andrea Bocelli for Haiti (NPH),"Andrea Bocelli for Haiti.
Subscribe to Andrea's YouTube:
https://www.youtube.com/c/AndreaBocelli?sub_confirmation=1
Listen to the Essentials playlist: https://andreabocelli.lnk.to/EssentialsID

Follow Andrea:
Facebook: https://www.facebook.com/AndreaBocelli
Instagram: https://www.instagram.com/AndreaBocelli
Twitter: https://twitter.com/AndreaBocelli
YouTube: https://www.youtube.com/AndreaBocelli
TikTok: https://www.tiktok.com/@andreabocelliof

#AndreaBocelli #Bocelli",2010-01-18 18:17:27+00:00,571,96813,183,25,False,PT2M50S,170,sd,false,False,Haiti|Andrea Bocelli|NPH|Fondazione Francesca Rava,10,en,none,2010,6077,False,False,2.8333333333333335,0.001890242012952806,0.00025822978319027404,15.931051505677143
gV25_n3aBJA,The Christmas Song (Taken from Andrea Bocelli & David Foster: My Christmas),"Listen to Andrea Bocelli’s Christmas album 'My Christmas'  featuring 'The Christmas Song' here: https://andreabocelli.lnk.to/MyChristmasFiresideID
And listen to the new Christmas album 'A Family Christmas' here: https://AndreaBocelli.lnk.to/FamilyChristmasDeluxeID

Music video by Andrea Bocelli, David Foster performing The Christmas Song. (C) 2009 Sugar S.R.L. Under exclusive license to Universal International Music B.V.

Watch the Music for Hope full event here: https://andreabocelli.lnk.to/LiveFromDuomoID
Listen to the Music for Hope full event here: https://andreabocelli.lnk.to/MusicForHope1ID",2009-12-25 07:54:49+00:00,572,3223514,15762,373,False,PT6M5S,365,sd,false,True,Andrea|Bocelli|David|Foster|Decca|Pop,10,en-US,none,2009,6101,False,False,6.083333333333333,0.004889694910585157,0.00011571223205483209,528.3583019177184
PcqPzfuJYng,Andrea Bocelli - Canto Della Terra (Official Music Video),"Andrea Bocelli - Canto Della Terra (Official Music Video)

Subscribe to Andrea Bocelli’s YouTube channel & ring the bell to never miss a new video: https://AndreaBocelli.lnk.to/YTSignUpID

Sign up for Andrea Bocelli’s Email List: https://AndreaBocelli.lnk.to/MailingListSignUpID

Follow Andrea Bocelli: 
Instagram: https://www.instagram.com/andreabocelliofficial
Facebook: https://www.facebook.com/andreabocelli/YouTube
YouTube: https://www.youtube.com/channel/UCb4JB8-ZAeceuR7EPCPOPzg
TikTok:  https://www.tiktok.com/@andreabocelliof?lang=en
X: https://x.com/AndreaBocelliWebsite
Website: https://www.andreabocelli.com/
#AndreaBocelli #Bocelli #CantoDellaTerra #OfficialMusicVideo

Music video by Andrea Bocelli performing Canto Della Terra. (C) 1999 Sugar Music Under Exclusive License to Universal Music B.V.

Watch the Music for Hope full event here: https://andreabocelli.lnk.to/LiveFromDuomoID
Listen to the Music for Hope full event here: https://andreabocelli.lnk.to/MusicForHope1ID",2009-12-23 15:53:28+00:00,573,1767306,14312,567,False,PT4M12S,252,sd,false,True,Andrea|Bocelli|Polydor|Pop|Canto Della Terra (Official Music Video)|Canto Della Terra|(Official Music Video)|andrea bocelli|classical|classical pop|opera,10,en-US,none,2009,6103,False,False,4.2,0.008098201443326736,0.00032082729306639595,289.57987874815666
lDSJSe8Ep_4,Andrea Bocelli - Dell'amore non si sa (Live),Music video by Andrea Bocelli performing Dell'amore non si sa (Live).© 2004 Sugar s.r.l.,2009-12-23 15:47:24+00:00,574,558408,2437,92,False,PT4M12S,252,sd,false,True,Andrea|Bocelli|Universal|Music|Pop,10,en-US,none,2009,6103,False,False,4.2,0.004364192490078939,0.00016475408661767023,91.49729641160086
55gxqsU20UM,"Andrea Bocelli, Laura Pausini - Dare To Live (Live)","Music video by Andrea Bocelli, Laura Pausini performing Dare To Live (Live).© 2008 Sugar s.r.l.",2009-12-23 15:46:42+00:00,575,1511934,9284,175,False,PT4M16S,256,sd,false,True,Andrea|Bocelli|Laura|Pausini|Universal|Music|Classical|Dare|Live|(Live),10,en-US,none,2009,6103,False,False,4.266666666666667,0.0061404796770229385,0.00011574579313647289,247.73619531378012
CrRASA70W-o,Andrea Bocelli - White Christmas,"Listen to Andrea Bocelli’s Christmas album 'My Christmas'  featuring 'White Christmas' here: https://andreabocelli.lnk.to/MyChristmasFiresideID
And listen to the new Christmas album 'A Family Christmas' here: https://AndreaBocelli.lnk.to/FamilyChristmasDeluxeID

Music video by Andrea Bocelli performing Andrea Bocelli & David Foster: The Performances \ White Christmas (Bianco Natale). (C) 2009 Sugar Srl

Watch the Music for Hope full event here: https://andreabocelli.lnk.to/LiveFromDuomoID
Listen to the Music for Hope full event here: https://andreabocelli.lnk.to/MusicForHope1ID

Facebook: http://po.st/BocelliFB
Twitter: http://po.st/BocelliTw
Official Website: http://www.andreabocelli.com",2009-12-03 07:35:41+00:00,576,149195,725,41,False,PT3M6S,186,sd,false,True,Andrea|Bocelli|Universal|Music|Pop|Christmas|Christmas Music|Christmas Songs|Xmas|Xmas Music|Xmas Songs|Top Christmas songs|Christmas Classics|Winter|Santa|Rudolph|Holly|Snow|Noel|Navidad|December|Holiday Music|Festive,10,en-US,none,2009,6124,False,False,3.1,0.004859412178692316,0.0002748081370019102,24.362344872632267
zEUThBIKPXI,Franck: Panis Angelicus,"Music video by Andrea Bocelli, Coro dell'Accademia Nazionale di Santa Cecilia, Norbert Balatsch, Orchestra dell'Accademia Nazionale di Santa Cecilia, Myung-Whun Chung performing Franck: Panis Angelicus.© 1999 Sugar s.r.l.",2009-12-01 07:48:48+00:00,577,1813884,9591,220,False,PT4M14S,254,sd,false,True,Andrea|Bocelli|Coro|dell'Accademia|Nazionale|Santa|Cecilia|Norbert|Balatsch|Orchestra|Myung-Whun|Chung|Philips|Classical|Franck:|Panis|Angelicus|(Stereo),10,en-US,none,2009,6125,False,False,4.233333333333333,0.005287548707635108,0.00012128669749553995,296.14432653061226
kAufwdN7m2k,Andrea Bocelli - Tu Scendi Dalle Stelle,"Andrea Bocelli sings Tu Scendi Dalle Stelle.
Subscribe to Andrea's YouTube:
https://www.youtube.com/c/AndreaBocelli?sub_confirmation=1
Listen to the Essentials playlist: https://andreabocelli.lnk.to/EssentialsID

Follow Andrea:
Facebook: https://www.facebook.com/AndreaBocelli
Instagram: https://www.instagram.com/AndreaBocelli
Twitter: https://twitter.com/AndreaBocelli
YouTube: https://www.youtube.com/AndreaBocelli
TikTok: https://www.tiktok.com/@andreabocelliof

#AndreaBocelli #Bocelli",2009-11-27 18:38:04+00:00,578,898724,3191,127,False,PT2M28S,148,sd,false,False,Andrea Bocelli|My Christmas|tu scendi dalle stelle|bocelli|christmas|scendi|dalle|stelle,10,it,none,2009,6129,False,False,2.466666666666667,0.0035505895024501404,0.00014131145935793413,146.6346875509871
LZjRuMxWWxQ,Andrea Bocelli - White Christmas,"Andrea Bocelli sings White Christmas.
Subscribe to Andrea's YouTube:
https://www.youtube.com/c/AndreaBocelli?sub_confirmation=1
Listen to the Essentials playlist: https://andreabocelli.lnk.to/EssentialsID

Follow Andrea:
Facebook: https://www.facebook.com/AndreaBocelli
Instagram: https://www.instagram.com/AndreaBocelli
Twitter: https://twitter.com/AndreaBocelli
YouTube: https://www.youtube.com/AndreaBocelli
TikTok: https://www.tiktok.com/@andreabocelliof

#AndreaBocelli #Bocelli #WhiteChristmas #BingCrosby",2009-11-27 18:31:44+00:00,579,1600407,5263,252,False,PT2M59S,179,sd,false,False,Andrea Bocelli|White Christmas|andrea|bocelli|white|christmas,10,en,none,2009,6129,False,False,2.9833333333333334,0.0032885384780246526,0.00015745994612620414,261.1204111600587
TW-dMO4d1f0,Andrea Bocelli - Caro Gesù Bambino,"Andrea Bocelli sings Caro Gesù Bambino.
Subscribe to Andrea's YouTube:
https://www.youtube.com/c/AndreaBocelli?sub_confirmation=1
Listen to the Essentials playlist: https://andreabocelli.lnk.to/EssentialsID

Follow Andrea:
Facebook: https://www.facebook.com/AndreaBocelli
Instagram: https://www.instagram.com/AndreaBocelli
Twitter: https://twitter.com/AndreaBocelli
YouTube: https://www.youtube.com/AndreaBocelli
TikTok: https://www.tiktok.com/@andreabocelliof

#AndreaBocelli #Bocelli",2009-11-27 18:25:26+00:00,580,293360,814,45,False,PT1M46S,106,sd,false,False,Andrea Bocelli|My Christmas|caro gesù bambino|bocelli|christmas|caro|gesù|bambino,10,it,none,2009,6129,False,False,1.7666666666666666,0.0027747477502045267,0.00015339514589582766,47.864251917115354
NQ3-yHigHSs,Andrea Bocelli: USA Tour 2009,"Subscribe to Andrea's YouTube:
https://www.youtube.com/c/AndreaBocelli?sub_confirmation=1
Listen to the Essentials playlist: https://andreabocelli.lnk.to/EssentialsID

Follow Andrea:
Facebook: https://www.facebook.com/AndreaBocelli
Instagram: https://www.instagram.com/AndreaBocelli
Twitter: https://twitter.com/AndreaBocelli
YouTube: https://www.youtube.com/AndreaBocelli
TikTok: https://www.tiktok.com/@andreabocelliof

#AndreaBocelli #Bocelli",2009-11-11 22:16:44+00:00,581,43469,42,5,False,PT31S,31,sd,false,False,Concert|Andrea Bocelli|bocelli,10,it,none,2009,6145,False,True,0.5166666666666667,0.000966205801835791,0.00011502450021854654,7.073881204231082
cbrxofJE9gs,Andrea Bocelli - Omaggio a Roma,"Andrea Bocelli sings Omaggio a Roma (è il tributo del Maestro Franco Zeffirelli alla Città Eterna).
Comune di Roma - Assesorato al turismo con il contributo ATLazio e Regione Lazio.
Subscribe to Andrea's YouTube:
https://www.youtube.com/c/AndreaBocelli?sub_confirmation=1
Listen to the Essentials playlist: https://andreabocelli.lnk.to/EssentialsID

Follow Andrea:
Facebook: https://www.facebook.com/AndreaBocelli
Instagram: https://www.instagram.com/AndreaBocelli
Twitter: https://twitter.com/AndreaBocelli
YouTube: https://www.youtube.com/AndreaBocelli
TikTok: https://www.tiktok.com/@andreabocelliof

#AndreaBocelli #Bocelli",2009-11-08 11:57:51+00:00,582,340533,2171,121,False,PT3M18S,198,sd,false,False,Andrea Bocelli|Bellucci|Zeffurelli|Classica|Colosseo|Roma,10,it,none,2009,6148,False,False,3.3,0.0063752998975136034,0.00035532532823544265,55.389232270657125
hPjS50IkGqQ,Andre Bocelli - The Making of My Christmas,"Andrea Bocelli discusses the making of My Christmas.
Subscribe to Andrea's YouTube:
https://www.youtube.com/c/AndreaBocelli?sub_confirmation=1
Listen to the Essentials playlist: https://andreabocelli.lnk.to/EssentialsID

Follow Andrea:
Facebook: https://www.facebook.com/AndreaBocelli
Instagram: https://www.instagram.com/AndreaBocelli
Twitter: https://twitter.com/AndreaBocelli
YouTube: https://www.youtube.com/AndreaBocelli
TikTok: https://www.tiktok.com/@andreabocelliof

#AndreaBocelli #Bocelli",2009-11-05 18:19:33+00:00,583,97690,128,0,False,PT1M18S,78,sd,false,False,Andrea Bocelli|My Christmas|PBS|Natale|CD|bocelli|christmas,10,en,none,2009,6151,False,False,1.3,0.0013102671716654724,0.0,15.881970411315233
IUBCBB5tL4I,Disney's A Christmas Carol (Official Trailer),"Disney's A Christmas Carol, based on the classic Dickens tale, is re-envisioned by Academy Award®-winning filmmaker Robert Zemeckis in a groundbreaking 3D motion picture event starring JIM CARREY, GARY OLDMAN, COLIN FIRTH, BOB HOSKINS and ROBIN WRIGHT PENN.

Subscribe to Andrea's YouTube:
https://www.youtube.com/c/AndreaBocelli?sub_confirmation=1
Listen to the Essentials playlist: https://andreabocelli.lnk.to/EssentialsID

Follow Andrea:
Facebook: https://www.facebook.com/AndreaBocelli
Instagram: https://www.instagram.com/AndreaBocelli
Twitter: https://twitter.com/AndreaBocelli
YouTube: https://www.youtube.com/AndreaBocelli
TikTok: https://www.tiktok.com/@andreabocelliof

#AndreaBocelli #Bocelli",2009-10-29 17:34:01+00:00,584,49548,68,0,False,PT2M18S,138,hd,false,False,Disney|A Christmas Carol,10,en,none,2009,6158,False,False,2.3,0.0013724065552595463,0.0,8.04611886976291
_z24YNcKouk,Andrea Bocelli - My Christmas (Official Trailer),"Andrea Bocelli's My Christmas: Thirteen Great Performances With Andrea Bocelli and David Foster

Subscribe to Andrea's YouTube:
https://www.youtube.com/c/AndreaBocelli?sub_confirmation=1
Listen to the Essentials playlist: https://andreabocelli.lnk.to/EssentialsID

Follow Andrea:
Facebook: https://www.facebook.com/AndreaBocelli
Instagram: https://www.instagram.com/AndreaBocelli
Twitter: https://twitter.com/AndreaBocelli
YouTube: https://www.youtube.com/AndreaBocelli
TikTok: https://www.tiktok.com/@andreabocelliof

#AndreaBocelli #Bocelli",2009-10-22 17:33:23+00:00,585,592879,777,33,False,PT1M47S,107,sd,false,False,Andrea Bocelli|My Christmas|PBS|Natale|CD,10,en,none,2009,6165,False,False,1.7833333333333334,0.0013105540928250116,5.56605985369696e-05,96.16853203568532
FZXJctVdBcw,Andrea Bocelli,"Subscribe to Andrea's YouTube:
https://www.youtube.com/c/AndreaBocelli?sub_confirmation=1
Listen to the Essentials playlist: https://andreabocelli.lnk.to/EssentialsID

Follow Andrea:
Facebook: https://www.facebook.com/AndreaBocelli
Instagram: https://www.instagram.com/AndreaBocelli
Twitter: https://twitter.com/AndreaBocelli
YouTube: https://www.youtube.com/AndreaBocelli
TikTok: https://www.tiktok.com/@andreabocelliof

#AndreaBocelli #Bocelli",2009-07-29 15:06:07+00:00,586,227579,291,17,False,PT2M1S,121,sd,false,False,Andrea|Bocelli,10,en,none,2009,6250,False,False,2.0166666666666666,0.0012786768550701075,7.469933517591694e-05,36.41264
MY6hwBsfoLw,Andrea Bocelli - Faust 2° Parte,"Andrea Bocelli - Faust 2° parte
Subscribe to Andrea's YouTube:
https://www.youtube.com/c/AndreaBocelli?sub_confirmation=1
Listen to the Essentials playlist: https://andreabocelli.lnk.to/EssentialsID

Follow Andrea:
Facebook: https://www.facebook.com/AndreaBocelli
Instagram: https://www.instagram.com/AndreaBocelli
Twitter: https://twitter.com/AndreaBocelli
YouTube: https://www.youtube.com/AndreaBocelli
TikTok: https://www.tiktok.com/@andreabocelliof

#AndreaBocelli #Bocelli",2009-02-05 01:34:50+00:00,587,42618,180,20,False,PT7M7S,427,sd,false,False,Andrea|Bocelli|Faust|Andrea Bocelli|Classical Music,10,it,none,2009,6425,False,False,7.116666666666666,0.0042235675066873155,0.0004692852785208128,6.633151750972763
iUGrr6z0K94,Andrea Bocelli (Home Session),"Subscribe to Andrea's YouTube:
https://www.youtube.com/c/AndreaBocelli?sub_confirmation=1
Listen to the Essentials playlist: https://andreabocelli.lnk.to/EssentialsID

Follow Andrea:
Facebook: https://www.facebook.com/AndreaBocelli
Instagram: https://www.instagram.com/AndreaBocelli
Twitter: https://twitter.com/AndreaBocelli
YouTube: https://www.youtube.com/AndreaBocelli
TikTok: https://www.tiktok.com/@andreabocelliof

#AndreaBocelli #Bocelli",2009-02-04 16:44:53+00:00,588,59103,346,42,False,PT8M35S,515,sd,false,False,Andrea Bocelli|Faust,10,it,none,2009,6425,False,False,8.583333333333334,0.005854186758709372,0.0007106238262017156,9.198910505836576
QzOtYYUyG9Q,Andrea Bocelli: Corriere / TV Sorrisi e Canzoni,"In edicola con il Corriere della Sera e Tv Sorrisi e Canzoni l'esclusiva raccolta dedicata ad Andrea Bocelli. Da Lunedì 12 gennaio con il Corriere della Sera e Tv Sorrisi e Canzoni l'esclusiva raccolta delle migliori interpretazioni di Andrea Bocelli: 10 CD ed un DVD live. Un' imperdibile collezione dedicata alla voce italiana più amata nel mondo.

Subscribe to Andrea's YouTube:
https://www.youtube.com/c/AndreaBocelli?sub_confirmation=1
Listen to the Essentials playlist: https://andreabocelli.lnk.to/EssentialsID

Follow Andrea:
Facebook: https://www.facebook.com/AndreaBocelli
Instagram: https://www.instagram.com/AndreaBocelli
Twitter: https://twitter.com/AndreaBocelli
YouTube: https://www.youtube.com/AndreaBocelli
TikTok: https://www.tiktok.com/@andreabocelliof

#AndreaBocelli #Bocelli",2009-01-09 14:04:45+00:00,589,38826,33,3,False,PT11S,11,sd,false,False,Bocelli|incanto,10,it,none,2009,6451,False,True,0.18333333333333332,0.0008499459125328389,7.726781023025808e-05,6.018601767167881
l0qY0xfMw3Y,Andrea Bocelli for Fondazione Francesca Rava (NPH Italia),"Andrea Bocelli Video for Fondazione Francesca Rava (NPH Italia)
Subscribe to Andrea's YouTube:
https://www.youtube.com/c/AndreaBocelli?sub_confirmation=1
Listen to the Essentials playlist: https://andreabocelli.lnk.to/EssentialsID

Follow Andrea:
Facebook: https://www.facebook.com/AndreaBocelli
Instagram: https://www.instagram.com/AndreaBocelli
Twitter: https://twitter.com/AndreaBocelli
YouTube: https://www.youtube.com/AndreaBocelli
TikTok: https://www.tiktok.com/@andreabocelliof

#AndreaBocelli #Bocelli",2008-12-12 21:07:03+00:00,590,93832,216,13,False,PT3M53S,233,sd,false,False,Andrea Bocelli|Incanto|Classica|NPH|Rava,10,en,none,2008,6479,False,False,3.8833333333333333,0.002301986529115867,0.00013854548554864012,14.48248186448526
iwY6H43hp5I,Andrea Bocelli: Incanto (USA TV Spot),"Subscribe to Andrea's YouTube:
https://www.youtube.com/c/AndreaBocelli?sub_confirmation=1
Listen to the Essentials playlist: https://andreabocelli.lnk.to/EssentialsID

Follow Andrea:
Facebook: https://www.facebook.com/AndreaBocelli
Instagram: https://www.instagram.com/AndreaBocelli
Twitter: https://twitter.com/AndreaBocelli
YouTube: https://www.youtube.com/AndreaBocelli
TikTok: https://www.tiktok.com/@andreabocelliof

#AndreaBocelli #Bocelli",2008-11-19 21:10:14+00:00,591,44123,85,10,False,PT2M1S,121,sd,false,False,Andrea|Bocelli|Incanto|Classica|Andrea Bocelli,10,en,none,2008,6502,False,False,2.0166666666666666,0.0019264329261382952,0.0002266391677809759,6.7860658258997235
43nxmVpQCEI,Andrea Bocelli - TV Spot,"Subscribe to Andrea's YouTube:
https://www.youtube.com/c/AndreaBocelli?sub_confirmation=1
Listen to the Essentials playlist: https://andreabocelli.lnk.to/EssentialsID

Follow Andrea:
Facebook: https://www.facebook.com/AndreaBocelli
Instagram: https://www.instagram.com/AndreaBocelli
Twitter: https://twitter.com/AndreaBocelli
YouTube: https://www.youtube.com/AndreaBocelli
TikTok: https://www.tiktok.com/@andreabocelliof

#AndreaBocelli #Bocelli",2008-10-27 18:14:51+00:00,592,9606,50,1,False,PT11S,11,sd,false,False,Bocelli|Incanto,10,en,none,2008,6525,False,True,0.18333333333333332,0.005205080158234437,0.00010410160316468874,1.472183908045977
UyGy1QQv3G0,Andrea Bocelli - Lajatico (2008),"Subscribe to Andrea's YouTube:
https://www.youtube.com/c/AndreaBocelli?sub_confirmation=1
Listen to the Essentials playlist: https://andreabocelli.lnk.to/EssentialsID

Follow Andrea:
Facebook: https://www.facebook.com/AndreaBocelli
Instagram: https://www.instagram.com/AndreaBocelli
Twitter: https://twitter.com/AndreaBocelli
YouTube: https://www.youtube.com/AndreaBocelli
TikTok: https://www.tiktok.com/@andreabocelliof

#AndreaBocelli #Bocelli",2008-07-15 19:00:44+00:00,593,359763,2031,124,False,PT9M50S,590,sd,false,False,Class|bocelli|andrea bocelli|lajatico,10,en,none,2008,6629,False,False,9.833333333333334,0.005645383210613654,0.00034467135308522556,54.27108161110273
tWGjrFMC9lA,Andrea Bocelli - Canto Della Terra,"The Best of Andrea Bocelli: Vivere is available to order now: https://SugarMusic.lnk.to/Vivereyo

Subscribe to Andrea's YouTube:
https://www.youtube.com/c/AndreaBocelli?sub_confirmation=1
Listen to the Essentials playlist: https://andreabocelli.lnk.to/EssentialsID

Follow Andrea:
Facebook: https://www.facebook.com/AndreaBocelli
Instagram: https://www.instagram.com/AndreaBocelli
Twitter: https://twitter.com/AndreaBocelli
YouTube: https://www.youtube.com/AndreaBocelli
TikTok: https://www.tiktok.com/@andreabocelliof

#AndreaBocelli #Bocelli",2007-10-16 13:24:55+00:00,594,4789082,28195,1137,False,PT4M8S,248,sd,false,False,canto|della|terra|andrea|bocelli|andrea bocelli|canto della terra,10,it,none,2007,6902,False,False,4.133333333333334,0.005887349600612393,0.00023741502024813942,693.8687337003767
nVUHHW1tJYA,Andrea Bocelli - Con Te Partirò / Time To Say Goodbye (Official Music Video),"Andrea Bocelli - Con Te Partirò / Time To Say Goodbye (Official Music Video)
Stream Andrea Bocelli: https://AndreaBocelli.lnk.to/streamID
Subscribe to Andrea Bocelli’s YouTube channel & ring the bell to never miss a new video: https://AndreaBocelli.lnk.to/YTSignUpID

Sign up for Andrea Bocelli’s Email List: https://AndreaBocelli.lnk.to/MailingListSignUpID

Follow Andrea Bocelli: 
Instagram: https://www.instagram.com/andreabocelliofficial
Facebook: https://www.facebook.com/andreabocelli/YouTube
YouTube: https://www.youtube.com/channel/UCb4JB8-ZAeceuR7EPCPOPzg
TikTok:  https://www.tiktok.com/@andreabocelliof?lang=en
X: https://x.com/AndreaBocelliWebsite
Website: https://www.andreabocelli.com/

#AndreaBocelli #Bocelli #ConTePartiro #TimeToSayGoodbye",2007-10-16 13:18:08+00:00,595,17404399,183669,5739,False,PT4M1S,241,sd,false,False,andrea bocelli|con te partirò|andrea|bocelli|andrea bocelli por ti volare|andrea bocelli conte te partiro|andrea bocelli con te partiro|con te partiro|andrea bocelli time to say goodbye|time to say goodbye andrea bocelli|con te partirò andrea bocelli|por ti volare andrea bocelli|time to say goodbye|Andrea bocelli music videos|time to say goodbye music video,10,it,none,2007,6902,False,False,4.016666666666667,0.010553021681472598,0.000329744221561457,2521.6457548536655
